origem_linha,particao
30018,treino
24725,treino
13354,treino
30534,treino
25103,treino
29152,treino
20368,treino
5845,treino
30479,treino
30173,treino
1425,treino
2814,treino
7016,treino
29754,treino
14137,treino
15262,treino
20473,treino
27305,treino
23022,treino
22925,treino
18694,treino
22363,treino
25817,treino
3378,treino
1990,treino
32164,treino
10320,treino
13070,treino
22005,treino
8290,treino
23288,treino
7317,treino
3093,treino
21142,treino
8769,treino
5185,treino
27310,treino
11787,treino
17285,treino
7919,treino
12574,treino
1344,treino
28001,treino
236,treino
3243,treino
21598,treino
21279,treino
5770,treino
14368,treino
9615,treino
8254,treino
16039,treino
1938,treino
15661,treino
30579,treino
9477,treino
970,treino
28379,treino
18700,treino
19289,treino
15413,treino
3277,treino
21954,treino
5850,treino
30278,treino
12841,treino
19917,treino
19416,treino
4515,treino
15987,treino
5443,treino
24237,treino
14278,treino
8124,treino
15071,treino
8439,treino
8189,treino
1923,treino
17748,treino
4421,treino
26214,treino
22948,treino
149,treino
24423,treino
9380,treino
19571,treino
10823,treino
9958,treino
27309,treino
26578,treino
15394,treino
6432,treino
1937,treino
22587,treino
19110,treino
9982,treino
27930,treino
20919,treino
18206,treino
20682,treino
14234,treino
30983,treino
4481,treino
25195,treino
19367,treino
27017,treino
23185,treino
18085,treino
27917,treino
5438,treino
3558,treino
25861,treino
16493,treino
26311,treino
9348,treino
12124,treino
10700,treino
17170,treino
1491,treino
28687,treino
8485,treino
8537,treino
11214,treino
24748,treino
22364,treino
24881,treino
26764,treino
10176,treino
18050,treino
5516,treino
10087,treino
21760,treino
21278,treino
3423,treino
9235,treino
15780,treino
31466,treino
3238,treino
19656,treino
6079,treino
5006,treino
30711,treino
13754,treino
8484,treino
28976,treino
27643,treino
22234,treino
9991,treino
6809,treino
12982,treino
15704,treino
29906,treino
23591,treino
9834,treino
4422,treino
25509,treino
20376,treino
9857,treino
26098,treino
26308,treino
18645,treino
2598,treino
29446,treino
13050,treino
1924,treino
12965,treino
24215,treino
9433,treino
30325,treino
15602,treino
10929,treino
25726,treino
26661,treino
25200,treino
2863,treino
18463,treino
4996,treino
27938,treino
14195,treino
8311,treino
10613,treino
6791,treino
2399,treino
1986,treino
17382,treino
18783,treino
29974,treino
9482,treino
23219,treino
19220,treino
10221,treino
22615,treino
11295,treino
8983,treino
10938,treino
6751,treino
14540,treino
13280,treino
11969,treino
15528,treino
17209,treino
31430,treino
2181,treino
1789,treino
6108,treino
20995,treino
14411,treino
23266,treino
16328,treino
19585,treino
6852,treino
24266,treino
18195,treino
31264,treino
31453,treino
23102,treino
32020,treino
27298,treino
20616,treino
11305,treino
2485,treino
12332,treino
15301,treino
20475,treino
129,treino
8763,treino
12620,treino
5853,treino
17941,treino
15230,treino
27474,treino
30296,treino
20007,treino
12281,treino
27711,treino
400,treino
22622,treino
5794,treino
13223,treino
17877,treino
174,treino
8660,treino
20727,treino
11807,treino
16224,treino
28608,treino
27728,treino
30519,treino
31497,treino
31597,treino
28127,treino
24455,treino
1479,treino
14819,treino
12090,treino
11350,treino
16249,treino
31059,treino
21636,treino
14751,treino
15612,treino
10254,treino
26847,treino
16103,treino
13340,treino
8750,treino
11424,treino
22971,treino
29088,treino
3106,treino
10399,treino
19840,treino
27514,treino
30916,treino
23371,treino
22538,treino
31531,treino
15891,treino
24591,treino
14594,treino
2137,treino
28489,treino
1859,treino
20477,treino
193,treino
21040,treino
12458,treino
26366,treino
2434,treino
26481,treino
1715,treino
20409,treino
22901,treino
21897,treino
12575,treino
23062,treino
14815,treino
977,treino
7192,treino
7909,treino
31474,treino
24095,treino
22384,treino
2091,treino
10340,treino
13320,treino
14698,treino
16716,treino
73,treino
2281,treino
12095,treino
27693,treino
14186,treino
16987,treino
19327,treino
30206,treino
30199,treino
14421,treino
12246,treino
14887,treino
17163,treino
15706,treino
28439,treino
31,treino
32338,treino
27550,treino
22452,treino
4913,treino
3206,treino
12754,treino
23372,treino
22019,treino
18125,treino
28190,treino
7320,treino
25351,treino
5149,treino
27098,treino
16367,treino
23417,treino
16228,treino
25133,treino
11717,treino
6640,treino
4850,treino
25731,treino
5068,treino
9511,treino
12373,treino
11201,treino
28228,treino
9953,treino
811,treino
1279,treino
27920,treino
18121,treino
23616,treino
2970,treino
16237,treino
4559,treino
11636,treino
2720,treino
32374,treino
11445,treino
1188,treino
28634,treino
14534,treino
19870,treino
15002,treino
12262,treino
1212,treino
29050,treino
12421,treino
14189,treino
12651,treino
25654,treino
25532,treino
21388,treino
16009,treino
6661,treino
19508,treino
14030,treino
23508,treino
28839,treino
30910,treino
29451,treino
9070,treino
12572,treino
12947,treino
32006,treino
15118,treino
15905,treino
32336,treino
25495,treino
28082,treino
11433,treino
1750,treino
27284,treino
6939,treino
21086,treino
23475,treino
10998,treino
32170,treino
22481,treino
5510,treino
17944,treino
1242,treino
23274,treino
24849,treino
8990,treino
24265,treino
4532,treino
2630,treino
8451,treino
566,treino
21727,treino
10966,treino
26287,treino
31965,treino
29223,treino
18739,treino
10972,treino
16430,treino
23306,treino
25658,treino
12934,treino
18032,treino
16211,treino
26647,treino
20044,treino
27907,treino
28548,treino
6421,treino
8845,treino
1701,treino
17286,treino
27958,treino
23852,treino
8103,treino
18830,treino
11866,treino
4170,treino
31117,treino
28897,treino
32447,treino
5684,treino
2258,treino
25516,treino
26171,treino
19580,treino
9525,treino
9308,treino
15553,treino
21618,treino
31749,treino
7559,treino
21484,treino
32150,treino
16315,treino
1420,treino
10497,treino
30221,treino
15875,treino
17472,treino
32396,treino
7476,treino
27414,treino
10591,treino
10997,treino
22503,treino
3109,treino
17956,treino
1539,treino
8932,treino
25821,treino
1297,treino
28537,treino
17513,treino
31392,treino
23652,treino
19031,treino
31507,treino
32485,treino
22137,treino
10640,treino
21357,treino
22405,treino
10351,treino
13919,treino
31148,treino
30039,treino
23389,treino
3793,treino
18719,treino
30719,treino
7303,treino
9022,treino
31622,treino
18094,treino
28760,treino
16198,treino
8670,treino
4033,treino
12670,treino
17414,treino
16213,treino
22237,treino
16002,treino
28822,treino
31553,treino
26685,treino
2660,treino
19879,treino
20375,treino
7940,treino
21080,treino
17329,treino
20176,treino
30547,treino
25624,treino
1045,treino
27682,treino
21879,treino
2856,treino
22432,treino
15897,treino
32312,treino
3607,treino
31863,treino
3152,treino
29541,treino
23187,treino
12240,treino
29482,treino
28568,treino
8464,treino
3609,treino
2482,treino
32017,treino
249,treino
2289,treino
26979,treino
3538,treino
20059,treino
12927,treino
2463,treino
11646,treino
984,treino
3572,treino
22272,treino
27341,treino
30084,treino
32236,treino
30407,treino
20405,treino
14329,treino
20621,treino
19190,treino
27515,treino
22541,treino
18588,treino
3424,treino
2971,treino
717,treino
31769,treino
16202,treino
13589,treino
26529,treino
13018,treino
16972,treino
25677,treino
819,treino
8160,treino
24632,treino
29965,treino
10826,treino
5391,treino
16820,treino
31481,treino
21323,treino
3259,treino
17640,treino
28626,treino
12400,treino
23460,treino
21436,treino
22923,treino
10178,treino
14853,treino
28020,treino
16869,treino
7910,treino
32165,treino
16986,treino
21344,treino
5707,treino
11293,treino
20168,treino
12161,treino
29758,treino
14225,treino
12539,treino
17774,treino
3827,treino
17608,treino
30314,treino
29687,treino
25415,treino
2432,treino
12579,treino
27590,treino
12666,treino
19775,treino
16191,treino
16551,treino
28232,treino
22109,treino
7089,treino
14963,treino
23347,treino
28458,treino
23724,treino
2030,treino
27433,treino
1022,treino
9343,treino
29039,treino
23629,treino
18301,treino
10192,treino
25596,treino
20916,treino
31513,treino
16,treino
13960,treino
28860,treino
25496,treino
20577,treino
25455,treino
10655,treino
12325,treino
25157,treino
580,treino
10436,treino
19274,treino
30949,treino
12314,treino
7145,treino
4027,treino
14686,treino
6507,treino
5671,treino
15049,treino
7057,treino
29038,treino
20619,treino
12545,treino
19978,treino
11557,treino
17038,treino
19574,treino
1472,treino
27269,treino
4469,treino
29835,treino
27941,treino
17428,treino
26180,treino
16024,treino
22075,treino
24544,treino
4706,treino
11081,treino
10773,treino
27145,treino
28802,treino
16240,treino
25815,treino
4164,treino
14816,treino
21041,treino
32409,treino
27148,treino
11037,treino
9013,treino
26402,treino
23558,treino
7529,treino
14719,treino
20180,treino
9412,treino
8300,treino
27438,treino
28872,treino
3806,treino
5301,treino
29405,treino
17072,treino
26794,treino
28039,treino
4809,treino
16665,treino
1330,treino
21898,treino
5355,treino
11429,treino
2922,treino
9723,treino
294,treino
26292,treino
10062,treino
32479,treino
7367,treino
3562,treino
3741,treino
1236,treino
1038,treino
12904,treino
29674,treino
9379,treino
120,treino
12220,treino
24890,treino
30602,treino
3625,treino
22466,treino
7912,treino
20865,treino
8361,treino
19604,treino
18008,treino
32192,treino
6103,treino
1219,treino
7906,treino
8854,treino
18196,treino
27322,treino
24946,treino
18302,treino
3754,treino
8979,treino
22896,treino
4475,treino
21649,treino
840,treino
7787,treino
18782,treino
5052,treino
15925,treino
15197,treino
4773,treino
17952,treino
17196,treino
19500,treino
11417,treino
12816,treino
16638,treino
25417,treino
24624,treino
10398,treino
11668,treino
10339,treino
14506,treino
4580,treino
29255,treino
14107,treino
14122,treino
2529,treino
1857,treino
8716,treino
6288,treino
2108,treino
11694,treino
20073,treino
2972,treino
19467,treino
19623,treino
9131,treino
16714,treino
2889,treino
30805,treino
13786,treino
29410,treino
8179,treino
515,treino
8966,treino
9117,treino
31927,treino
13438,treino
2622,treino
25310,treino
23238,treino
30339,treino
16180,treino
30133,treino
5430,treino
11856,treino
8468,treino
2024,treino
14194,treino
28746,treino
5221,treino
10837,treino
16858,treino
19023,treino
12993,treino
7300,treino
18611,treino
4199,treino
24744,treino
18962,treino
29458,treino
21045,treino
16830,treino
4569,treino
21540,treino
21745,treino
24993,treino
23299,treino
9265,treino
3050,treino
15005,treino
610,treino
23427,treino
13313,treino
9729,treino
24710,treino
14001,treino
5669,treino
29510,treino
20077,treino
1952,treino
13013,treino
31385,treino
14290,treino
1700,treino
13384,treino
2082,treino
29672,treino
2644,treino
12663,treino
27769,treino
9393,treino
30475,treino
10544,treino
17780,treino
23777,treino
806,treino
22939,treino
13746,treino
21452,treino
17394,treino
3602,treino
5001,treino
1513,treino
4158,treino
19570,treino
16788,treino
14299,treino
9169,treino
22242,treino
24100,treino
17544,treino
21555,treino
19727,treino
23258,treino
2122,treino
28681,treino
27185,treino
24403,treino
6047,treino
28450,treino
16139,treino
15589,treino
30152,treino
13287,treino
12563,treino
26981,treino
24532,treino
22111,treino
9847,treino
8476,treino
13629,treino
11396,treino
15749,treino
1055,treino
25147,treino
403,treino
25123,treino
4306,treino
8117,treino
2109,treino
12317,treino
10247,treino
29063,treino
3976,treino
7579,treino
25936,treino
20765,treino
19037,treino
9503,treino
16749,treino
32566,treino
10012,treino
4078,treino
27143,treino
4958,treino
7020,treino
2613,treino
23129,treino
4963,treino
9726,treino
27702,treino
19770,treino
28328,treino
10107,treino
19640,treino
30604,treino
25002,treino
7424,treino
6843,treino
12390,treino
11996,treino
13201,treino
980,treino
15217,treino
7335,treino
9657,treino
26850,treino
25645,treino
31169,treino
21886,treino
15854,treino
24980,treino
16234,treino
9109,treino
21703,treino
10779,treino
17021,treino
18791,treino
20301,treino
21788,treino
30795,treino
21581,treino
16464,treino
21290,treino
214,treino
31604,treino
30587,treino
3024,treino
846,treino
26336,treino
27271,treino
21910,treino
26546,treino
5485,treino
16057,treino
29742,treino
24177,treino
20432,treino
7081,treino
15792,treino
24871,treino
28853,treino
11090,treino
12311,treino
18784,treino
17456,treino
20688,treino
7612,treino
6611,treino
20485,treino
23917,treino
4872,treino
10854,treino
3201,treino
2733,treino
11791,treino
7299,treino
31344,treino
1889,treino
30966,treino
27001,treino
14855,treino
15855,treino
15953,treino
28948,treino
366,treino
17997,treino
4327,treino
2435,treino
30568,treino
16344,treino
31134,treino
16662,treino
3063,treino
23557,treino
19642,treino
14165,treino
5058,treino
19908,treino
28275,treino
31338,treino
2603,treino
17565,treino
12291,treino
4059,treino
13862,treino
31415,treino
1462,treino
7666,treino
15241,treino
26856,treino
11948,treino
23349,treino
12356,treino
6134,treino
19354,treino
8771,treino
5486,treino
14143,treino
32245,treino
21917,treino
24104,treino
27481,treino
11892,treino
11026,treino
29571,treino
14940,treino
13022,treino
17811,treino
296,treino
4952,treino
5568,treino
10768,treino
17616,treino
3885,treino
19845,treino
225,treino
7263,treino
27610,treino
26170,treino
8031,treino
17108,treino
31283,treino
8494,treino
28015,treino
9428,treino
31512,treino
26411,treino
10752,treino
23804,treino
3729,treino
27741,treino
30135,treino
4510,treino
9658,treino
11862,treino
32342,treino
26095,treino
27065,treino
3798,treino
1593,treino
27392,treino
26375,treino
14898,treino
21007,treino
8394,treino
31028,treino
23305,treino
4498,treino
30284,treino
25993,treino
32113,treino
13829,treino
25428,treino
23206,treino
14491,treino
22888,treino
11404,treino
16102,treino
15565,treino
29361,treino
5076,treino
28496,treino
4767,treino
2764,treino
19937,treino
4557,treino
2357,treino
3760,treino
583,treino
983,treino
17728,treino
12364,treino
7128,treino
21021,treino
1769,treino
26552,treino
14854,treino
15814,treino
779,treino
9789,treino
13307,treino
5246,treino
29677,treino
31371,treino
15585,treino
28426,treino
8229,treino
389,treino
12930,treino
23397,treino
9804,treino
6646,treino
5902,treino
27367,treino
4584,treino
15065,treino
25097,treino
30591,treino
14675,treino
4016,treino
23534,treino
10930,treino
11778,treino
12388,treino
12258,treino
10135,treino
21514,treino
20071,treino
22864,treino
18641,treino
16109,treino
2019,treino
17050,treino
22641,treino
27380,treino
2462,treino
25557,treino
27655,treino
8220,treino
9145,treino
1564,treino
27627,treino
4075,treino
31751,treino
11217,treino
22815,treino
21131,treino
18912,treino
369,treino
5497,treino
21546,treino
4139,treino
26252,treino
14212,treino
5050,treino
7099,treino
8799,treino
17911,treino
4930,treino
14868,treino
780,treino
17200,treino
7507,treino
27384,treino
10555,treino
13238,treino
25363,treino
7252,treino
31791,treino
28320,treino
18448,treino
23004,treino
643,treino
11754,treino
3617,treino
18598,treino
6075,treino
31583,treino
511,treino
15141,treino
12075,treino
23826,treino
30833,treino
19104,treino
2046,treino
1838,treino
6716,treino
25665,treino
17523,treino
10130,treino
15048,treino
19577,treino
30311,treino
18613,treino
20460,treino
8959,treino
25046,treino
23746,treino
24821,treino
19428,treino
4404,treino
12885,treino
15861,treino
10851,treino
16916,treino
24229,treino
12057,treino
18176,treino
21600,treino
2583,treino
10335,treino
7620,treino
3895,treino
23939,treino
1115,treino
10302,treino
12329,treino
4511,treino
13126,treino
26446,treino
19939,treino
30111,treino
31121,treino
18664,treino
25618,treino
28997,treino
27592,treino
25034,treino
12546,treino
3594,treino
1021,treino
18545,treino
15763,treino
4865,treino
3546,treino
21676,treino
13215,treino
8321,treino
23484,treino
19810,treino
5506,treino
7942,treino
28446,treino
6968,treino
6662,treino
20828,treino
8623,treino
13356,treino
17548,treino
4828,treino
21,treino
2927,treino
30694,treino
16918,treino
15274,treino
26376,treino
8916,treino
30777,treino
25761,treino
7632,treino
20987,treino
428,treino
21114,treino
5041,treino
12144,treino
17963,treino
2453,treino
12618,treino
27628,treino
9151,treino
11134,treino
17291,treino
27551,treino
9548,treino
10949,treino
23434,treino
25755,treino
10317,treino
2437,treino
15347,treino
23803,treino
6110,treino
32359,treino
24495,treino
8766,treino
10677,treino
7209,treino
3505,treino
28200,treino
4944,treino
25765,treino
19507,treino
21977,treino
19763,treino
15324,treino
3434,treino
10250,treino
12755,treino
15056,treino
10976,treino
23075,treino
11250,treino
8773,treino
17910,treino
11974,treino
26516,treino
23413,treino
31786,treino
29217,treino
8340,treino
13428,treino
19827,treino
341,treino
1454,treino
9365,treino
21919,treino
6769,treino
13078,treino
6046,treino
142,treino
15129,treino
5203,treino
7956,treino
10367,treino
31997,treino
12284,treino
9147,treino
5851,treino
6700,treino
8362,treino
22350,treino
18311,treino
24580,treino
18023,treino
21715,treino
13381,treino
7305,treino
1455,treino
4503,treino
9750,treino
11200,treino
16184,treino
25155,treino
29195,treino
16968,treino
7939,treino
16326,treino
24057,treino
2007,treino
22336,treino
25492,treino
16276,treino
18148,treino
23815,treino
5901,treino
20960,treino
11531,treino
10996,treino
10718,treino
15001,treino
9851,treino
10498,treino
18887,treino
25837,treino
2688,treino
9196,treino
17817,treino
24452,treino
28700,treino
26654,treino
16632,treino
25688,treino
18001,treino
22369,treino
21693,treino
25526,treino
13731,treino
10067,treino
31948,treino
25366,treino
25900,treino
2044,treino
8836,treino
11418,treino
24004,treino
8093,treino
16439,treino
29408,treino
31315,treino
2199,treino
6918,treino
23683,treino
13888,treino
14126,treino
14184,treino
30344,treino
14812,treino
7267,treino
29231,treino
3025,treino
21759,treino
7264,treino
6586,treino
22940,treino
10215,treino
4269,treino
2799,treino
20955,treino
14258,treino
9297,treino
2158,treino
15044,treino
29362,treino
9457,treino
16386,treino
9111,treino
17042,treino
22693,treino
14522,treino
24113,treino
12296,treino
9014,treino
31356,treino
20781,treino
26395,treino
826,treino
21170,treino
13757,treino
32021,treino
12053,treino
10724,treino
20917,treino
13449,treino
10978,treino
10714,treino
19360,treino
27774,treino
7206,treino
15239,treino
21944,treino
1827,treino
5950,treino
3354,treino
17710,treino
28032,treino
24258,treino
21999,treino
29600,treino
8472,treino
8751,treino
22636,treino
25833,treino
1182,treino
18804,treino
27205,treino
24983,treino
4184,treino
26205,treino
12723,treino
28407,treino
19541,treino
18712,treino
10648,treino
18045,treino
16173,treino
32341,treino
14440,treino
2214,treino
26783,treino
1800,treino
23278,treino
8026,treino
11373,treino
14740,treino
21974,treino
27012,treino
13959,treino
32540,treino
22998,treino
13557,treino
28424,treino
27908,treino
16693,treino
27660,treino
17175,treino
29638,treino
18524,treino
4094,treino
30763,treino
4755,treino
20054,treino
27299,treino
7516,treino
3997,treino
4055,treino
6734,treino
5858,treino
6874,treino
31841,treino
28557,treino
1525,treino
28102,treino
28085,treino
4182,treino
8096,treino
25209,treino
29517,treino
15499,treino
16068,treino
25785,treino
29328,treino
7756,treino
8492,treino
29658,treino
6773,treino
10407,treino
20394,treino
29034,treino
1752,treino
28429,treino
528,treino
28652,treino
787,treino
19208,treino
19443,treino
2298,treino
21146,treino
22677,treino
6526,treino
3200,treino
28766,treino
3901,treino
22286,treino
19222,treino
27182,treino
32469,treino
7073,treino
17940,treino
31541,treino
14663,treino
14177,treino
5445,treino
3101,treino
10790,treino
13871,treino
30235,treino
32394,treino
3563,treino
25925,treino
10579,treino
7998,treino
27743,treino
31856,treino
19651,treino
8505,treino
15076,treino
3204,treino
6616,treino
2940,treino
1223,treino
25073,treino
30905,treino
29576,treino
9416,treino
26864,treino
3761,treino
14267,treino
11264,treino
4868,treino
19665,treino
32330,treino
18709,treino
5762,treino
1298,treino
1159,treino
7459,treino
21647,treino
32305,treino
1232,treino
22295,treino
29500,treino
24367,treino
19814,treino
8294,treino
11790,treino
19481,treino
5813,treino
8940,treino
20123,treino
7324,treino
23914,treino
7422,treino
11868,treino
12705,treino
10913,treino
29870,treino
32389,treino
6921,treino
22014,treino
26486,treino
7425,treino
29340,treino
14833,treino
10170,treino
30224,treino
20871,treino
1037,treino
10457,treino
8563,treino
3516,treino
27997,treino
25820,treino
22656,treino
7993,treino
26182,treino
15805,treino
23831,treino
29462,treino
17522,treino
17781,treino
10440,treino
1449,treino
9100,treino
15473,treino
20194,treino
16097,treino
3974,treino
16118,treino
11097,treino
31449,treino
9409,treino
4900,treino
9967,treino
18027,treino
22813,treino
1585,treino
20627,treino
30921,treino
17899,treino
1946,treino
32441,treino
11568,treino
27586,treino
13003,treino
22093,treino
23157,treino
30518,treino
26052,treino
186,treino
10776,treino
121,treino
15310,treino
26323,treino
30506,treino
22488,treino
6333,treino
24908,treino
5121,treino
9388,treino
21842,treino
21008,treino
31291,treino
21656,treino
16603,treino
12612,treino
13886,treino
16520,treino
31143,treino
14301,treino
24549,treino
16639,treino
15697,treino
2465,treino
31595,treino
31172,treino
15043,treino
19259,treino
5339,treino
11552,treino
5285,treino
2513,treino
30789,treino
25464,treino
10430,treino
371,treino
5232,treino
4947,treino
14533,treino
6396,treino
24094,treino
7213,treino
24771,treino
17538,treino
13715,treino
727,treino
29349,treino
10209,treino
25,treino
27632,treino
8245,treino
10158,treino
4494,treino
30667,treino
7182,treino
4854,treino
1935,treino
29357,treino
8684,treino
24251,treino
25269,treino
21082,treino
16973,treino
10514,treino
21465,treino
17906,treino
17976,treino
25493,treino
10551,treino
27745,treino
12733,treino
26153,treino
20422,treino
2176,treino
23366,treino
3129,treino
10465,treino
21192,treino
8608,treino
9877,treino
15498,treino
9938,treino
11140,treino
8876,treino
13869,treino
86,treino
31326,treino
20566,treino
21091,treino
30751,treino
27815,treino
5359,treino
20271,treino
27800,treino
3231,treino
13727,treino
14714,treino
10827,treino
6194,treino
6853,treino
9864,treino
22430,treino
420,treino
4231,treino
29902,treino
1967,treino
725,treino
7368,treino
14929,treino
24168,treino
6316,treino
4347,treino
20063,treino
15947,treino
5325,treino
20260,treino
18092,treino
23083,treino
29776,treino
26708,treino
7472,treino
22588,treino
12757,treino
13109,treino
336,treino
1542,treino
22349,treino
8401,treino
11363,treino
21779,treino
12490,treino
15593,treino
9483,treino
4725,treino
8463,treino
10417,treino
17341,treino
31110,treino
13144,treino
23135,treino
26431,treino
12243,treino
30175,treino
12397,treino
19310,treino
21913,treino
6074,treino
10793,treino
7964,treino
19436,treino
28046,treino
165,treino
6519,treino
4917,treino
1801,treino
10235,treino
28199,treino
29558,treino
22635,treino
31690,treino
14603,treino
27795,treino
3706,treino
17125,treino
2172,treino
14809,treino
14665,treino
20807,treino
4000,treino
29876,treino
25747,treino
5137,treino
6221,treino
17979,treino
25805,treino
24290,treino
26432,treino
27039,treino
18506,treino
14632,treino
3652,treino
23907,treino
3039,treino
30636,treino
17733,treino
2877,treino
18030,treino
6796,treino
14608,treino
7066,treino
4539,treino
7552,treino
16287,treino
7505,treino
10971,treino
22537,treino
1091,treino
11904,treino
3548,treino
27522,treino
18300,treino
13790,treino
15657,treino
22423,treino
4712,treino
8919,treino
6902,treino
15195,treino
12710,treino
14574,treino
25233,treino
29657,treino
12303,treino
21570,treino
2331,treino
5975,treino
28783,treino
16875,treino
22976,treino
7105,treino
16487,treino
650,treino
5108,treino
20976,treino
18288,treino
9251,treino
11198,treino
31611,treino
4082,treino
30452,treino
10582,treino
3883,treino
23623,treino
20645,treino
2888,treino
29644,treino
21539,treino
8207,treino
24441,treino
2662,treino
8635,treino
23744,treino
839,treino
1558,treino
24506,treino
29766,treino
23848,treino
15874,treino
5820,treino
9230,treino
12709,treino
17359,treino
8006,treino
18652,treino
1489,treino
21072,treino
1209,treino
27257,treino
1052,treino
19111,treino
10346,treino
13752,treino
7975,treino
13947,treino
32056,treino
5930,treino
29083,treino
18389,treino
8625,treino
3029,treino
4197,treino
16101,treino
1632,treino
29991,treino
23643,treino
15292,treino
10182,treino
1498,treino
15508,treino
22419,treino
13806,treino
8188,treino
11514,treino
27258,treino
13844,treino
1017,treino
3420,treino
8328,treino
4908,treino
9238,treino
25023,treino
11516,treino
18781,treino
17553,treino
12052,treino
23262,treino
5304,treino
22346,treino
19695,treino
7392,treino
25543,treino
1227,treino
13177,treino
17648,treino
990,treino
21105,treino
15287,treino
26801,treino
14369,treino
20941,treino
21952,treino
24620,treino
2053,treino
2103,treino
603,treino
27377,treino
28934,treino
27387,treino
17951,treino
31926,treino
26220,treino
24901,treino
26464,treino
16043,treino
11664,treino
4447,treino
17645,treino
31084,treino
22042,treino
14718,treino
677,treino
11865,treino
2969,treino
13649,treino
32298,treino
31272,treino
20965,treino
6817,treino
15725,treino
30628,treino
15738,treino
22287,treino
21623,treino
1422,treino
2147,treino
25570,treino
18304,treino
24853,treino
19705,treino
12168,treino
28456,treino
2937,treino
17964,treino
4894,treino
2443,treino
8746,treino
22779,treino
925,treino
23469,treino
20120,treino
26248,treino
6962,treino
25451,treino
17124,treino
7496,treino
9382,treino
10411,treino
32253,treino
26574,treino
4757,treino
28847,treino
3819,treino
20634,treino
25895,treino
9250,treino
24723,treino
26589,treino
19646,treino
13870,treino
4660,treino
25640,treino
15571,treino
20011,treino
21169,treino
931,treino
13660,treino
26037,treino
28936,treino
8827,treino
11142,treino
15622,treino
21301,treino
10112,treino
31329,treino
28018,treino
16745,treino
18039,treino
15537,treino
28473,treino
25187,treino
12856,treino
9692,treino
5884,treino
9628,treino
27877,treino
28392,treino
26468,treino
18988,treino
8231,treino
31732,treino
27511,treino
16646,treino
27099,treino
3156,treino
22228,treino
15458,treino
11643,treino
29342,treino
15359,treino
24535,treino
17216,treino
27412,treino
22649,treino
16210,treino
13409,treino
23168,treino
21787,treino
6505,treino
24410,treino
23723,treino
21183,treino
25914,treino
19121,treino
13815,treino
5625,treino
10219,treino
8331,treino
3173,treino
3705,treino
17169,treino
8237,treino
3734,treino
28771,treino
3472,treino
10433,treino
21156,treino
13943,treino
11087,treino
23456,treino
9047,treino
10570,treino
26209,treino
31111,treino
27722,treino
11801,treino
28759,treino
25089,treino
23795,treino
14861,treino
25586,treino
17570,treino
10587,treino
3612,treino
15204,treino
2755,treino
141,treino
30662,treino
11728,treino
32354,treino
11426,treino
5606,treino
11771,treino
4008,treino
27029,treino
10322,treino
32148,treino
25343,treino
16706,treino
22792,treino
9452,treino
10037,treino
4816,treino
28961,treino
27659,treino
29743,treino
18908,treino
24279,treino
1283,treino
12338,treino
30749,treino
5347,treino
28337,treino
18075,treino
25190,treino
18276,treino
5022,treino
22026,treino
28642,treino
16985,treino
23506,treino
11879,treino
13635,treino
26995,treino
6550,treino
32459,treino
27003,treino
28720,treino
17754,treino
2740,treino
11916,treino
16834,treino
7337,treino
13541,treino
31517,treino
6033,treino
27897,treino
20023,treino
19280,treino
23401,treino
21421,treino
27868,treino
26612,treino
6467,treino
1829,treino
16746,treino
21458,treino
29493,treino
28198,treino
18862,treino
14071,treino
3193,treino
17914,treino
13553,treino
22740,treino
23355,treino
8842,treino
7064,treino
21796,treino
2715,treino
6653,treino
16527,treino
31027,treino
25017,treino
12840,treino
31446,treino
26777,treino
1739,treino
26806,treino
5841,treino
1200,treino
26563,treino
4686,treino
12791,treino
15846,treino
14235,treino
11219,treino
15125,treino
26060,treino
23285,treino
21145,treino
22344,treino
14951,treino
14615,treino
17084,treino
27179,treino
11553,treino
15931,treino
4544,treino
28598,treino
22375,treino
23841,treino
24219,treino
8370,treino
912,treino
28031,treino
18218,treino
28122,treino
6600,treino
9024,treino
29520,treino
1728,treino
24508,treino
31783,treino
20510,treino
30345,treino
4289,treino
12975,treino
11589,treino
13079,treino
12148,treino
18741,treino
28058,treino
24924,treino
8541,treino
23905,treino
1555,treino
23903,treino
17928,treino
8844,treino
18974,treino
869,treino
12988,treino
29078,treino
18107,treino
19491,treino
31712,treino
915,treino
18214,treino
3215,treino
31672,treino
6381,treino
1751,treino
28716,treino
18762,treino
13721,treino
8577,treino
2698,treino
18368,treino
25888,treino
22283,treino
12740,treino
10203,treino
20436,treino
9136,treino
6759,treino
27611,treino
17579,treino
18042,treino
32061,treino
29747,treino
23302,treino
8781,treino
4791,treino
27899,treino
24058,treino
29070,treino
11882,treino
2844,treino
14113,treino
25963,treino
9300,treino
11119,treino
27383,treino
29044,treino
17499,treino
21367,treino
12854,treino
21055,treino
19679,treino
10743,treino
9315,treino
25068,treino
5609,treino
21062,treino
6370,treino
9010,treino
7822,treino
29337,treino
13555,treino
31657,treino
14452,treino
11266,treino
9535,treino
9934,treino
12495,treino
13885,treino
24727,treino
20224,treino
17591,treino
14252,treino
26619,treino
12687,treino
775,treino
3174,treino
23895,treino
13279,treino
321,treino
29505,treino
15863,treino
13297,treino
16407,treino
25442,treino
17886,treino
28583,treino
27187,treino
24275,treino
20229,treino
24621,treino
22690,treino
498,treino
20948,treino
14098,treino
9272,treino
13702,treino
16970,treino
27200,treino
11225,treino
28815,treino
31387,treino
306,treino
15165,treino
17542,treino
16960,treino
5267,treino
15723,treino
9887,treino
18268,treino
15570,treino
15115,treino
27159,treino
3002,treino
15360,treino
19269,treino
25387,treino
26461,treino
7354,treino
24686,treino
26886,treino
7639,treino
28748,treino
6360,treino
8201,treino
20499,treino
14044,treino
26410,treino
20137,treino
27957,treino
9165,treino
32562,treino
25245,treino
18839,treino
12012,treino
28146,treino
28978,treino
12814,treino
14687,treino
4689,treino
11539,treino
6073,treino
6220,treino
9360,treino
29086,treino
26617,treino
22112,treino
8656,treino
3483,treino
7482,treino
3821,treino
5262,treino
17081,treino
30754,treino
2990,treino
29798,treino
27277,treino
2141,treino
22967,treino
24916,treino
32104,treino
15232,treino
9552,treino
22996,treino
3679,treino
31996,treino
18600,treino
22672,treino
6279,treino
25816,treino
13793,treino
14380,treino
20167,treino
19645,treino
23548,treino
23499,treino
32166,treino
5779,treino
9242,treino
16547,treino
17019,treino
4261,treino
9447,treino
8567,treino
16320,treino
17879,treino
1905,treino
12080,treino
32353,treino
28647,treino
30387,treino
9995,treino
28680,treino
14093,treino
10881,treino
25152,treino
19072,treino
23170,treino
10695,treino
18308,treino
3062,treino
1931,treino
3785,treino
26351,treino
20791,treino
9226,treino
10643,treino
29206,treino
14498,treino
13142,treino
29837,treino
22479,treino
9927,treino
12726,treino
7566,treino
4424,treino
4321,treino
23532,treino
16104,treino
30926,treino
3161,treino
22596,treino
14090,treino
6170,treino
5039,treino
11123,treino
634,treino
29442,treino
3241,treino
12211,treino
24075,treino
4891,treino
1961,treino
1079,treino
30129,treino
9879,treino
23392,treino
23026,treino
17517,treino
29202,treino
22155,treino
18981,treino
13024,treino
22047,treino
11130,treino
30603,treino
11483,treino
9612,treino
15990,treino
11310,treino
20187,treino
22931,treino
13872,treino
14176,treino
24741,treino
7721,treino
11222,treino
847,treino
31606,treino
4827,treino
25617,treino
25556,treino
28541,treino
28050,treino
29470,treino
14424,treino
11704,treino
14613,treino
28017,treino
22908,treino
21972,treino
1717,treino
14848,treino
13908,treino
14994,treino
15611,treino
13643,treino
22609,treino
19095,treino
10948,treino
9947,treino
24044,treino
18646,treino
5268,treino
21517,treino
8132,treino
1141,treino
15631,treino
3965,treino
6752,treino
24499,treino
26518,treino
13219,treino
12917,treino
30170,treino
1848,treino
25536,treino
28325,treino
24190,treino
13661,treino
16897,treino
10744,treino
27285,treino
5676,treino
27979,treino
21157,treino
11570,treino
21342,treino
14823,treino
25439,treino
24721,treino
1698,treino
18102,treino
14975,treino
16525,treino
1179,treino
29491,treino
13586,treino
20706,treino
23893,treino
27519,treino
22071,treino
15768,treino
27880,treino
7188,treino
27369,treino
29170,treino
3461,treino
19857,treino
22597,treino
28655,treino
1090,treino
4062,treino
10522,treino
13048,treino
6582,treino
5389,treino
25751,treino
15397,treino
26900,treino
10137,treino
28241,treino
28212,treino
20692,treino
22697,treino
15255,treino
250,treino
14246,treino
31011,treino
25261,treino
9345,treino
11414,treino
23400,treino
21176,treino
30687,treino
29015,treino
12244,treino
3351,treino
14825,treino
25047,treino
25389,treino
8913,treino
19805,treino
29773,treino
21022,treino
15436,treino
4506,treino
18715,treino
31818,treino
31979,treino
32426,treino
27521,treino
11291,treino
18363,treino
19750,treino
10624,treino
2787,treino
22568,treino
9473,treino
4631,treino
30010,treino
7407,treino
15461,treino
25773,treino
17299,treino
3756,treino
310,treino
25342,treino
24088,treino
19013,treino
6409,treino
18688,treino
18433,treino
27649,treino
21951,treino
28868,treino
6579,treino
24157,treino
5571,treino
3198,treino
17409,treino
22472,treino
18187,treino
6393,treino
29584,treino
19119,treino
1571,treino
31153,treino
19534,treino
32264,treino
12446,treino
22213,treino
21713,treino
19186,treino
31200,treino
22273,treino
733,treino
29344,treino
10788,treino
2604,treino
831,treino
2269,treino
10213,treino
16500,treino
18659,treino
25344,treino
24931,treino
2416,treino
11832,treino
21683,treino
16624,treino
27194,treino
19963,treino
26610,treino
3440,treino
25472,treino
31250,treino
7046,treino
28798,treino
6541,treino
5498,treino
13730,treino
16275,treino
26870,treino
13552,treino
3451,treino
14708,treino
13069,treino
23047,treino
18708,treino
7056,treino
17576,treino
12880,treino
9627,treino
31960,treino
28359,treino
32187,treino
4088,treino
28508,treino
8396,treino
11448,treino
25400,treino
27749,treino
14133,treino
4795,treino
4790,treino
1275,treino
27243,treino
927,treino
8156,treino
24005,treino
26034,treino
6210,treino
6118,treino
2015,treino
16227,treino
18285,treino
1341,treino
495,treino
19295,treino
20383,treino
23493,treino
23403,treino
19972,treino
13530,treino
15908,treino
12536,treino
3759,treino
14089,treino
25489,treino
3065,treino
21108,treino
31729,treino
3452,treino
12894,treino
31780,treino
7887,treino
28539,treino
26677,treino
1139,treino
2995,treino
16516,treino
30396,treino
21068,treino
12467,treino
27292,treino
22083,treino
18404,treino
23771,treino
11190,treino
27320,treino
26010,treino
2124,treino
135,treino
7879,treino
10029,treino
21190,treino
24478,treino
9233,treino
25391,treino
12938,treino
15298,treino
31962,treino
7003,treino
30343,treino
5404,treino
9576,treino
10334,treino
29139,treino
7278,treino
17430,treino
31905,treino
6685,treino
13605,treino
29263,treino
7532,treino
24036,treino
28516,treino
3998,treino
270,treino
23127,treino
31820,treino
18685,treino
13293,treino
15520,treino
3286,treino
9790,treino
11101,treino
32378,treino
29807,treino
19698,treino
17396,treino
24101,treino
9856,treino
24348,treino
24098,treino
1134,treino
30520,treino
18408,treino
437,treino
6284,treino
18975,treino
7884,treino
25499,treino
5349,treino
14774,treino
7983,treino
1712,treino
27124,treino
11550,treino
6144,treino
4150,treino
30985,treino
7429,treino
8809,treino
205,treino
2096,treino
22959,treino
24527,treino
28283,treino
25062,treino
18888,treino
7959,treino
22744,treino
13306,treino
18471,treino
17589,treino
11212,treino
19205,treino
4067,treino
29559,treino
10703,treino
1683,treino
21433,treino
31632,treino
26943,treino
27945,treino
13930,treino
29943,treino
19160,treino
28319,treino
13184,treino
3081,treino
23814,treino
12777,treino
1357,treino
9184,treino
31706,treino
32210,treino
27813,treino
21243,treino
7321,treino
28511,treino
16690,treino
28335,treino
24722,treino
20133,treino
2638,treino
598,treino
24126,treino
31138,treino
3088,treino
28637,treino
17223,treino
5645,treino
18005,treino
27793,treino
850,treino
32388,treino
100,treino
24308,treino
31131,treino
9392,treino
11581,treino
10621,treino
20864,treino
26728,treino
17821,treino
26147,treino
1672,treino
22918,treino
27723,treino
27980,treino
13025,treino
8755,treino
12624,treino
23740,treino
15283,treino
30332,treino
2561,treino
5512,treino
31122,treino
2284,treino
12024,treino
17000,treino
6125,treino
21485,treino
8522,treino
8614,treino
12179,treino
15563,treino
17862,treino
13432,treino
25956,treino
22126,treino
32529,treino
16294,treino
8367,treino
1300,treino
28998,treino
20898,treino
21619,treino
5504,treino
3775,treino
4846,treino
29780,treino
9674,treino
6426,treino
13060,treino
8142,treino
11191,treino
29650,treino
3783,treino
2964,treino
15582,treino
5227,treino
32457,treino
27588,treino
14664,treino
11356,treino
6153,treino
16508,treino
31375,treino
12183,treino
14908,treino
25039,treino
10958,treino
3270,treino
3848,treino
13774,treino
31966,treino
17154,treino
27264,treino
4931,treino
29886,treino
32225,treino
12096,treino
26556,treino
15577,treino
8550,treino
22149,treino
20244,treino
29812,treino
22458,treino
26300,treino
23587,treino
8174,treino
17089,treino
6838,treino
30576,treino
23477,treino
31549,treino
10524,treino
10220,treino
1146,treino
30328,treino
2266,treino
30217,treino
27483,treino
9419,treino
12112,treino
22726,treino
26636,treino
24344,treino
32379,treino
21413,treino
29080,treino
21516,treino
10097,treino
30846,treino
23263,treino
29548,treino
4976,treino
4784,treino
11604,treino
7698,treino
15731,treino
18151,treino
7947,treino
7742,treino
8902,treino
12534,treino
6907,treino
21601,treino
11777,treino
20950,treino
2650,treino
3341,treino
14281,treino
7101,treino
14216,treino
896,treino
18959,treino
852,treino
24923,treino
1953,treino
6476,treino
23430,treino
2303,treino
13152,treino
6829,treino
10441,treino
25163,treino
11452,treino
7687,treino
10521,treino
5733,treino
31580,treino
4076,treino
11446,treino
234,treino
29461,treino
715,treino
7283,treino
27267,treino
3138,treino
29814,treino
5532,treino
29480,treino
23837,treino
24447,treino
22044,treino
3632,treino
25725,treino
24543,treino
19402,treino
7991,treino
8148,treino
26521,treino
499,treino
27364,treino
28387,treino
18341,treino
28486,treino
17040,treino
27952,treino
30391,treino
27317,treino
3186,treino
18954,treino
15558,treino
23038,treino
16672,treino
4871,treino
18597,treino
19485,treino
18158,treino
20089,treino
8170,treino
27947,treino
29800,treino
13367,treino
23945,treino
2257,treino
1982,treino
20279,treino
6274,treino
29249,treino
3853,treino
31840,treino
1551,treino
23692,treino
20575,treino
5533,treino
1276,treino
16356,treino
27735,treino
10805,treino
31459,treino
23142,treino
27478,treino
3033,treino
9815,treino
12206,treino
10631,treino
25782,treino
1057,treino
7744,treino
12616,treino
19786,treino
4161,treino
22445,treino
2078,treino
2039,treino
4342,treino
3866,treino
20170,treino
22390,treino
4143,treino
1348,treino
3464,treino
2919,treino
8335,treino
18579,treino
1738,treino
25699,treino
14795,treino
15584,treino
19400,treino
15671,treino
25280,treino
24166,treino
6641,treino
20290,treino
24498,treino
27559,treino
28381,treino
8765,treino
18284,treino
27288,treino
21219,treino
13840,treino
13705,treino
5689,treino
29433,treino
15979,treino
4335,treino
11302,treino
7251,treino
26314,treino
5768,treino
10125,treino
17306,treino
1759,treino
7603,treino
15529,treino
1317,treino
23825,treino
10023,treino
14967,treino
3789,treino
24676,treino
3436,treino
23765,treino
26249,treino
9105,treino
961,treino
4203,treino
10193,treino
22733,treino
30187,treino
7107,treino
7136,treino
24899,treino
4467,treino
13100,treino
16452,treino
19246,treino
31851,treino
24001,treino
14183,treino
16222,treino
3284,treino
31488,treino
23106,treino
29501,treino
6719,treino
6810,treino
21480,treino
16100,treino
30381,treino
7902,treino
23790,treino
24463,treino
2992,treino
20835,treino
1335,treino
26999,treino
31215,treino
28940,treino
21445,treino
3408,treino
1484,treino
4374,treino
742,treino
26679,treino
11256,treino
10694,treino
18851,treino
19472,treino
7111,treino
10829,treino
20823,treino
13038,treino
12091,treino
23311,treino
31753,treino
1452,treino
23396,treino
13390,treino
1215,treino
17637,treino
2811,treino
29811,treino
18721,treino
9539,treino
22191,treino
4623,treino
8500,treino
18429,treino
2602,treino
16477,treino
28105,treino
13082,treino
20021,treino
9542,treino
28285,treino
2843,treino
5657,treino
22911,treino
11068,treino
29456,treino
32320,treino
21277,treino
32147,treino
14370,treino
20321,treino
14171,treino
21199,treino
26586,treino
5074,treino
8558,treino
21538,treino
30565,treino
23992,treino
11124,treino
12348,treino
7193,treino
29209,treino
13676,treino
8572,treino
13929,treino
3526,treino
164,treino
6101,treino
15199,treino
2170,treino
8834,treino
14027,treino
346,treino
25483,treino
181,treino
8965,treino
20557,treino
8987,treino
1647,treino
3085,treino
13263,treino
26057,treino
19359,treino
7230,treino
18607,treino
30898,treino
20673,treino
11332,treino
8938,treino
18901,treino
26076,treino
7745,treino
3402,treino
15281,treino
19830,treino
22578,treino
20542,treino
27275,treino
12782,treino
24517,treino
10500,treino
24156,treino
22728,treino
14750,treino
15840,treino
8704,treino
31180,treino
22206,treino
17692,treino
10628,treino
30261,treino
30521,treino
7574,treino
1476,treino
5906,treino
17849,treino
15188,treino
4786,treino
8391,treino
1861,treino
29157,treino
30127,treino
1379,treino
24911,treino
29922,treino
25468,treino
4303,treino
1481,treino
2512,treino
1392,treino
1397,treino
15943,treino
19142,treino
27576,treino
20569,treino
29175,treino
25459,treino
27427,treino
5172,treino
4476,treino
14772,treino
7031,treino
20441,treino
21211,treino
5002,treino
12037,treino
10689,treino
11666,treino
31499,treino
7842,treino
19143,treino
11091,treino
4142,treino
15703,treino
14516,treino
28739,treino
13000,treino
14169,treino
3034,treino
2907,treino
29133,treino
17087,treino
3480,treino
22859,treino
13813,treino
19290,treino
17673,treino
27842,treino
5913,treino
16010,treino
28870,treino
15075,treino
4972,treino
27770,treino
25806,treino
12047,treino
21329,treino
27391,treino
3418,treino
30070,treino
14465,treino
13837,treino
2325,treino
897,treino
30894,treino
6715,treino
22397,treino
8711,treino
12089,treino
29003,treino
3661,treino
14779,treino
18829,treino
10342,treino
31644,treino
22094,treino
27345,treino
28530,treino
6820,treino
3939,treino
31674,treino
13687,treino
4874,treino
27960,treino
1668,treino
15082,treino
4568,treino
8164,treino
30865,treino
5925,treino
16348,treino
345,treino
17813,treino
15667,treino
10307,treino
23491,treino
24977,treino
18029,treino
23757,treino
1334,treino
14712,treino
18093,treino
11227,treino
17344,treino
27712,treino
27855,treino
29526,treino
6321,treino
14391,treino
28931,treino
13803,treino
19129,treino
17310,treino
16259,treino
20397,treino
12932,treino
20087,treino
24818,treino
18906,treino
9744,treino
25335,treino
20359,treino
30074,treino
21739,treino
19070,treino
512,treino
6154,treino
5280,treino
20829,treino
31862,treino
15801,treino
13254,treino
22063,treino
28028,treino
26427,treino
12689,treino
12181,treino
29260,treino
25107,treino
32125,treino
28042,treino
31165,treino
3568,treino
23136,treino
30850,treino
9905,treino
11210,treino
32310,treino
5871,treino
7690,treino
10967,treino
19826,treino
29158,treino
18918,treino
4961,treino
9872,treino
11830,treino
12821,treino
30752,treino
12762,treino
27075,treino
30210,treino
25271,treino
6382,treino
29382,treino
12976,treino
21737,treino
10341,treino
14981,treino
29473,treino
14984,treino
20635,treino
12347,treino
24737,treino
10382,treino
28811,treino
22629,treino
18936,treino
1310,treino
27171,treino
26008,treino
16640,treino
19135,treino
6366,treino
11060,treino
12177,treino
9578,treino
23736,treino
13387,treino
21252,treino
20033,treino
20714,treino
31118,treino
30464,treino
29036,treino
791,treino
31328,treino
32316,treino
3163,treino
27136,treino
21642,treino
13656,treino
7135,treino
10427,treino
6407,treino
21873,treino
28069,treino
15548,treino
31777,treino
8266,treino
17371,treino
1360,treino
26451,treino
24162,treino
11877,treino
26254,treino
7570,treino
4674,treino
273,treino
11005,treino
6034,treino
18493,treino
25630,treino
29004,treino
21848,treino
7891,treino
22767,treino
16676,treino
21891,treino
894,treino
16659,treino
13429,treino
30566,treino
15084,treino
11611,treino
15477,treino
11726,treino
14289,treino
19225,treino
9463,treino
12190,treino
3656,treino
32288,treino
3450,treino
18031,treino
7220,treino
24780,treino
23297,treino
9098,treino
26882,treino
9198,treino
5556,treino
20978,treino
9746,treino
13852,treino
4379,treino
3080,treino
8012,treino
9849,treino
29787,treino
31317,treino
7944,treino
19294,treino
23621,treino
3716,treino
4479,treino
19792,treino
10708,treino
18730,treino
6136,treino
23315,treino
31389,treino
3280,treino
11255,treino
27273,treino
14577,treino
5521,treino
19752,treino
12042,treino
19444,treino
11208,treino
9274,treino
29299,treino
13386,treino
14933,treino
1312,treino
14013,treino
11977,treino
8374,treino
20221,treino
18608,treino
28244,treino
31925,treino
11098,treino
13897,treino
7539,treino
16207,treino
9008,treino
14387,treino
18184,treino
18602,treino
25772,treino
18900,treino
114,treino
19924,treino
2712,treino
22722,treino
21679,treino
20447,treino
30531,treino
17873,treino
4473,treino
19314,treino
25206,treino
17073,treino
19173,treino
29726,treino
14738,treino
377,treino
14778,treino
31106,treino
5290,treino
30567,treino
7839,treino
9339,treino
18215,treino
6376,treino
31036,treino
11741,treino
22333,treino
21081,treino
22522,treino
22164,treino
12867,treino
21085,treino
5287,treino
25436,treino
4218,treino
2420,treino
4654,treino
18941,treino
14998,treino
7589,treino
18372,treino
22046,treino
31792,treino
25224,treino
31944,treino
13421,treino
6857,treino
22491,treino
6667,treino
28167,treino
30241,treino
30720,treino
29864,treino
19927,treino
32139,treino
19991,treino
5891,treino
6520,treino
26297,treino
12230,treino
4228,treino
32049,treino
31817,treino
24712,treino
29727,treino
27466,treino
22826,treino
23286,treino
15560,treino
2601,treino
3898,treino
4178,treino
11280,treino
24691,treino
6599,treino
8352,treino
384,treino
11145,treino
15562,treino
6464,treino
1460,treino
12541,treino
4549,treino
8402,treino
26244,treino
15950,treino
23181,treino
26814,treino
21829,treino
7860,treino
13374,treino
5828,treino
11558,treino
20330,treino
31161,treino
17459,treino
1473,treino
1764,treino
16915,treino
5981,treino
16601,treino
16200,treino
16772,treino
15311,treino
29398,treino
25282,treino
17593,treino
21341,treino
12915,treino
762,treino
24612,treino
21582,treino
25717,treino
27566,treino
29151,treino
27209,treino
28559,treino
10762,treino
11196,treino
1263,treino
25947,treino
12235,treino
16379,treino
29670,treino
21305,treino
28353,treino
20381,treino
14361,treino
31508,treino
10265,treino
8326,treino
19821,treino
21531,treino
28560,treino
9776,treino
27871,treino
4223,treino
9819,treino
10281,treino
24289,treino
19006,treino
31618,treino
251,treino
28480,treino
19264,treino
3446,treino
24284,treino
16736,treino
24110,treino
30525,treino
26161,treino
2247,treino
21311,treino
23419,treino
3532,treino
22079,treino
19149,treino
6664,treino
3861,treino
27321,treino
22018,treino
28308,treino
30004,treino
17824,treino
21224,treino
11304,treino
11678,treino
11854,treino
25475,treino
20533,treino
13501,treino
3147,treino
26489,treino
24882,treino
3665,treino
4936,treino
25402,treino
12257,treino
27946,treino
28610,treino
27252,treino
14205,treino
20657,treino
14170,treino
200,treino
30302,treino
17469,treino
4911,treino
22289,treino
28999,treino
9267,treino
16909,treino
21443,treino
12267,treino
32292,treino
10504,treino
16286,treino
22433,treino
12,treino
9565,treino
3477,treino
11684,treino
26853,treino
25944,treino
26365,treino
31626,treino
21191,treino
5376,treino
16169,treino
24761,treino
21634,treino
1305,treino
10589,treino
24340,treino
19950,treino
31010,treino
29041,treino
2624,treino
29724,treino
5889,treino
14134,treino
8968,treino
8417,treino
5680,treino
25030,treino
17379,treino
22227,treino
14155,treino
21496,treino
6251,treino
28968,treino
14287,treino
31958,treino
4924,treino
8322,treino
18421,treino
7060,treino
506,treino
19195,treino
23446,treino
32445,treino
24222,treino
29103,treino
19962,treino
13236,treino
21766,treino
26964,treino
30933,treino
3374,treino
4429,treino
21550,treino
32500,treino
22965,treino
16106,treino
28210,treino
6651,treino
1844,treino
26011,treino
5061,treino
2226,treino
26959,treino
18450,treino
1559,treino
323,treino
9544,treino
4381,treino
19094,treino
12767,treino
1604,treino
3757,treino
17833,treino
27095,treino
12418,treino
22592,treino
16799,treino
10975,treino
15665,treino
24538,treino
30066,treino
8068,treino
8831,treino
24201,treino
18776,treino
14390,treino
29011,treino
29628,treino
28220,treino
30043,treino
16822,treino
25192,treino
31285,treino
5030,treino
30082,treino
24634,treino
23702,treino
27565,treino
32515,treino
30739,treino
2845,treino
2914,treino
26085,treino
28299,treino
29585,treino
11554,treino
6854,treino
27616,treino
4019,treino
8265,treino
19126,treino
2636,treino
13954,treino
22739,treino
20901,treino
12634,treino
27201,treino
1626,treino
10536,treino
1156,treino
28309,treino
18606,treino
20173,treino
4856,treino
489,treino
27077,treino
15690,treino
22926,treino
11895,treino
25407,treino
28057,treino
11442,treino
28477,treino
10661,treino
15748,treino
28755,treino
5801,treino
3810,treino
23086,treino
21454,treino
10642,treino
19433,treino
14654,treino
4798,treino
30674,treino
7447,treino
5067,treino
12765,treino
8039,treino
25229,treino
9678,treino
20897,treino
30099,treino
4782,treino
9906,treino
12380,treino
9448,treino
6281,treino
14147,treino
7385,treino
28164,treino
19339,treino
17757,treino
4358,treino
20753,treino
7457,treino
18054,treino
29211,treino
1610,treino
2072,treino
21971,treino
1994,treino
4299,treino
30398,treino
19478,treino
26112,treino
24956,treino
30163,treino
1529,treino
18417,treino
9654,treino
30677,treino
10749,treino
29164,treino
10483,treino
3128,treino
4293,treino
14285,treino
12970,treino
907,treino
26086,treino
11165,treino
21171,treino
13768,treino
1509,treino
10274,treino
18665,treino
9269,treino
17546,treino
22803,treino
2428,treino
12359,treino
11510,treino
25604,treino
21847,treino
25695,treino
2317,treino
30629,treino
29737,treino
1711,treino
29494,treino
9901,treino
6261,treino
5946,treino
18512,treino
28135,treino
12881,treino
279,treino
26428,treino
10458,treino
15269,treino
21887,treino
11669,treino
10206,treino
7291,treino
20399,treino
19085,treino
6725,treino
9917,treino
12097,treino
21802,treino
11853,treino
19632,treino
25249,treino
1949,treino
24221,treino
15776,treino
7582,treino
5454,treino
17473,treino
4054,treino
30935,treino
25977,treino
23040,treino
11683,treino
27385,treino
22096,treino
9146,treino
16486,treino
13842,treino
30535,treino
7271,treino
11425,treino
20614,treino
8318,treino
26079,treino
6669,treino
11526,treino
406,treino
18554,treino
11829,treino
16390,treino
18937,treino
31654,treino
3658,treino
11399,treino
29028,treino
17206,treino
10103,treino
31988,treino
31397,treino
17387,treino
11099,treino
28174,treino
25684,treino
14551,treino
13407,treino
24640,treino
8636,treino
15531,treino
19851,treino
20387,treino
14091,treino
24239,treino
23984,treino
14419,treino
29567,treino
2985,treino
11867,treino
21110,treino
31333,treino
18591,treino
31846,treino
3007,treino
3807,treino
7062,treino
5111,treino
17397,treino
15227,treino
26600,treino
908,treino
9187,treino
21074,treino
10944,treino
12882,treino
24982,treino
26693,treino
29769,treino
10667,treino
7633,treino
15653,treino
17718,treino
4909,treino
29454,treino
6423,treino
8337,treino
3747,treino
23235,treino
29921,treino
16777,treino
3553,treino
31953,treino
7297,treino
23601,treino
11648,treino
2144,treino
27418,treino
22822,treino
19710,treino
11303,treino
19545,treino
3367,treino
11174,treino
3921,treino
6961,treino
19182,treino
27763,treino
19140,treino
17041,treino
12678,treino
14311,treino
13554,treino
3533,treino
4232,treino
16602,treino
23209,treino
4817,treino
20325,treino
17481,treino
21613,treino
21019,treino
3391,treino
23257,treino
3927,treino
1059,treino
21920,treino
10890,treino
4556,treino
223,treino
27416,treino
10847,treino
3604,treino
22386,treino
9721,treino
27133,treino
27953,treino
15409,treino
29148,treino
10159,treino
5231,treino
25971,treino
7992,treino
21437,treino
16684,treino
919,treino
20161,treino
20270,treino
6385,treino
1095,treino
9209,treino
28919,treino
15219,treino
24672,treino
22678,treino
9891,treino
3219,treino
16735,treino
26680,treino
18258,treino
12874,treino
7272,treino
32356,treino
4186,treino
21245,treino
18040,treino
24732,treino
17736,treino
4363,treino
15146,treino
1830,treino
4553,treino
10884,treino
30988,treino
19213,treino
24332,treino
1167,treino
457,treino
30804,treino
12633,treino
15291,treino
28356,treino
16090,treino
26515,treino
960,treino
18957,treino
8905,treino
10273,treino
26329,treino
19789,treino
11766,treino
26429,treino
22781,treino
4200,treino
8950,treino
15223,treino
29058,treino
1506,treino
8431,treino
26785,treino
13044,treino
8109,treino
27615,treino
31136,treino
22543,treino
16961,treino
6351,treino
8867,treino
7159,treino
24709,treino
16765,treino
13595,treino
28016,treino
28217,treino
4954,treino
8840,treino
30808,treino
19699,treino
21335,treino
3059,treino
18119,treino
9936,treino
28405,treino
7783,treino
30856,treino
7286,treino
11104,treino
20773,treino
22366,treino
16465,treino
16904,treino
5334,treino
14993,treino
20922,treino
5537,treino
12734,treino
3261,treino
31360,treino
24245,treino
24969,treino
18736,treino
447,treino
5720,treino
29950,treino
21859,treino
15342,treino
26463,treino
15486,treino
10490,treino
24153,treino
8270,treino
19431,treino
22066,treino
21832,treino
7676,treino
30471,treino
672,treino
9868,treino
11211,treino
2645,treino
25502,treino
32398,treino
20239,treino
26930,treino
10,treino
5314,treino
11052,treino
10349,treino
24695,treino
15214,treino
29730,treino
21352,treino
11490,treino
10861,treino
11818,treino
22203,treino
6709,treino
25982,treino
11566,treino
2162,treino
26618,treino
357,treino
21645,treino
19076,treino
18410,treino
10831,treino
27183,treino
21995,treino
28223,treino
20878,treino
9591,treino
1812,treino
26069,treino
29261,treino
25664,treino
28363,treino
11663,treino
25332,treino
9621,treino
23076,treino
22914,treino
13448,treino
7886,treino
18329,treino
30678,treino
1220,treino
19660,treino
17236,treino
18806,treino
2207,treino
30230,treino
32023,treino
9113,treino
26833,treino
3067,treino
623,treino
12336,treino
16403,treino
21331,treino
21890,treino
7670,treino
4040,treino
29105,treino
11454,treino
1040,treino
15319,treino
29351,treino
28197,treino
16293,treino
536,treino
4097,treino
21786,treino
6739,treino
31297,treino
314,treino
7362,treino
14904,treino
31251,treino
8014,treino
21409,treino
570,treino
18441,treino
14154,treino
26125,treino
5860,treino
17226,treino
19764,treino
12808,treino
309,treino
231,treino
30884,treino
9824,treino
679,treino
3117,treino
26196,treino
18593,treino
2066,treino
26230,treino
23579,treino
1303,treino
1660,treino
14763,treino
3945,treino
24015,treino
6383,treino
15865,treino
29847,treino
10410,treino
5127,treino
25490,treino
21515,treino
17765,treino
25322,treino
15996,treino
22752,treino
15233,treino
15606,treino
9724,treino
1638,treino
28196,treino
5194,treino
27359,treino
22994,treino
28131,treino
17425,treino
19051,treino
28795,treino
23562,treino
8873,treino
3920,treino
6237,treino
27650,treino
30027,treino
21079,treino
17441,treino
6037,treino
17655,treino
17894,treino
5592,treino
30171,treino
24353,treino
26894,treino
5761,treino
21256,treino
7838,treino
8546,treino
16290,treino
15062,treino
24051,treino
26969,treino
6866,treino
5248,treino
4895,treino
122,treino
28678,treino
7346,treino
11251,treino
6564,treino
29953,treino
15401,treino
4603,treino
19179,treino
8526,treino
6901,treino
22492,treino
22747,treino
16005,treino
17056,treino
30857,treino
11740,treino
3551,treino
17309,treino
29098,treino
11808,treino
21700,treino
24326,treino
7510,treino
11237,treino
18660,treino
22504,treino
17410,treino
23077,treino
26840,treino
32350,treino
3847,treino
25608,treino
13488,treino
5437,treino
29182,treino
15837,treino
2424,treino
20348,treino
10801,treino
28694,treino
30212,treino
14206,treino
6908,treino
25215,treino
28823,treino
19546,treino
26887,treino
8411,treino
23052,treino
11359,treino
13854,treino
25522,treino
14160,treino
7768,treino
19916,treino
24329,treino
23350,treino
30274,treino
1225,treino
10540,treino
6057,treino
4329,treino
6864,treino
10908,treino
5476,treino
5388,treino
22269,treino
12322,treino
11978,treino
5937,treino
29901,treino
18400,treino
28845,treino
23379,treino
8256,treino
31279,treino
16863,treino
13776,treino
19334,treino
4227,treino
10618,treino
17866,treino
19164,treino
29623,treino
28589,treino
19903,treino
9650,treino
18729,treino
20866,treino
22148,treino
28775,treino
18127,treino
6462,treino
7008,treino
30609,treino
579,treino
26345,treino
4456,treino
9885,treino
11135,treino
30460,treino
13666,treino
30480,treino
28307,treino
20644,treino
26294,treino
16306,treino
11476,treino
26524,treino
6449,treino
15362,treino
21667,treino
14384,treino
4196,treino
27827,treino
2348,treino
2146,treino
3855,treino
21904,treino
19476,treino
32525,treino
3403,treino
18530,treino
1445,treino
26741,treino
6590,treino
11162,treino
15068,treino
13663,treino
6166,treino
2954,treino
28300,treino
3543,treino
22407,treino
23070,treino
19740,treino
8008,treino
9671,treino
14828,treino
8120,treino
12929,treino
20390,treino
29131,treino
20312,treino
32399,treino
19105,treino
20894,treino
19550,treino
24488,treino
27874,treino
2516,treino
23949,treino
20036,treino
3858,treino
957,treino
2746,treino
16760,treino
5855,treino
17973,treino
4464,treino
6214,treino
12519,treino
2546,treino
20779,treino
7109,treino
18201,treino
6671,treino
15971,treino
21650,treino
20222,treino
14988,treino
21560,treino
14710,treino
26683,treino
27866,treino
24431,treino
29288,treino
14793,treino
1666,treino
13940,treino
9541,treino
16748,treino
12471,treino
6518,treino
14015,treino
18992,treino
19984,treino
29467,treino
29201,treino
25916,treino
2360,treino
10284,treino
5465,treino
7217,treino
5702,treino
12195,treino
26123,treino
21333,treino
4916,treino
27216,treino
10288,treino
13103,treino
23110,treino
21833,treino
14754,treino
6650,treino
29191,treino
7363,treino
25797,treino
31511,treino
25230,treino
14678,treino
9389,treino
29819,treino
11889,treino
1798,treino
25882,treino
13646,treino
27056,treino
31538,treino
28184,treino
16537,treino
17929,treino
7812,treino
2358,treino
29875,treino
4037,treino
17355,treino
12957,treino
6097,treino
7538,treino
4297,treino
5753,treino
12430,treino
30703,treino
13659,treino
217,treino
15663,treino
27490,treino
63,treino
2709,treino
2587,treino
13189,treino
9368,treino
29095,treino
3188,treino
28503,treino
26866,treino
6135,treino
29281,treino
13830,treino
3876,treino
13935,treino
29248,treino
29852,treino
30164,treino
18388,treino
27097,treino
19373,treino
11998,treino
6064,treino
6061,treino
20424,treino
27634,treino
31630,treino
2654,treino
31062,treino
21253,treino
16616,treino
12769,treino
24660,treino
19432,treino
5697,treino
8260,treino
26773,treino
2276,treino
13602,treino
17890,treino
15977,treino
13053,treino
14732,treino
7402,treino
24854,treino
31876,treino
7256,treino
20861,treino
2744,treino
28476,treino
22846,treino
11837,treino
23533,treino
24011,treino
29490,treino
1536,treino
22465,treino
30726,treino
18354,treino
18312,treino
959,treino
3203,treino
10462,treino
22117,treino
31238,treino
29552,treino
3629,treino
30934,treino
6083,treino
13800,treino
23037,treino
23375,treino
12605,treino
9470,treino
13108,treino
19866,treino
17051,treino
23160,treino
23118,treino
31075,treino
1783,treino
29012,treino
14857,treino
23640,treino
28514,treino
20599,treino
24685,treino
19475,treino
1579,treino
17994,treino
8104,treino
9924,treino
6241,treino
30830,treino
13521,treino
1109,treino
27778,treino
20345,treino
3496,treino
7526,treino
10134,treino
16354,treino
25315,treino
3735,treino
9676,treino
23496,treino
12535,treino
17972,treino
17053,treino
17883,treino
22585,treino
12548,treino
5015,treino
26961,treino
21677,treino
3497,treino
24516,treino
26213,treino
12481,treino
16078,treino
4256,treino
3395,treino
9817,treino
10601,treino
9735,treino
13294,treino
6763,treino
23119,treino
788,treino
1315,treino
8371,treino
21340,treino
4274,treino
24711,treino
8313,treino
21807,treino
29533,treino
13202,treino
30331,treino
8719,treino
14308,treino
26865,treino
18976,treino
31249,treino
10449,treino
16013,treino
25075,treino
28327,treino
5554,treino
25136,treino
289,treino
7989,treino
14454,treino
20933,treino
16032,treino
31942,treino
17948,treino
29432,treino
794,treino
18361,treino
20870,treino
27846,treino
13580,treino
8877,treino
20281,treino
11001,treino
19322,treino
19080,treino
22057,treino
23834,treino
19754,treino
22562,treino
13198,treino
18812,treino
6717,treino
24161,treino
288,treino
4715,treino
1074,treino
7688,treino
13970,treino
23607,treino
32230,treino
2737,treino
24639,treino
24551,treino
1181,treino
13559,treino
574,treino
21605,treino
28134,treino
29247,treino
19751,treino
29739,treino
28551,treino
10279,treino
15838,treino
6416,treino
6480,treino
5559,treino
29896,treino
21817,treino
20991,treino
12444,treino
14039,treino
24929,treino
11507,treino
3422,treino
16804,treino
28534,treino
18185,treino
26222,treino
20408,treino
7290,treino
911,treino
25799,treino
16279,treino
16763,treino
8482,treino
8912,treino
29144,treino
1426,treino
31266,treino
24526,treino
25810,treino
24377,treino
29915,treino
7118,treino
18528,treino
20716,treino
10251,treino
15138,treino
24046,treino
19404,treino
21900,treino
13054,treino
4596,treino
24288,treino
11088,treino
19270,treino
8717,treino
5729,treino
18199,treino
13520,treino
23955,treino
14363,treino
31094,treino
27822,treino
30410,treino
8336,treino
2879,treino
21746,treino
29449,treino
3150,treino
31213,treino
13568,treino
15741,treino
16260,treino
5847,treino
30213,treino
30634,treino
22301,treino
7613,treino
19001,treino
4877,treino
5080,treino
22824,treino
10696,treino
31457,treino
22669,treino
22292,treino
2510,treino
14814,treino
3622,treino
15142,treino
30760,treino
19747,treino
21708,treino
20105,treino
14661,treino
18443,treino
10578,treino
19878,treino
9403,treino
5479,treino
22073,treino
5456,treino
1694,treino
11981,treino
27439,treino
29380,treino
9862,treino
5782,treino
4341,treino
22696,treino
31243,treino
25037,treino
29662,treino
29302,treino
26710,treino
7119,treino
8688,treino
29429,treino
7760,treino
26318,treino
29659,treino
27858,treino
5591,treino
15306,treino
27996,treino
10144,treino
26926,treino
23144,treino
29450,treino
14199,treino
4245,treino
27464,treino
25774,treino
13028,treino
9659,treino
26788,treino
8140,treino
31984,treino
12566,treino
24512,treino
28955,treino
29504,treino
5216,treino
16488,treino
7824,treino
15479,treino
7393,treino
20140,treino
31324,treino
17076,treino
8883,treino
32577,treino
9677,treino
10011,treino
10843,treino
8715,treino
21861,treino
10389,treino
23143,treino
19601,treino
17491,treino
22902,treino
11812,treino
10543,treino
32523,treino
14100,treino
24487,treino
10833,treino
2966,treino
3596,treino
28005,treino
2060,treino
19456,treino
11274,treino
25734,treino
12987,treino
26387,treino
14473,treino
8118,treino
32303,treino
910,treino
25706,treino
1438,treino
11958,treino
30080,treino
21742,treino
29197,treino
24504,treino
28240,treino
20568,treino
32135,treino
31502,treino
7841,treino
4230,treino
24407,treino
16924,treino
2805,treino
3672,treino
15296,treino
11687,treino
29861,treino
27630,treino
8168,treino
28751,treino
23131,treino
19681,treino
20573,treino
10860,treino
2374,treino
18232,treino
26019,treino
10042,treino
25854,treino
14519,treino
10835,treino
7694,treino
29810,treino
13914,treino
24701,treino
4153,treino
30287,treino
1409,treino
12772,treino
6989,treino
9268,treino
18297,treino
22811,treino
20454,treino
23530,treino
24745,treino
32372,treino
11852,treino
7244,treino
4838,treino
18180,treino
24637,treino
7144,treino
25538,treino
22276,treino
9471,treino
14602,treino
7672,treino
29731,treino
26824,treino
7280,treino
24870,treino
28253,treino
30946,treino
28168,treino
16614,treino
20928,treino
20512,treino
11394,treino
5548,treino
27993,treino
32191,treino
23808,treino
5483,treino
30641,treino
4372,treino
14388,treino
14950,treino
17066,treino
11834,treino
20651,treino
31963,treino
31854,treino
27636,treino
22698,treino
23647,treino
8034,treino
16942,treino
32442,treino
12817,treino
22556,treino
6055,treino
29673,treino
15509,treino
29119,treino
10973,treino
8251,treino
19509,treino
3155,treino
29320,treino
8444,treino
16921,treino
9331,treino
16571,treino
904,treino
5141,treino
15438,treino
27686,treino
20076,treino
8302,treino
17033,treino
15772,treino
12908,treino
4618,treino
15702,treino
24987,treino
30109,treino
23779,treino
15937,treino
1884,treino
15134,treino
20805,treino
25831,treino
5712,treino
3616,treino
5672,treino
1218,treino
876,treino
2796,treino
12208,treino
1106,treino
9932,treino
1661,treino
1313,treino
11603,treino
31621,treino
9588,treino
18666,treino
16958,treino
21523,treino
493,treino
30945,treino
10809,treino
25491,treino
31355,treino
14295,treino
21992,treino
23959,treino
27731,treino
32186,treino
30906,treino
10821,treino
4233,treino
11248,treino
15367,treino
1025,treino
2408,treino
7503,treino
1671,treino
1105,treino
12071,treino
17342,treino
24354,treino
7511,treino
17146,treino
11783,treino
10727,treino
2704,treino
25482,treino
5578,treino
28364,treino
32018,treino
19406,treino
7426,treino
15867,treino
10792,treino
26839,treino
16441,treino
14427,treino
21089,treino
11176,treino
2165,treino
29072,treino
24939,treino
19131,treino
3435,treino
3556,treino
27705,treino
22515,treino
13769,treino
4678,treino
25449,treino
4453,treino
25506,treino
21343,treino
17636,treino
3862,treino
25165,treino
28249,treino
27928,treino
26717,treino
799,treino
14417,treino
28990,treino
21206,treino
6702,treino
20341,treino
4919,treino
23053,treino
9881,treino
23390,treino
29961,treino
30539,treino
17423,treino
19502,treino
16504,treino
19412,treino
30263,treino
15705,treino
31393,treino
7675,treino
23672,treino
26,treino
24024,treino
2569,treino
20726,treino
20612,treino
27787,treino
6876,treino
22860,treino
7863,treino
18723,treino
15640,treino
13469,treino
2149,treino
9698,treino
12748,treino
28116,treino
5120,treino
29444,treino
18220,treino
29721,treino
3104,treino
12649,treino
26645,treino
30937,treino
20254,treino
9731,treino
2943,treino
10898,treino
27487,treino
21029,treino
2572,treino
10609,treino
18971,treino
27684,treino
27278,treino
2773,treino
20988,treino
30903,treino
17115,treino
18726,treino
19953,treino
7334,treino
2448,treino
22124,treino
20198,treino
388,treino
31432,treino
9347,treino
16862,treino
15887,treino
11412,treino
23069,treino
10785,treino
7348,treino
26598,treino
10828,treino
22068,treino
21741,treino
12231,treino
6958,treino
9682,treino
4842,treino
9324,treino
32508,treino
24131,treino
1566,treino
14344,treino
559,treino
31129,treino
1725,treino
15193,treino
7065,treino
32201,treino
31875,treino
29903,treino
6058,treino
31199,treino
5159,treino
22413,treino
18069,treino
20593,treino
8669,treino
23282,treino
2094,treino
12116,treino
29154,treino
27169,treino
15034,treino
11273,treino
14877,treino
30341,treino
32306,treino
31184,treino
28724,treino
2318,treino
28992,treino
28447,treino
392,treino
27365,treino
27852,treino
4939,treino
25826,treino
11608,treino
12127,treino
23894,treino
9593,treino
30608,treino
15334,treino
10456,treino
13194,treino
18041,treino
17029,treino
30796,treino
1253,treino
7458,treino
12126,treino
29312,treino
602,treino
31313,treino
26715,treino
4292,treino
8804,treino
9438,treino
9605,treino
32420,treino
28189,treino
4425,treino
7443,treino
1724,treino
13577,treino
22321,treino
3359,treino
24189,treino
8819,treino
31058,treino
11518,treino
851,treino
19078,treino
10154,treino
7078,treino
1103,treino
10739,treino
16420,treino
9133,treino
9107,treino
9981,treino
16928,treino
24746,treino
15110,treino
11600,treino
5244,treino
7599,treino
2275,treino
18327,treino
30742,treino
29899,treino
21769,treino
31776,treino
16885,treino
13459,treino
7525,treino
8474,treino
11478,treino
24320,treino
11147,treino
28347,treino
15807,treino
10348,treino
31987,treino
25042,treino
14733,treino
27473,treino
10469,treino
2565,treino
13916,treino
3015,treino
4575,treino
31237,treino
24990,treino
1458,treino
13657,treino
25210,treino
15151,treino
11590,treino
10811,treino
10728,treino
17375,treino
24897,treino
12665,treino
19251,treino
19999,treino
814,treino
18467,treino
29101,treino
11341,treino
24617,treino
29791,treino
8055,treino
25248,treino
275,treino
3182,treino
18733,treino
16181,treino
20667,treino
1255,treino
17278,treino
30947,treino
32506,treino
26625,treino
23112,treino
17315,treino
19200,treino
16789,treino
21661,treino
4038,treino
21785,treino
20994,treino
8818,treino
22120,treino
18902,treino
5258,treino
32277,treino
23565,treino
27560,treino
6071,treino
20985,treino
5354,treino
25866,treino
31919,treino
31382,treino
17803,treino
6840,treino
6114,treino
25656,treino
32539,treino
19817,treino
24216,treino
12564,treino
19818,treino
17721,treino
27062,treino
30046,treino
4081,treino
31872,treino
6368,treino
11370,treino
16165,treino
18890,treino
8680,treino
24078,treino
5589,treino
10720,treino
13881,treino
13009,treino
55,treino
6513,treino
6384,treino
11631,treino
8644,treino
6021,treino
23597,treino
19816,treino
6019,treino
18291,treino
11592,treino
19624,treino
22647,treino
23989,treino
342,treino
24720,treino
4834,treino
28436,treino
2041,treino
31552,treino
26904,treino
9996,treino
26916,treino
4211,treino
6001,treino
3054,treino
413,treino
16610,treino
15815,treino
21093,treino
7644,treino
11392,treino
26646,treino
16579,treino
19945,treino
1150,treino
12623,treino
10323,treino
28282,treino
17492,treino
19966,treino
19852,treino
11571,treino
9114,treino
17564,treino
755,treino
5700,treino
12617,treino
22783,treino
24444,treino
29180,treino
10520,treino
12020,treino
12643,treino
30123,treino
20188,treino
8267,treino
29755,treino
6494,treino
12792,treino
23251,treino
22625,treino
1553,treino
5342,treino
8693,treino
8155,treino
637,treino
15583,treino
17646,treino
28022,treino
24996,treino
19150,treino
6767,treino
2989,treino
10325,treino
8649,treino
15651,treino
671,treino
28148,treino
23797,treino
24334,treino
5629,treino
31166,treino
2657,treino
16654,treino
14928,treino
23904,treino
6387,treino
14764,treino
12868,treino
24076,treino
16443,treino
22684,treino
17970,treino
674,treino
18785,treino
23027,treino
11849,treino
3779,treino
8570,treino
23067,treino
19513,treino
10287,treino
14083,treino
29928,treino
30456,treino
12256,treino
6774,treino
921,treino
6027,treino
2080,treino
5644,treino
23020,treino
7351,treino
8879,treino
23,treino
15182,treino
10832,treino
7795,treino
26684,treino
27344,treino
4332,treino
23134,treino
13581,treino
17677,treino
29926,treino
27203,treino
5160,treino
16133,treino
11300,treino
23944,treino
1366,treino
5775,treino
21325,treino
19454,treino
29940,treino
4281,treino
17057,treino
8565,treino
21126,treino
21652,treino
5135,treino
12521,treino
27231,treino
8613,treino
7898,treino
17740,treino
30056,treino
12998,treino
23730,treino
24357,treino
16257,treino
19284,treino
1673,treino
27144,treino
15804,treino
10869,treino
3339,treino
26245,treino
25853,treino
19338,treino
3903,treino
19254,treino
13347,treino
9372,treino
3856,treino
24542,treino
26519,treino
9366,treino
17092,treino
26416,treino
27574,treino
31239,treino
18236,treino
17709,treino
11080,treino
319,treino
6937,treino
4355,treino
13419,treino
16590,treino
22123,treino
13534,treino
14548,treino
31318,treino
3894,treino
20876,treino
21866,treino
25006,treino
784,treino
7240,treino
26631,treino
9219,treino
31164,treino
27234,treino
7014,treino
20413,treino
27865,treino
20572,treino
11422,treino
13845,treino
13355,treino
16037,treino
8065,treino
1464,treino
15164,treino
12019,treino
8637,treino
11270,treino
30155,treino
9507,treino
9134,treino
867,treino
24962,treino
29680,treino
3582,treino
28595,treino
9904,treino
22904,treino
24277,treino
25636,treino
21180,treino
2860,treino
23221,treino
31662,treino
10789,treino
19755,treino
20997,treino
20798,treino
14646,treino
7,treino
29632,treino
4997,treino
25789,treino
14697,treino
27977,treino
7329,treino
27049,treino
20581,treino
18837,treino
16434,treino
8576,treino
5611,treino
18514,treino
30516,treino
8807,treino
15681,treino
27830,treino
2481,treino
12185,treino
12979,treino
11440,treino
29243,treino
17927,treino
32240,treino
10080,treino
4980,treino
18117,treino
19703,treino
8248,treino
3409,treino
9156,treino
8668,treino
10172,treino
4278,treino
16467,treino
5420,treino
19093,treino
14398,treino
28147,treino
936,treino
20121,treino
2324,treino
6275,treino
12294,treino
9896,treino
21577,treino
25704,treino
5748,treino
21377,treino
10189,treino
8949,treino
23407,treino
21882,treino
7811,treino
30514,treino
24779,treino
30781,treino
6974,treino
6244,treino
30648,treino
12283,treino
29788,treino
20370,treino
15822,treino
32133,treino
2025,treino
16264,treino
26558,treino
137,treino
21246,treino
11400,treino
13124,treino
27239,treino
31937,treino
2093,treino
6612,treino
27739,treino
14125,treino
4174,treino
9730,treino
13678,treino
9920,treino
16877,treino
29872,treino
4616,treino
4412,treino
28303,treino
691,treino
8486,treino
3208,treino
7461,treino
14640,treino
28396,treino
612,treino
4031,treino
24147,treino
4671,treino
31367,treino
16893,treino
2912,treino
31741,treino
10634,treino
596,treino
31968,treino
21138,treino
19441,treino
20744,treino
24661,treino
14529,treino
3433,treino
9166,treino
30071,treino
6592,treino
25000,treino
12497,treino
30537,treino
19429,treino
15506,treino
21287,treino
21711,treino
15391,treino
32556,treino
14060,treino
1482,treino
19396,treino
1823,treino
17233,treino
16183,treino
32565,treino
24087,treino
4835,treino
27876,treino
2959,treino
27669,treino
20943,treino
940,treino
28964,treino
23857,treino
26289,treino
10105,treino
28695,treino
13004,treino
4163,treino
5694,treino
10552,treino
4542,treino
10988,treino
14140,treino
19599,treino
23332,treino
8040,treino
1899,treino
24609,treino
18393,treino
31369,treino
23767,treino
17656,treino
26073,treino
13991,treino
6656,treino
9011,treino
4779,treino
20357,treino
9085,treino
9137,treino
28121,treino
5327,treino
9865,treino
3589,treino
26396,treino
30412,treino
29417,treino
3982,treino
30765,treino
21720,treino
24675,treino
935,treino
26482,treino
15607,treino
958,treino
26342,treino
24272,treino
22830,treino
22552,treino
19042,treino
10759,treino
9974,treino
29479,treino
30771,treino
29709,treino
20819,treino
13592,treino
19306,treino
21938,treino
29396,treino
419,treino
12836,treino
27527,treino
5599,treino
8718,treino
14996,treino
31035,treino
17881,treino
2079,treino
19638,treino
27834,treino
19388,treino
16774,treino
8865,treino
19622,treino
31667,treino
10228,treino
11107,treino
23433,treino
25102,treino
17157,treino
21449,treino
22100,treino
10397,treino
11716,treino
28612,treino
30444,treino
2384,treino
14999,treino
19489,treino
2339,treino
23476,treino
3745,treino
17313,treino
6157,treino
11045,treino
5703,treino
19823,treino
14938,treino
26972,treino
31679,treino
29196,treino
13447,treino
28904,treino
21849,treino
4945,treino
19510,treino
30852,treino
16852,treino
23370,treino
13093,treino
8252,treino
17844,treino
28081,treino
14597,treino
10502,treino
2151,treino
30232,treino
25501,treino
2110,treino
18455,treino
7453,treino
1244,treino
757,treino
18693,treino
23065,treino
3611,treino
23843,treino
21980,treino
14930,treino
13761,treino
12477,treino
11816,treino
8639,treino
453,treino
20395,treino
16544,treino
1917,treino
22844,treino
9381,treino
8214,treino
23911,treino
22509,treino
26327,treino
21709,treino
29051,treino
17030,treino
24952,treino
27540,treino
16722,treino
17512,treino
14513,treino
5332,treino
24945,treino
10803,treino
16740,treino
14095,treino
4653,treino
17653,treino
364,treino
21877,treino
22865,treino
9708,treino
20986,treino
23775,treino
4967,treino
6566,treino
22836,treino
9527,treino
22387,treino
6659,treino
9863,treino
12833,treino
18135,treino
22045,treino
31478,treino
18750,treino
20032,treino
17903,treino
25606,treino
23784,treino
27007,treino
2099,treino
10528,treino
17280,treino
23480,treino
4089,treino
13670,treino
20545,treino
1125,treino
26021,treino
4461,treino
5013,treino
26829,treino
845,treino
17015,treino
8085,treino
1363,treino
25985,treino
20243,treino
12005,treino
7847,treino
9128,treino
11170,treino
14166,treino
13711,treino
26952,treino
32079,treino
27236,treino
27090,treino
8107,treino
25560,treino
4487,treino
3696,treino
29681,treino
18431,treino
29472,treino
28910,treino
21692,treino
17467,treino
12163,treino
753,treino
32096,treino
11288,treino
30877,treino
27807,treino
13218,treino
23952,treino
15117,treino
24465,treino
27107,treino
26226,treino
23465,treino
25912,treino
6059,treino
24077,treino
30146,treino
6442,treino
31694,treino
24742,treino
277,treino
4222,treino
31201,treino
455,treino
740,treino
20868,treino
23786,treino
15994,treino
29539,treino
15092,treino
27603,treino
17420,treino
21066,treino
18012,treino
647,treino
29701,treino
29815,treino
25066,treino
8760,treino
18800,treino
20694,treino
12944,treino
29833,treino
30289,treino
14589,treino
16955,treino
8853,treino
23132,treino
27449,treino
3442,treino
9062,treino
16391,treino
16229,treino
12798,treino
30495,treino
20918,treino
30050,treino
30131,treino
1516,treino
22441,treino
25283,treino
527,treino
15070,treino
29968,treino
22827,treino
25767,treino
9423,treino
24242,treino
7976,treino
7371,treino
10005,treino
21407,treino
22533,treino
8641,treino
6197,treino
14716,treino
31829,treino
29286,treino
10588,treino
4633,treino
2130,treino
16049,treino
26339,treino
7605,treino
3207,treino
1493,treino
6451,treino
29707,treino
23284,treino
19249,treino
24809,treino
12248,treino
16372,treino
6924,treino
13819,treino
19474,treino
12681,treino
3171,treino
26879,treino
6116,treino
589,treino
17373,treino
13021,treino
4474,treino
31083,treino
5398,treino
7448,treino
22637,treino
20102,treino
11742,treino
16108,treino
17638,treino
24705,treino
18348,treino
4800,treino
30784,treino
26960,treino
12205,treino
21225,treino
19497,treino
19493,treino
20306,treino
6282,treino
4407,treino
15109,treino
3688,treino
10090,treino
611,treino
26195,treino
30264,treino
7626,treino
21544,treino
13980,treino
21326,treino
8752,treino
20420,treino
1552,treino
16922,treino
24566,treino
158,treino
21240,treino
22769,treino
658,treino
17445,treino
25951,treino
24154,treino
5072,treino
15935,treino
20526,treino
18036,treino
26510,treino
30904,treino
1114,treino
12555,treino
8890,treino
6506,treino
7658,treino
28776,treino
16889,treino
4832,treino
5411,treino
28419,treino
440,treino
29538,treino
17256,treino
17061,treino
9467,treino
1005,treino
20906,treino
24218,treino
8759,treino
29306,treino
30423,treino
22088,treino
870,treino
18469,treino
27004,treino
24052,treino
22054,treino
18826,treino
30420,treino
30087,treino
14024,treino
2550,treino
6832,treino
16272,treino
4206,treino
15624,treino
3644,treino
6192,treino
30503,treino
4978,treino
29975,treino
28691,treino
17800,treino
11020,treino
20923,treino
26514,treino
15877,treino
24209,treino
7765,treino
21387,treino
24706,treino
20501,treino
26881,treino
15539,treino
12995,treino
23243,treino
24943,treino
25025,treino
8925,treino
22257,treino
28880,treino
20701,treino
20718,treino
10781,treino
30386,treino
5065,treino
1707,treino
18748,treino
25153,treino
18337,treino
31411,treino
8295,treino
19381,treino
20590,treino
13174,treino
5103,treino
11798,treino
13042,treino
13097,treino
9681,treino
25839,treino
18478,treino
31391,treino
10741,treino
25334,treino
26440,treino
19758,treino
6740,treino
18889,treino
22170,treino
14097,treino
4263,treino
523,treino
5004,treino
9296,treino
24345,treino
19783,treino
6373,treino
16711,treino
19554,treino
29412,treino
7143,treino
23585,treino
16366,treino
25476,treino
5608,treino
26269,treino
22241,treino
30185,treino
8935,treino
30855,treino
17496,treino
23654,treino
27435,treino
315,treino
17663,treino
24906,treino
4319,treino
21573,treino
11952,treino
15491,treino
11326,treino
1270,treino
8058,treino
3487,treino
1534,treino
28402,treino
5911,treino
30265,treino
17896,treino
16046,treino
7987,treino
26480,treino
14338,treino
13377,treino
5501,treino
2721,treino
21186,treino
3714,treino
553,treino
6343,treino
26818,treino
151,treino
14286,treino
13516,treino
1424,treino
23651,treino
5379,treino
6246,treino
10034,treino
22650,treino
13213,treino
20679,treino
5210,treino
14786,treino
5799,treino
15299,treino
6867,treino
22437,treino
32536,treino
29778,treino
24214,treino
7116,treino
22529,treino
19820,treino
25634,treino
28561,treino
15707,treino
29275,treino
21005,treino
19691,treino
11242,treino
17772,treino
23613,treino
23259,treino
13065,treino
10149,treino
30718,treino
27516,treino
32217,treino
17530,treino
6265,treino
7318,treino
23590,treino
26906,treino
5422,treino
11871,treino
21194,treino
12896,treino
32275,treino
14052,treino
7274,treino
31361,treino
4615,treino
31219,treino
3154,treino
18586,treino
3381,treino
1145,treino
19569,treino
4733,treino
27987,treino
30532,treino
16782,treino
6295,treino
8037,treino
21248,treino
20852,treino
24938,treino
28420,treino
29867,treino
22718,treino
7601,treino
16612,treino
27887,treino
15527,treino
16066,treino
6314,treino
16447,treino
6405,treino
22348,treino
19034,treino
12573,treino
15513,treino
358,treino
24420,treino
9486,treino
7996,treino
22469,treino
2853,treino
14715,treino
13878,treino
2359,treino
7544,treino
4812,treino
29471,treino
11033,treino
19540,treino
22240,treino
19330,treino
30859,treino
4637,treino
22467,treino
8186,treino
24286,treino
11848,treino
8157,treino
9645,treino
23373,treino
31352,treino
27984,treino
7129,treino
13020,treino
7326,treino
28047,treino
19891,treino
6762,treino
14672,treino
29173,treino
5723,treino
20777,treino
98,treino
24205,treino
6966,treino
24433,treino
9346,treino
10223,treino
1790,treino
2766,treino
27235,treino
17220,treino
20626,treino
27443,treino
10566,treino
11381,treino
13985,treino
7885,treino
13122,treino
6703,treino
7689,treino
30474,treino
28233,treino
8410,treino
4983,treino
10518,treino
2815,treino
1853,treino
7042,treino
6711,treino
21382,treino
15158,treino
1463,treino
17385,treino
30026,treino
16206,treino
3331,treino
9718,treino
898,treino
22417,treino
23351,treino
11346,treino
2186,treino
5752,treino
28784,treino
12766,treino
3181,treino
14841,treino
2277,treino
17234,treino
31545,treino
29688,treino
7131,treino
30528,treino
7072,treino
4103,treino
18567,treino
25533,treino
22993,treino
21233,treino
4906,treino
2841,treino
4825,treino
29383,treino
16628,treino
20340,treino
25934,treino
22473,treino
13526,treino
23684,treino
3662,treino
23343,treino
724,treino
8452,treino
31309,treino
19309,treino
8712,treino
18403,treino
15965,treino
30823,treino
31795,treino
21548,treino
5812,treino
11780,treino
29055,treino
10549,treino
22788,treino
14752,treino
5647,treino
22796,treino
9293,treino
19169,treino
11976,treino
107,treino
12029,treino
28638,treino
6973,treino
23983,treino
31908,treino
28007,treino
19912,treino
28729,treino
15750,treino
27918,treino
2794,treino
2406,treino
18306,treino
23810,treino
26927,treino
20669,treino
25388,treino
11625,treino
31207,treino
19511,treino
2544,treino
3677,treino
8079,treino
3699,treino
2238,treino
28714,treino
10161,treino
18852,treino
15907,treino
3021,treino
7920,treino
18725,treino
28213,treino
8723,treino
12462,treino
22681,treino
15796,treino
5699,treino
7754,treino
18535,treino
5007,treino
31254,treino
16360,treino
12172,treino
17703,treino
8787,treino
2022,treino
4737,treino
1198,treino
26945,treino
21637,treino
29270,treino
11049,treino
22814,treino
32538,treino
12422,treino
19471,treino
8638,treino
2506,treino
5088,treino
17020,treino
19457,treino
17034,treino
17490,treino
26675,treino
18014,treino
32028,treino
10620,treino
16135,treino
4744,treino
27180,treino
25653,treino
22598,treino
25607,treino
8115,treino
25385,treino
4873,treino
22144,treino
19887,treino
24493,treino
5266,treino
1043,treino
32558,treino
25213,treino
182,treino
19685,treino
28459,treino
16946,treino
26030,treino
17120,treino
19714,treino
29580,treino
1237,treino
2237,treino
28697,treino
19390,treino
12376,treino
31182,treino
31648,treino
19772,treino
17254,treino
2574,treino
3135,treino
25185,treino
6575,treino
20668,treino
19947,treino
11498,treino
5220,treino
9249,treino
2785,treino
15794,treino
30729,treino
13425,treino
31723,treino
23361,treino
1805,treino
9848,treino
3541,treino
28950,treino
1575,treino
27828,treino
22518,treino
12459,treino
7469,treino
24874,treino
26106,treino
16404,treino
29996,treino
27742,treino
6858,treino
636,treino
28093,treino
11004,treino
32260,treino
27110,treino
17909,treino
17860,treino
12030,treino
31869,treino
7389,treino
3824,treino
22995,treino
29616,treino
6067,treino
16549,treino
14889,treino
29068,treino
27804,treino
11542,treino
18879,treino
17025,treino
24751,treino
31645,treino
2577,treino
12739,treino
26689,treino
13216,treino
17832,treino
16636,treino
16004,treino
11776,treino
30509,treino
8630,treino
6721,treino
26920,treino
17281,treino
32473,treino
10496,treino
184,treino
2627,treino
11641,treino
12431,treino
15869,treino
23937,treino
15302,treino
1390,treino
15906,treino
27608,treino
11560,treino
10347,treino
4638,treino
9550,treino
28645,treino
23450,treino
8048,treino
10599,treino
4126,treino
16844,treino
28688,treino
31825,treino
8859,treino
27754,treino
10569,treino
5642,treino
9281,treino
9950,treino
19188,treino
3619,treino
6122,treino
32373,treino
14932,treino
23581,treino
25924,treino
28553,treino
27055,treino
18580,treino
22362,treino
29303,treino
1922,treino
2962,treino
20086,treino
2669,treino
139,treino
17328,treino
21509,treino
13197,treino
20702,treino
28545,treino
22600,treino
32325,treino
2984,treino
22343,treino
14567,treino
16417,treino
18004,treino
9515,treino
24496,treino
9727,treino
25098,treino
3739,treino
4896,treino
6004,treino
12860,treino
3335,treino
5386,treino
2524,treino
12715,treino
27220,treino
631,treino
23172,treino
26539,treino
19664,treino
23583,treino
22499,treino
30583,treino
2953,treino
9102,treino
11530,treino
5087,treino
7349,treino
4546,treino
20057,treino
546,treino
25978,treino
680,treino
9648,treino
13328,treino
12642,treino
15575,treino
2283,treino
13034,treino
21427,treino
5995,treino
810,treino
13110,treino
20513,treino
2515,treino
18674,treino
8002,treino
7520,treino
31503,treino
9076,treino
8149,treino
7077,treino
17333,treino
6280,treino
1290,treino
3459,treino
335,treino
19196,treino
26492,treino
26962,treino
6770,treino
23340,treino
30929,treino
26126,treino
8588,treino
4328,treino
24303,treino
22370,treino
26381,treino
18855,treino
20724,treino
2778,treino
13203,treino
25682,treino
1855,treino
30377,treino
4666,treino
9484,treino
9303,treino
25886,treino
19325,treino
15021,treino
7154,treino
20130,treino
2196,treino
19961,treino
16998,treino
23543,treino
27328,treino
28418,treino
18226,treino
11917,treino
19336,treino
5773,treino
12950,treino
27896,treino
9504,treino
2896,treino
1058,treino
18391,treino
25320,treino
13135,treino
8354,treino
3816,treino
15404,treino
24151,treino
8689,treino
9980,treino
7545,treino
18701,treino
12464,treino
10460,treino
25162,treino
22356,treino
13729,treino
9670,treino
3013,treino
25876,treino
25649,treino
22723,treino
6145,treino
18798,treino
15418,treino
5846,treino
26792,treino
28,treino
7416,treino
18134,treino
5594,treino
29301,treino
404,treino
26695,treino
23637,treino
14690,treino
28423,treino
10380,treino
2104,treino
17630,treino
11333,treino
238,treino
145,treino
19447,treino
17559,treino
32348,treino
20586,treino
14694,treino
20039,treino
18328,treino
22874,treino
31072,treino
803,treino
22053,treino
9478,treino
16174,treino
4572,treino
19711,treino
4134,treino
9288,treino
76,treino
13483,treino
31092,treino
26503,treino
10065,treino
22730,treino
8208,treino
2308,treino
29534,treino
10295,treino
6833,treino
2770,treino
9785,treino
5960,treino
15652,treino
1319,treino
13426,treino
21244,treino
26110,treino
31845,treino
14063,treino
11586,treino
25193,treino
15235,treino
31823,treino
1468,treino
30159,treino
22388,treino
15325,treino
15225,treino
24418,treino
28994,treino
19637,treino
19949,treino
19233,treino
17942,treino
25111,treino
15646,treino
23626,treino
14432,treino
3102,treino
28340,treino
8296,treino
6900,treino
9078,treino
13828,treino
18449,treino
2527,treino
24667,treino
27529,treino
15633,treino
4801,treino
7306,treino
10060,treino
10243,treino
18062,treino
557,treino
16096,treino
3426,treino
15926,treino
29367,treino
21615,treino
17686,treino
30564,treino
19871,treino
19697,treino
7660,treino
17729,treino
3520,treino
9774,treino
32522,treino
15045,treino
22872,treino
28633,treino
5709,treino
27832,treino
16510,treino
23970,treino
27585,treino
10512,treino
16515,treino
22267,treino
28395,treino
18523,treino
17031,treino
32401,treino
13455,treino
21345,treino
25186,treino
26063,treino
15069,treino
30353,treino
24796,treino
29115,treino
29527,treino
1956,treino
27489,treino
28378,treino
9275,treino
11311,treino
3202,treino
23176,treino
7649,treino
4176,treino
4194,treino
23255,treino
21608,treino
17006,treino
16252,treino
25903,treino
9231,treino
21274,treino
31476,treino
24559,treino
22810,treino
29738,treino
11886,treino
22764,treino
6982,treino
10081,treino
3610,treino
5012,treino
17247,treino
24777,treino
12907,treino
25729,treino
16362,treino
10260,treino
8926,treino
18872,treino
19762,treino
11367,treino
22395,treino
6583,treino
1735,treino
4502,treino
14647,treino
30486,treino
17502,treino
20439,treino
14339,treino
29808,treino
11647,treino
23819,treino
14227,treino
10953,treino
6410,treino
16299,treino
17778,treino
25507,treino
8675,treino
26409,treino
27014,treino
2076,treino
19260,treino
11294,treino
15455,treino
3149,treino
27226,treino
21698,treino
28404,treino
22435,treino
8642,treino
30489,treino
26698,treino
27408,treino
8098,treino
4885,treino
30455,treino
19506,treino
23817,treino
22652,treino
15576,treino
16990,treino
13211,treino
27624,treino
22183,treino
13230,treino
9662,treino
3257,treino
23850,treino
16289,treino
18767,treino
29515,treino
1834,treino
16095,treino
14501,treino
1782,treino
28558,treino
32278,treino
29377,treino
1351,treino
26350,treino
1304,treino
31578,treino
13465,treino
24820,treino
8944,treino
28698,treino
25183,treino
6198,treino
19064,treino
31821,treino
1888,treino
14293,treino
11677,treino
192,treino
18240,treino
17096,treino
20983,treino
17091,treino
26534,treino
1760,treino
10004,treino
29988,treino
26937,treino
13802,treino
16935,treino
15552,treino
57,treino
11987,treino
30072,treino
32462,treino
30731,treino
32443,treino
22457,treino
29031,treino
32189,treino
2451,treino
7315,treino
21065,treino
16185,treino
20543,treino
13535,treino
7870,treino
6706,treino
14701,treino
22621,treino
26159,treino
20845,treino
25004,treino
21962,treino
31365,treino
7331,treino
4215,treino
27506,treino
1410,treino
5387,treino
12941,treino
11563,treino
2727,treino
176,treino
21957,treino
17549,treino
1029,treino
7356,treino
10420,treino
2455,treino
10920,treino
5273,treino
1471,treino
1033,treino
12002,treino
13719,treino
31332,treino
4551,treino
31473,treino
9126,treino
31514,treino
27150,treino
10117,treino
14760,treino
28172,treino
30114,treino
4459,treino
19242,treino
14,treino
23519,treino
28354,treino
25253,treino
3792,treino
13650,treino
21265,treino
5727,treino
18156,treino
6411,treino
25511,treino
7234,treino
27245,treino
13123,treino
30622,treino
14705,treino
8334,treino
9684,treino
21031,treino
31602,treino
10670,treino
11125,treino
6845,treino
9608,treino
10190,treino
21221,treino
18019,treino
32357,treino
9020,treino
8536,treino
548,treino
17317,treino
17897,treino
2064,treino
12636,treino
12891,treino
26849,treino
28068,treino
27493,treino
29646,treino
10870,treino
5819,treino
8215,treino
2899,treino
29332,treino
20912,treino
11243,treino
30757,treino
18521,treino
3711,treino
31544,treino
6215,treino
11386,treino
21232,treino
8874,treino
4594,treino
17229,treino
2656,treino
12083,treino
14041,treino
30896,treino
25584,treino
9045,treino
26360,treino
9675,treino
22715,treino
17837,treino
23648,treino
5338,treino
25904,treino
23847,treino
18021,treino
23387,treino
4807,treino
19779,treino
23141,treino
31883,treino
15124,treino
9704,treino
17412,treino
22305,treino
1261,treino
17270,treino
29030,treino
24270,treino
25714,treino
16756,treino
26430,treino
17173,treino
27637,treino
15956,treino
11031,treino
3899,treino
20035,treino
11921,treino
25549,treino
31691,treino
16674,treino
15808,treino
6608,treino
21350,treino
30068,treino
9644,treino
18714,treino
17787,treino
868,treino
9805,treino
22322,treino
4935,treino
8782,treino
14573,treino
23707,treino
13673,treino
26235,treino
20124,treino
15013,treino
13160,treino
16901,treino
32038,treino
10610,treino
28118,treino
4741,treino
28953,treino
8338,treino
8409,treino
12300,treino
20203,treino
11155,treino
31026,treino
9059,treino
12652,treino
21512,treino
25639,treino
2611,treino
17667,treino
14142,treino
91,treino
12032,treino
27040,treino
24049,treino
5426,treino
14581,treino
18802,treino
22775,treino
3439,treino
24392,treino
2097,treino
30384,treino
11665,treino
30550,treino
17567,treino
16681,treino
2595,treino
25517,treino
18797,treino
16905,treino
2148,treino
16725,treino
18989,treino
30980,treino
31188,treino
15097,treino
7901,treino
5714,treino
11184,treino
8092,treino
15895,treino
16494,treino
1286,treino
5226,treino
32274,treino
9577,treino
14508,treino
18063,treino
13395,treino
14871,treino
15321,treino
14836,treino
2590,treino
741,treino
5026,treino
18395,treino
736,treino
19674,treino
24032,treino
31734,treino
10194,treino
26341,treino
19276,treino
8315,treino
9437,treino
2828,treino
2902,treino
2404,treino
11610,treino
20117,treino
4428,treino
19595,treino
22103,treino
29667,treino
20252,treino
18479,treino
28772,treino
23073,treino
23019,treino
23215,treino
2648,treino
30827,treino
1320,treino
25188,treino
29516,treino
4385,treino
6023,treino
17913,treino
14556,treino
9099,treino
19248,treino
32370,treino
9154,treino
5313,treino
18248,treino
5187,treino
23138,treino
29604,treino
9052,treino
17935,treino
24995,treino
28933,treino
28690,treino
3343,treino
6688,treino
4866,treino
30371,treino
14528,treino
23179,treino
29598,treino
6390,treino
14553,treino
26569,treino
23906,treino
29698,treino
16019,treino
27093,treino
8824,treino
32291,treino
21907,treino
14401,treino
16352,treino
10234,treino
14761,treino
29335,treino
30116,treino
19420,treino
18961,treino
19296,treino
25871,treino
17353,treino
31698,treino
4053,treino
4793,treino
9586,treino
5295,treino
6834,treino
11443,treino
24837,treino
12750,treino
7578,treino
25012,treino
28124,treino
4370,treino
25964,treino
14679,treino
28251,treino
10438,treino
4462,treino
27989,treino
13134,treino
17680,treino
26412,treino
8524,treino
11434,treino
18263,treino
27696,treino
6649,treino
2301,treino
22770,treino
14794,treino
18118,treino
28643,treino
14442,treino
15340,treino
16392,treino
6415,treino
1135,treino
23028,treino
7662,treino
27174,treino
19633,treino
27154,treino
14222,treino
27349,treino
8745,treino
7311,treino
9705,treino
10329,treino
26748,treino
18249,treino
23785,treino
25758,treino
20030,treino
3654,treino
7336,treino
21249,treino
23418,treino
15823,treino
1064,treino
19389,treino
17130,treino
20729,treino
25941,treino
4665,treino
9965,treino
1933,treino
24350,treino
3776,treino
2047,treino
22425,treino
2695,treino
28400,treino
13956,treino
30402,treino
20113,treino
14618,treino
32545,treino
30246,treino
29649,treino
24220,treino
30584,treino
13574,treino
21042,treino
12432,treino
9373,treino
22737,treino
84,treino
1833,treino
14196,treino
5690,treino
26560,treino
15497,treino
25644,treino
0,treino
22076,treino
23594,treino
13125,treino
265,treino
27101,treino
4912,treino
3217,treino
20693,treino
20269,treino
4507,treino
20856,treino
21691,treino
15922,treino
3547,treino
9883,treino
6574,treino
16679,treino
17672,treino
27976,treino
18252,treino
8795,treino
433,treino
2484,treino
12592,treino
31327,treino
10330,treino
22570,treino
543,treino
9713,treino
6629,treino
7711,treino
6665,treino
29203,treino
21572,treino
13178,treino
21611,treino
301,treino
22870,treino
26380,treino
17820,treino
24415,treino
20846,treino
27461,treino
20867,treino
1165,treino
20286,treino
15567,treino
15431,treino
32117,treino
17598,treino
11578,treino
29740,treino
29728,treino
1974,treino
8906,treino
24203,treino
20480,treino
27410,treino
27902,treino
23844,treino
19610,treino
15336,treino
19090,treino
11444,treino
32385,treino
30373,treino
30613,treino
6632,treino
31362,treino
15350,treino
20025,treino
1448,treino
1665,treino
8139,treino
11709,treino
21984,treino
32564,treino
26790,treino
7573,treino
29782,treino
5808,treino
14965,treino
14735,treino
4410,treino
25989,treino
17381,treino
5596,treino
31924,treino
5653,treino
9639,treino
9449,treino
27625,treino
5807,treino
26272,treino
7607,treino
25705,treino
32142,treino
895,treino
8544,treino
4343,treino
20925,treino
26659,treino
24060,treino
24757,treino
25140,treino
14065,treino
10463,treino
31801,treino
25078,treino
14447,treino
20314,treino
30637,treino
17503,treino
32318,treino
8279,treino
12695,treino
18310,treino
22700,treino
21307,treino
32181,treino
8911,treino
2321,treino
8619,treino
6601,treino
6789,treino
7761,treino
12611,treino
25589,treino
9322,treino
23764,treino
22485,treino
28468,treino
3909,treino
25146,treino
577,treino
32107,treino
31142,treino
22342,treino
3306,treino
3542,treino
20843,treino
14204,treino
8917,treino
10928,treino
22264,treino
13701,treino
19812,treino
14223,treino
5627,treino
19352,treino
15610,treino
21166,treino
13642,treino
11535,treino
26460,treino
15545,treino
11482,treino
4322,treino
23208,treino
20056,treino
16232,treino
17753,treino
4209,treino
7936,treino
28294,treino
25670,treino
29188,treino
19530,treino
23823,treino
1377,treino
17128,treino
30305,treino
20412,treino
21521,treino
25962,treino
9537,treino
23290,treino
26275,treino
4234,treino
22331,treino
16818,treino
14153,treino
8929,treino
13074,treino
3584,treino
26831,treino
30878,treino
6757,treino
8351,treino
27854,treino
21837,treino
1791,treino
6676,treino
31054,treino
26134,treino
16734,treino
6784,treino
26592,treino
2344,treino
28090,treino
26029,treino
25698,treino
11003,treino
18686,treino
16029,treino
21918,treino
24073,treino
13868,treino
15488,treino
26215,treino
27125,treino
31940,treino
9159,treino
28587,treino
17404,treino
31893,treino
5675,treino
5868,treino
11349,treino
25515,treino
19807,treino
29254,treino
26823,treino
11906,treino
23202,treino
12526,treino
2043,treino
29637,treino
6991,treino
27166,treino
32554,treino
113,treino
8032,treino
10072,treino
5552,treino
15417,treino
8632,treino
30809,treino
2714,treino
4934,treino
2040,treino
28921,treino
21415,treino
31235,treino
22879,treino
29785,treino
15147,treino
27772,treino
31167,treino
21094,treino
3522,treino
24604,treino
13879,treino
22476,treino
4968,treino
21840,treino
9570,treino
17534,treino
29581,treino
28298,treino
4818,treino
31258,treino
8601,treino
4258,treino
30570,treino
26445,treino
28653,treino
23851,treino
29430,treino
26508,treino
12171,treino
22041,treino
1288,treino
2063,treino
8703,treino
6943,treino
27518,treino
25458,treino
7817,treino
11795,treino
12339,treino
12509,treino
30780,treino
219,treino
9479,treino
7410,treino
9321,treino
27689,treino
5923,treino
1684,treino
30200,treino
24699,treino
985,treino
20818,treino
25605,treino
11899,treino
28876,treino
304,treino
6143,treino
28970,treino
16175,treino
10084,treino
4535,treino
7924,treino
27460,treino
3169,treino
15278,treino
21336,treino
13358,treino
25189,treino
17847,treino
24,treino
18704,treino
12297,treino
27111,treino
16795,treino
10473,treino
15127,treino
11207,treino
326,treino
5095,treino
3249,treino
10810,treino
20166,treino
4690,treino
21196,treino
17521,treino
12506,treino
25896,treino
19690,treino
6792,treino
13689,treino
16365,treino
3571,treino
22122,treino
26793,treino
26315,treino
19615,treino
14180,treino
12983,treino
17747,treino
27805,treino
11079,treino
9246,treino
3390,treino
17354,treino
3233,treino
15344,treino
28292,treino
1233,treino
14699,treino
23152,treino
29507,treino
7934,treino
26541,treino
20715,treino
20449,treino
31773,treino
30450,treino
3528,treino
7043,treino
29656,treino
26571,treino
13136,treino
15018,treino
18997,treino
30058,treino
1049,treino
13558,treino
3561,treino
27290,treino
27951,treino
21804,treino
29426,treino
26298,treino
5381,treino
10331,treino
24312,treino
22565,treino
22634,treino
3000,treino
32077,treino
29967,treino
10350,treino
23961,treino
12210,treino
5747,treino
11029,treino
21500,treino
17809,treino
22030,treino
13855,treino
7819,treino
29984,treino
2748,treino
9163,treino
7610,treino
8381,treino
1517,treino
1314,treino
23531,treino
24970,treino
702,treino
4180,treino
20498,treino
1989,treino
30178,treino
3923,treino
19303,treino
8343,treino
3358,treino
25601,treino
21755,treino
5622,treino
26194,treino
28594,treino
7068,treino
20096,treino
8036,treino
14955,treino
18461,treino
20689,treino
20600,treino
30176,treino
31938,treino
18513,treino
16895,treino
2062,treino
6155,treino
29224,treino
3410,treino
25710,treino
11637,treino
3659,treino
15414,treino
22090,treino
26754,treino
7651,treino
26185,treino
26520,treino
19434,treino
25627,treino
14073,treino
16932,treino
15579,treino
24533,treino
15988,treino
14456,treino
4811,treino
14243,treino
18343,treino
18500,treino
29908,treino
26433,treino
13964,treino
588,treino
9285,treino
12226,treino
31263,treino
4204,treino
14503,treino
325,treino
24307,treino
18968,treino
5677,treino
32387,treino
25077,treino
26996,treino
258,treino
9434,treino
14105,treino
1434,treino
22978,treino
3462,treino
21528,treino
11836,treino
18037,treino
20839,treino
26092,treino
31861,treino
31640,treino
20079,treino
2866,treino
18347,treino
31566,treino
4457,treino
5170,treino
21431,treino
12434,treino
7121,treino
3092,treino
11449,treino
13655,treino
25169,treino
4719,treino
3364,treino
28803,treino
9174,treino
14799,treino
29980,treino
4,treino
15309,treino
29343,treino
31849,treino
23314,treino
10054,treino
22905,treino
10198,treino
1864,treino
31480,treino
11344,treino
22892,treino
15156,treino
28216,treino
23405,treino
32057,treino
32407,treino
26203,treino
20034,treino
19704,treino
17114,treino
20842,treino
1817,treino
17751,treino
2582,treino
24523,treino
32042,treino
27895,treino
16687,treino
32340,treino
21231,treino
8197,treino
20099,treino
15963,treino
3823,treino
17863,treino
10517,treino
24457,treino
1332,treino
7149,treino
30761,treino
6555,treino
9019,treino
10539,treino
5667,treino
43,treino
8662,treino
1173,treino
15371,treino
8629,treino
21476,treino
25373,treino
16250,treino
26713,treino
5957,treino
175,treino
6587,treino
1890,treino
15393,treino
2320,treino
31577,treino
16346,treino
22377,treino
30607,treino
22022,treino
23449,treino
8029,treino
25406,treino
1284,treino
13674,treino
6024,treino
12113,treino
20857,treino
21702,treino
27612,treino
10091,treino
9647,treino
13412,treino
8858,treino
23462,treino
19010,treino
18647,treino
14237,treino
21740,treino
19008,treino
32290,treino
4738,treino
14075,treino
20782,treino
22187,treino
32501,treino
951,treino
30458,treino
31878,treino
32055,treino
2691,treino
1540,treino
25277,treino
32286,treino
19693,treino
25273,treino
29027,treino
29298,treino
3517,treino
18940,treino
9450,treino
24045,treino
7357,treino
21371,treino
7781,treino
18488,treino
607,treino
14650,treino
28540,treino
28317,treino
6022,treino
12369,treino
16219,treino
9397,treino
24158,treino
8687,treino
31043,treino
11736,treino
1863,treino
13797,treino
12992,treino
25708,treino
19052,treino
16485,treino
14362,treino
25990,treino
4864,treino
2478,treino
19537,treino
24417,treino
18713,treino
24649,treino
2409,treino
13612,treino
19736,treino
7221,treino
2449,treino
11549,treino
13259,treino
2543,treino
15004,treino
5028,treino
26660,treino
28070,treino
5044,treino
23318,treino
24384,treino
25064,treino
11880,treino
30181,treino
16168,treino
5236,treino
19737,treino
27664,treino
283,treino
11083,treino
3316,treino
25235,treino
6093,treino
12118,treino
12222,treino
18810,treino
4482,treino
17543,treino
17158,treino
7325,treino
30758,treino
337,treino
17969,treino
4092,treino
9399,treino
32430,treino
15471,treino
19563,treino
14484,treino
7556,treino
8599,treino
7876,treino
27399,treino
24394,treino
10725,treino
1027,treino
30482,treino
24339,treino
7833,treino
27400,treino
15848,treino
10769,treino
1430,treino
14837,treino
32293,treino
20088,treino
31554,treino
6886,treino
17835,treino
26784,treino
27335,treino
17669,treino
28155,treino
17707,treino
11652,treino
20392,treino
26895,treino
4024,treino
26211,treino
32198,treino
6897,treino
11911,treino
24386,treino
10554,treino
5254,treino
28552,treino
7757,treino
3407,treino
8870,treino
14250,treino
23011,treino
1039,treino
21641,treino
9180,treino
17205,treino
19350,treino
25298,treino
13747,treino
13814,treino
11186,treino
9808,treino
13228,treino
19045,treino
22028,treino
19346,treino
17901,treino
18755,treino
12214,treino
4087,treino
13208,treino
4043,treino
12675,treino
134,treino
13043,treino
6434,treino
801,treino
9312,treino
21160,treino
26051,treino
13413,treino
20520,treino
26386,treino
2551,treino
25236,treino
468,treino
11722,treino
5685,treino
31467,treino
18212,treino
22178,treino
30017,treino
15685,treino
24471,treino
27626,treino
19920,treino
9067,treino
27496,treino
26936,treino
10237,treino
21752,treino
29065,treino
3429,treino
22549,treino
7679,treino
32203,treino
16781,treino
16170,treino
19824,treino
5784,treino
12528,treino
22909,treino
11427,treino
29514,treino
19726,treino
12201,treino
19141,treino
2479,treino
15100,treino
7151,treino
25211,treino
19197,treino
3722,treino
10059,treino
6847,treino
5792,treino
17207,treino
28153,treino
1548,treino
10246,treino
2081,treino
2342,treino
15655,treino
31463,treino
23246,treino
11384,treino
20957,treino
29061,treino
10316,treino
24759,treino
29626,treino
32159,treino
12086,treino
13496,treino
4032,treino
16963,treino
27771,treino
28218,treino
1851,treino
1381,treino
26885,treino
22204,treino
3040,treino
75,treino
14132,treino
23336,treino
21771,treino
17308,treino
20316,treino
29995,treino
4814,treino
28449,treino
10018,treino
4237,treino
23897,treino
20074,treino
8518,treino
17955,treino
29971,treino
21630,treino
17988,treino
18544,treino
12662,treino
13061,treino
13339,treino
1944,treino
8350,treino
26531,treino
32405,treino
31742,treino
1697,treino
8414,treino
26730,treino
11246,treino
30814,treino
29016,treino
26706,treino
21316,treino
11520,treino
30103,treino
13625,treino
20938,treino
22431,treino
2378,treino
3070,treino
21320,treino
28159,treino
5045,treino
15041,treino
4889,treino
12738,treino
1710,treino
11465,treino
11463,treino
21043,treino
22536,treino
25846,treino
6030,treino
4620,treino
25759,treino
17762,treino
16595,treino
18662,treino
9402,treino
24195,treino
10131,treino
6502,treino
4070,treino
1630,treino
21416,treino
23293,treino
5432,treino
1280,treino
20511,treino
25948,treino
19462,treino
10123,treino
29952,treino
9895,treino
25453,treino
7245,treino
10523,treino
10568,treino
16761,treino
24703,treino
18930,treino
19524,treino
21218,treino
17560,treino
12968,treino
18336,treino
11925,treino
27388,treino
22514,treino
14482,treino
22192,treino
7722,treino
23410,treino
20492,treino
21976,treino
2840,treino
24440,treino
12707,treino
9002,treino
25746,treino
15312,treino
13439,treino
20109,treino
18068,treino
20585,treino
23166,treino
16692,treino
14834,treino
24144,treino
8243,treino
20445,treino
31139,treino
20618,treino
12394,treino
17912,treino
6063,treino
14924,treino
21000,treino
6933,treino
12054,treino
12945,treino
25628,treino
9951,treino
29851,treino
15490,treino
17055,treino
31696,treino
3941,treino
16171,treino
27113,treino
17142,treino
9149,treino
19959,treino
592,treino
9956,treino
8539,treino
11986,treino
18192,treino
13321,treino
3577,treino
28343,treino
15244,treino
3035,treino
6786,treino
22270,treino
10688,treino
18150,treino
18110,treino
2761,treino
28113,treino
8694,treino
20006,treino
31720,treino
8655,treino
30649,treino
6822,treino
3981,treino
5917,treino
17401,treino
287,treino
15632,treino
7186,treino
19844,treino
21626,treino
10249,treino
29666,treino
4290,treino
6072,treino
4308,treino
23638,treino
1329,treino
29568,treino
26467,treino
15213,treino
15692,treino
11229,treino
30654,treino
7958,treino
1087,treino
30817,treino
28613,treino
28222,treino
1269,treino
10984,treino
11509,treino
20264,treino
11957,treino
28722,treino
6736,treino
1642,treino
18503,treino
9739,treino
27587,treino
3762,treino
27837,treino
12703,treino
8555,treino
1466,treino
7734,treino
10531,treino
12948,treino
9581,treino
13057,treino
13864,treino
5811,treino
19399,treino
18009,treino
17416,treino
27495,treino
5726,treino
15985,treino
25431,treino
20882,treino
31542,treino
19839,treino
15817,treino
1736,treino
24537,treino
7148,treino
19371,treino
8829,treino
22709,treino
7212,treino
23690,treino
9779,treino
27691,treino
17011,treino
12784,treino
31372,treino
5043,treino
21696,treino
11325,treino
29268,treino
21707,treino
19191,treino
14943,treino
20652,treino
25360,treino
27117,treino
5292,treino
22856,treino
9240,treino
12591,treino
18838,treino
2459,treino
8586,treino
10185,treino
27794,treino
16044,treino
30672,treino
32262,treino
22125,treino
29274,treino
26217,treino
18280,treino
15992,treino
31340,treino
5049,treino
27240,treino
29001,treino
28413,treino
21627,treino
2874,treino
1207,treino
15781,treino
7463,treino
26362,treino
22566,treino
31330,treino
8033,treino
16015,treino
17588,treino
21107,treino
11216,treino
14412,treino
12156,treino
11178,treino
20519,treino
1954,treino
30938,treino
8579,treino
31388,treino
26377,treino
4313,treino
20136,treino
11692,treino
1582,treino
17501,treino
30118,treino
28531,treino
24328,treino
9001,treino
20476,treino
24577,treino
10468,treino
26932,treino
12793,treino
19405,treino
1816,treino
30915,treino
1973,treino
14609,treino
18550,treino
7801,treino
28586,treino
23125,treino
26040,treino
30575,treino
15608,treino
22804,treino
29652,treino
22937,treino
6647,treino
374,treino
26718,treino
8349,treino
6881,treino
10877,treino
14054,treino
32534,treino
8784,treino
24006,treino
22773,treino
26595,treino
1932,treino
28288,treino
26212,treino
21902,treino
9148,treino
11640,treino
3467,treino
15010,treino
30786,treino
31957,treino
15827,treino
729,treino
23733,treino
20299,treino
5478,treino
31620,treino
19620,treino
26397,treino
27135,treino
14352,treino
26802,treino
1289,treino
30022,treino
25401,treino
24121,treino
10434,treino
29842,treino
18738,treino
261,treino
16107,treino
13468,treino
3315,treino
32304,treino
17422,treino
9590,treino
29117,treino
14138,treino
14434,treino
2731,treino
20479,treino
16578,treino
26827,treino
782,treino
8939,treino
16080,treino
18244,treino
8921,treino
16703,treino
10073,treino
15784,treino
31132,treino
14453,treino
28525,treino
1423,treino
9558,treino
8574,treino
26780,treino
16588,treino
3820,treino
30643,treino
20755,treino
2467,treino
24888,treino
11290,treino
14340,treino
12518,treino
1076,treino
16828,treino
22360,treino
12196,treino
29880,treino
5298,treino
13049,treino
1576,treino
13192,treino
19886,treino
24747,treino
802,treino
25857,treino
17024,treino
30715,treino
25781,treino
14232,treino
27773,treino
31061,treino
445,treino
19561,treino
19415,treino
29609,treino
29481,treino
6299,treino
3382,treino
19028,treino
10270,treino
1704,treino
23406,treino
5374,treino
26588,treino
3884,treino
21639,treino
10296,treino
10750,treino
3966,treino
24626,treino
2382,treino
19776,treino
30011,treino
28621,treino
30042,treino
27053,treino
13773,treino
22447,treino
7549,treino
18186,treino
26197,treino
8435,treino
6089,treino
16142,treino
32024,treino
11656,treino
12046,treino
31186,treino
19267,treino
17022,treino
9354,treino
25435,treino
21111,treino
12426,treino
19383,treino
12028,treino
18048,treino
11096,treino
14031,treino
32521,treino
16163,treino
20640,treino
12560,treino
12607,treino
4273,treino
21348,treino
15799,treino
15251,treino
4384,treino
23768,treino
8512,treino
4171,treino
14108,treino
905,treino
20414,treino
20220,treino
20602,treino
15504,treino
15921,treino
640,treino
3613,treino
24427,treino
30640,treino
24111,treino
26004,treino
21247,treino
24574,treino
1327,treino
13173,treino
11718,treino
5505,treino
23292,treino
13338,treino
2391,treino
2293,treino
2941,treino
7966,treino
8562,treino
1768,treino
27108,treino
18923,treino
27814,treino
102,treino
9736,treino
20302,treino
20793,treino
25565,treino
6696,treino
10094,treino
4002,treino
22606,treino
9889,treino
26934,treino
31461,treino
21826,treino
29220,treino
4716,treino
7701,treino
21723,treino
27964,treino
27991,treino
17318,treino
5885,treino
21551,treino
2343,treino
15395,treino
2864,treino
1254,treino
13638,treino
24363,treino
14494,treino
1009,treino
11635,treino
12679,treino
7307,treino
12018,treino
14709,treino
8999,treino
2372,treino
13809,treino
14141,treino
11943,treino
2917,treino
29927,treino
3717,treino
26884,treino
8091,treino
5935,treino
26014,treino
2867,treino
21772,treino
8082,treino
26875,treino
1600,treino
17246,treino
11800,treino
1651,treino
20816,treino
22475,treino
4415,treino
20046,treino
8812,treino
18696,treino
9791,treino
30113,treino
17259,treino
5969,treino
18164,treino
29244,treino
4102,treino
26290,treino
19555,treino
12530,treino
16982,treino
13575,treino
11671,treino
24769,treino
12587,treino
2576,treino
16882,treino
18947,treino
821,treino
10919,treino
10291,treino
9506,treino
19439,treino
29021,treino
6032,treino
32510,treino
21609,treino
11821,treino
26668,treino
20150,treino
14429,treino
12824,treino
27817,treino
17390,treino
32543,treino
105,treino
25760,treino
8112,treino
5641,treino
585,treino
22802,treino
19985,treino
16215,treino
30991,treino
2182,treino
28854,treino
11773,treino
14084,treino
25156,treino
29771,treino
15254,treino
5717,treino
10057,treino
14954,treino
207,treino
30548,treino
26012,treino
31716,treino
25891,treino
25827,treino
1602,treino
30459,treino
46,treino
7609,treino
30364,treino
766,treino
7075,treino
22756,treino
2222,treino
5991,treino
10885,treino
15209,treino
14713,treino
127,treino
20456,treino
827,treino
10088,treino
20317,treino
29242,treino
24902,treino
9446,treino
31596,treino
19004,treino
28908,treino
15307,treino
31809,treino
23596,treino
7636,treino
4392,treino
7106,treino
13999,treino
4107,treino
18628,treino
25568,treino
31124,treino
10605,treino
21986,treino
7994,treino
478,treino
24564,treino
22490,treino
20663,treino
24152,treino
27571,treino
14606,treino
1138,treino
25928,treino
24241,treino
21558,treino
15879,treino
15390,treino
23756,treino
23402,treino
14724,treino
10709,treino
5735,treino
6498,treino
23404,treino
4113,treino
5651,treino
13758,treino
16617,treino
21281,treino
8268,treino
32365,treino
16663,treino
20131,treino
3905,treino
21378,treino
11564,treino
22477,treino
2871,treino
17322,treino
687,treino
11431,treino
27949,treino
27859,treino
24629,treino
24697,treino
842,treino
19261,treino
28030,treino
20949,treino
20066,treino
10231,treino
21106,treino
4452,treino
31547,treino
14317,treino
27721,treino
1352,treino
11188,treino
31079,treino
27021,treino
20910,treino
7789,treino
30431,treino
3614,treino
5718,treino
30632,treino
18371,treino
12693,treino
5872,treino
28008,treino
32393,treino
20913,treino
16622,treino
1272,treino
13169,treino
19024,treino
26457,treino
20683,treino
19003,treino
4291,treino
22080,treino
1436,treino
10874,treino
29660,treino
26652,treino
22129,treino
7127,treino
23845,treino
14885,treino
15346,treino
15057,treino
14365,treino
20151,treino
25550,treino
24998,treino
21255,treino
11735,treino
1670,treino
13035,treino
6439,treino
19391,treino
20999,treino
4848,treino
13148,treino
1474,treino
21338,treino
18002,treino
11241,treino
21417,treino
22921,treino
22553,treino
2559,treino
30847,treino
29186,treino
10509,treino
23236,treino
3605,treino
26028,treino
22036,treino
21018,treino
4217,treino
18577,treino
28524,treino
13398,treino
16087,treino
396,treino
10701,treino
16514,treino
32460,treino
19258,treino
25946,treino
7399,treino
12456,treino
29916,treino
24807,treino
11753,treino
8690,treino
9643,treino
11575,treino
31802,treino
17885,treino
18625,treino
2606,treino
32050,treino
26816,treino
30631,treino
19859,treino
23778,treino
6452,treino
4298,treino
1742,treino
4333,treino
28555,treino
27254,treino
31306,treino
15020,treino
19522,treino
22379,treino
8972,treino
6750,treino
9530,treino
21410,treino
2528,treino
30304,treino
6508,treino
12209,treino
20984,treino
23346,treino
26177,treino
284,treino
7778,treino
24062,treino
31265,treino
2505,treino
11051,treino
8128,treino
15289,treino
21227,treino
11651,treino
7952,treino
6971,treino
19483,treino
30160,treino
4470,treino
20378,treino
18587,treino
22332,treino
8951,treino
14068,treino
20872,treino
8398,treino
27683,treino
25591,treino
571,treino
24651,treino
28478,treino
31490,treino
18264,treino
31653,treino
28567,treino
24652,treino
2395,treino
20482,treino
24395,treino
31022,treino
5636,treino
31915,treino
19725,treino
23745,treino
25616,treino
12834,treino
28668,treino
18944,treino
1909,treino
29905,treino
1560,treino
18099,treino
32013,treino
10849,treino
24611,treino
19657,treino
11902,treino
8341,treino
15819,treino
4613,treino
8651,treino
21012,treino
188,treino
28498,treino
3869,treino
10856,treino
27221,treino
12278,treino
16347,treino
18684,treino
19626,treino
31270,treino
6038,treino
6422,treino
8020,treino
269,treino
21825,treino
5664,treino
5145,treino
22401,treino
31615,treino
28963,treino
14178,treino
14046,treino
22399,treino
4499,treino
15086,treino
7622,treino
25300,treino
13543,treino
30140,treino
29645,treino
23113,treino
25952,treino
30144,treino
32076,treino
9073,treino
31256,treino
10453,treino
26120,treino
1307,treino
6128,treino
12396,treino
26391,treino
28569,treino
9626,treino
23048,treino
3564,treino
28663,treino
23802,treino
30493,treino
19828,treino
18333,treino
24994,treino
1378,treino
376,treino
9796,treino
29883,treino
22947,treino
19650,treino
4611,treino
17181,treino
29664,treino
2887,treino
19882,treino
2562,treino
2612,treino
259,treino
30992,treino
9795,treino
23225,treino
9737,treino
29848,treino
3001,treino
29347,treino
25393,treino
13981,treino
9023,treino
25254,treino
6425,treino
3828,treino
27825,treino
28528,treino
22385,treino
19768,treino
17746,treino
974,treino
26912,treino
882,treino
280,treino
8094,treino
6515,treino
32250,treino
24966,treino
29026,treino
27898,treino
4403,treino
27528,treino
18053,treino
18955,treino
418,treino
10945,treino
17936,treino
8134,treino
13430,treino
338,treino
8839,treino
14190,treino
24958,treino
20236,treino
22105,treino
11984,treino
32574,treino
15427,treino
11851,treino
28083,treino
8934,treino
9962,treino
24525,treino
24507,treino
23412,treino
29321,treino
28885,treino
4880,treino
2355,treino
5269,treino
10021,treino
17932,treino
25086,treino
22890,treino
2379,treino
15626,treino
24143,treino
17399,treino
21116,treino
19872,treino
21213,treino
9636,treino
2800,treino
11161,treino
11710,treino
24643,treino
3565,treino
7394,treino
568,treino
15760,treino
20946,treino
4465,treino
21222,treino
23646,treino
12658,treino
27142,treino
29150,treino
4140,treino
5612,treino
13528,treino
4608,treino
20740,treino
30271,treino
21644,treino
20242,treino
7577,treino
19156,treino
24679,treino
3530,treino
15218,treino
3961,treino
28625,treino
8815,treino
4527,treino
17189,treino
14666,treino
32427,treino
16769,treino
26388,treino
18362,treino
4582,treino
27806,treino
29615,treino
10444,treino
5362,treino
6523,treino
28889,treino
1646,treino
14026,treino
23916,treino
12194,treino
9961,treino
3386,treino
15954,treino
22569,treino
24012,treino
26678,treino
9829,treino
17439,treino
29257,treino
15432,treino
16779,treino
26414,treino
26238,treino
11881,treino
26557,treino
13732,treino
18679,treino
29759,treino
27642,treino
7435,treino
20712,treino
25329,treino
2948,treino
8250,treino
9728,treino
9916,treino
8102,treino
28878,treino
5066,treino
23859,treino
13691,treino
32044,treino
13982,treino
3988,treino
18967,treino
30572,treino
9097,treino
5637,treino
15093,treino
15208,treino
291,treino
13507,treino
12443,treino
6337,treino
2265,treino
13351,treino
24399,treino
29651,treino
7638,treino
11864,treino
16280,treino
14804,treino
7917,treino
5649,treino
12807,treino
26720,treino
16975,treino
26985,treino
6226,treino
22843,treino
32058,treino
1008,treino
29844,treino
1099,treino
12698,treino
30427,treino
28256,treino
19194,treino
3352,treino
68,treino
27379,treino
18884,treino
31353,treino
25379,treino
10706,treino
29129,treino
28029,treino
3167,treino
1778,treino
26639,treino
13319,treino
4086,treino
17658,treino
23218,treino
28247,treino
3110,treino
29390,treino
28237,treino
8470,treino
9725,treino
3586,treino
13453,treino
29308,treino
21014,treino
23188,treino
31231,treino
27605,treino
1183,treino
11809,treino
23614,treino
14353,treino
24616,treino
2142,treino
10766,treino
22246,treino
9384,treino
20045,treino
31013,treino
24904,treino
23269,treino
669,treino
22353,treino
19349,treino
8560,treino
18702,treino
534,treino
3235,treino
21603,treino
7763,treino
13117,treino
31956,treino
16517,treino
16823,treino
7339,treino
29546,treino
30326,treino
19002,treino
15205,treino
11017,treino
24235,treino
23018,treino
1176,treino
5927,treino
11630,treino
29619,treino
459,treino
1832,treino
24623,treino
29512,treino
28100,treino
7076,treino
28052,treino
5089,treino
2173,treino
3668,treino
11277,treino
5840,treino
2280,treino
11555,treino
16619,treino
3603,treino
31505,treino
17575,treino
3930,treino
30409,treino
27498,treino
30053,treino
29679,treino
26291,treino
28154,treino
21557,treino
5803,treino
15121,treino
8242,treino
8725,treino
16050,treino
20637,treino
228,treino
1925,treino
8527,treino
5874,treino
26398,treino
3094,treino
17287,treino
15304,treino
18858,treino
12582,treino
11658,treino
18705,treino
30006,treino
7239,treino
4193,treino
25427,treino
24338,treino
14379,treino
21862,treino
14458,treino
22580,treino
31593,treino
15242,treino
14033,treino
15569,treino
18171,treino
10820,treino
26082,treino
26803,treino
4994,treino
13942,treino
11680,treino
28077,treino
27430,treino
7614,treino
20790,treino
21303,treino
31242,treino
4593,treino
20360,treino
8436,treino
31726,treino
10616,treino
18687,treino
14685,treino
9651,treino
25981,treino
12829,treino
1968,treino
7837,treino
5447,treino
15139,treino
25791,treino
681,treino
8557,treino
27413,treino
23525,treino
2045,treino
11249,treino
22268,treino
1511,treino
6245,treino
22256,treino
5972,treino
27015,treino
21324,treino
10731,treino
4135,treino
28169,treino
7978,treino
16870,treino
12454,treino
218,treino
27242,treino
26512,treino
22932,treino
30611,treino
10590,treino
27919,treino
13114,treino
25521,treino
4882,treino
21864,treino
5615,treino
17300,treino
5856,treino
1510,treino
15080,treino
21631,treino
4778,treino
584,treino
26113,treino
2725,treino
12770,treino
24861,treino
3212,treino
31724,treino
2537,treino
29440,treino
23307,treino
22847,treino
30315,treino
24105,treino
21124,treino
25575,treino
25063,treino
29653,treino
20930,treino
24070,treino
9820,treino
1224,treino
30242,treino
6561,treino
1819,treino
32053,treino
17823,treino
30426,treino
27450,treino
21567,treino
15639,treino
24754,treino
15221,treino
4426,treino
10556,treino
30507,treino
23167,treino
6920,treino
30059,treino
25088,treino
1111,treino
24454,treino
2487,treino
28851,treino
27833,treino
19682,treino
4451,treino
10200,treino
24252,treino
24540,treino
16923,treino
21152,treino
29878,treino
16052,treino
15012,treino
14422,treino
3942,treino
11839,treino
10366,treino
1807,treino
29373,treino
23425,treino
5619,treino
2951,treino
29599,treino
19167,treino
25727,treino
13393,treino
14704,treino
27339,treino
11891,treino
19995,treino
20094,treino
14850,treino
1278,treino
2699,treino
10719,treino
11461,treino
23423,treino
24607,treino
2779,treino
6247,treino
23252,treino
9964,treino
10199,treino
27158,treino
8150,treino
9007,treino
1852,treino
12581,treino
6636,treino
4754,treino
21774,treino
27051,treino
20935,treino
22361,treino
11339,treino
6331,treino
11407,treino
12102,treino
15384,treino
5692,treino
27167,treino
25112,treino
19395,treino
25828,treino
11023,treino
8075,treino
4294,treino
14056,treino
7509,treino
12565,treino
23995,treino
21104,treino
20831,treino
21839,treino
3943,treino
28234,treino
5908,treino
13630,treino
12398,treino
15430,treino
14968,treino
11696,treino
31859,treino
30336,treino
25494,treino
14845,treino
24466,treino
9048,treino
20629,treino
23435,treino
10858,treino
29305,treino
18835,treino
28523,treino
24760,treino
1680,treino
8930,treino
18242,treino
4975,treino
7827,treino
31852,treino
19437,treino
9521,treino
21791,treino
2777,treino
20859,treino
29120,treino
15096,treino
1995,treino
15737,treino
6460,treino
2848,treino
21117,treino
19377,treino
17840,treino
28027,treino
24322,treino
32266,treino
15676,treino
22013,treino
16540,treino
25737,treino
11537,treino
11697,treino
24692,treino
8899,treino
28944,treino
14356,treino
22420,treino
26262,treino
442,treino
23232,treino
25814,treino
20752,treino
26316,treino
31284,treino
2564,treino
2655,treino
9406,treino
25346,treino
9919,treino
30659,treino
18340,treino
1950,treino
3937,treino
7715,treino
15687,treino
29710,treino
9005,treino
1675,treino
21411,treino
25257,treino
5966,treino
31193,treino
881,treino
24079,treino
17796,treino
14922,treino
22382,treino
8964,treino
10253,treino
31376,treino
8211,treino
24872,treino
17180,treino
29145,treino
9183,treino
27757,treino
32091,treino
14576,treino
29402,treino
27394,treino
11199,treino
16582,treino
8581,treino
4127,treino
6720,treino
18536,treino
23470,treino
26902,treino
15348,treino
3503,treino
13583,treino
15494,treino
19035,treino
22372,treino
7228,treino
8502,treino
244,treino
29324,treino
12203,treino
13091,treino
5965,treino
15853,treino
29678,treino
467,treino
12498,treino
15932,treino
21780,treino
29746,treino
20516,treino
24808,treino
4837,treino
29942,treino
31624,treino
4855,treino
24713,treino
30225,treino
8837,treino
25894,treino
32086,treino
14953,treino
29393,treino
30429,treino
1457,treino
31406,treino
26168,treino
12393,treino
18272,treino
23429,treino
8339,treino
25174,treino
31707,treino
27990,treino
23356,treino
15420,treino
29269,treino
11102,treino
16855,treino
24957,treino
25863,treino
29816,treino
28088,treino
10857,treino
1636,treino
16642,treino
17518,treino
23175,treino
14959,treino
25686,treino
1382,treino
24304,treino
5631,treino
24174,treino
8910,treino
32173,treino
262,treino
17666,treino
4554,treino
20366,treino
2252,treino
21936,treino
27718,treino
12832,treino
27595,treino
27181,treino
2441,treino
9185,treino
19846,treino
20532,treino
24810,treino
6985,treino
30723,treino
29345,treino
24028,treino
19975,treino
19729,treino
28894,treino
1616,treino
18995,treino
29007,treino
4357,treino
16192,treino
23577,treino
26640,treino
10575,treino
24470,treino
1533,treino
4445,treino
21964,treino
13289,treino
30016,treino
26470,treino
12362,treino
26150,treino
7747,treino
13789,treino
30272,treino
14036,treino
32438,treino
28130,treino
26776,treino
31649,treino
24200,treino
4440,treino
11612,treino
17872,treino
28076,treino
11872,treino
18202,treino
11348,treino
9562,treino
11745,treino
23216,treino
3473,treino
22988,treino
30193,treino
21328,treino
26005,treino
16784,treino
23963,treino
13703,treino
5492,treino
7434,treino
8324,treino
16119,treino
27538,treino
22789,treino
1535,treino
13286,treino
29932,treino
31086,treino
17992,treino
8740,treino
19430,treino
29457,treino
13892,treino
8421,treino
30337,treino
27118,treino
23898,treino
24080,treino
29511,treino
4287,treino
19512,treino
20787,treino
10891,treino
5956,treino
24211,treino
26750,treino
2120,treino
24587,treino
16435,treino
12886,treino
24974,treino
27350,treino
19217,treino
18553,treino
11133,treino
26761,treino
17003,treino
23032,treino
30461,treino
23354,treino
26874,treino
14894,treino
14796,treino
31666,treino
30413,treino
14596,treino
22790,treino
18295,treino
29043,treino
12708,treino
25762,treino
4566,treino
31252,treino
17865,treino
941,treino
21865,treino
28741,treino
4700,treino
24500,treino
25204,treino
27106,treino
13276,treino
2697,treino
8090,treino
32267,treino
16292,treino
14128,treino
1187,treino
15207,treino
29907,treino
14200,treino
6728,treino
20889,treino
14770,treino
24724,treino
3770,treino
28188,treino
5070,treino
14970,treino
26928,treino
5192,treino
23627,treino
29796,treino
12001,treino
21314,treino
27094,treino
5944,treino
1142,treino
10538,treino
8808,treino
13849,treino
22771,treino
22927,treino
17356,treino
17539,treino
27283,treino
26565,treino
14269,treino
4525,treino
19771,treino
25084,treino
32471,treino
3458,treino
23088,treino
8392,treino
1943,treino
2749,treino
29435,treino
12571,treino
12166,treino
27149,treino
3944,treino
21735,treino
31670,treino
23422,treino
20311,treino
14106,treino
20005,treino
486,treino
28966,treino
26789,treino
4156,treino
28346,treino
17924,treino
14461,treino
12132,treino
26266,treino
4962,treino
4721,treino
22984,treino
8493,treino
6404,treino
1012,treino
20536,treino
21624,treino
3809,treino
10983,treino
13889,treino
5658,treino
30913,treino
30652,treino
30762,treino
16021,treino
30394,treino
4524,treino
25340,treino
23210,treino
1346,treino
31337,treino
28206,treino
13532,treino
10141,treino
16992,treino
31286,treino
5245,treino
7027,treino
16373,treino
23203,treino
31705,treino
22639,treino
5756,treino
5467,treino
21254,treino
6554,treino
32570,treino
1908,treino
5090,treino
24774,treino
1919,treino
3958,treino
23560,treino
25910,treino
26417,treino
29474,treino
32228,treino
7802,treino
14881,treino
23856,treino
21202,treino
7470,treino
14820,treino
22297,treino
20278,treino
10069,treino
25693,treino
18213,treino
771,treino
30327,treino
21036,treino
26066,treino
23509,treino
14314,treino
24376,treino
1702,treino
594,treino
5558,treino
11203,treino
4114,treino
18166,treino
24773,treino
10675,treino
13237,treino
29663,treino
25239,treino
1633,treino
20739,treino
28749,treino
17989,treino
30372,treino
31964,treino
21674,treino
11111,treino
22898,treino
2446,treino
12912,treino
16939,treino
22624,treino
11228,treino
4243,treino
6369,treino
28807,treino
8063,treino
19858,treino
25150,treino
12164,treino
22795,treino
11679,treino
22961,treino
25787,treino
21489,treino
3627,treino
12307,treino
9794,treino
27170,treino
29056,treino
27421,treino
18136,treino
23824,treino
883,treino
30818,treino
19525,treino
8634,treino
16729,treino
5126,treino
2696,treino
28804,treino
587,treino
10241,treino
1186,treino
2160,treino
2751,treino
17357,treino
25031,treino
27875,treino
1740,treino
4921,treino
30530,treino
4541,treino
1001,treino
24477,treino
11681,treino
5674,treino
9911,treino
8306,treino
24462,treino
32184,treino
4105,treino
18445,treino
5444,treino
14005,treino
15566,treino
6504,treino
27789,treino
26594,treino
25860,treino
6117,treino
3752,treino
24694,treino
30347,treino
11968,treino
14094,treino
21871,treino
18585,treino
5765,treino
7933,treino
5054,treino
11460,treino
26559,treino
23830,treino
20385,treino
21046,treino
2931,treino
24653,treino
13514,treino
24475,treino
11597,treino
2949,treino
28215,treino
25231,treino
20975,treino
16503,treino
22557,treino
12967,treino
14720,treino
12830,treino
23696,treino
27227,treino
1258,treino
12742,treino
18574,treino
22808,treino
26977,treino
19544,treino
4349,treino
7871,treino
17592,treino
31000,treino
26207,treino
30317,treino
16395,treino
21300,treino
23861,treino
20078,treino
5650,treino
3863,treino
604,treino
7038,treino
2295,treino
15673,treino
25881,treino
210,treino
27969,treino
25593,treino
2296,treino
5805,treino
26426,treino
22551,treino
15769,treino
21197,treino
15290,treino
18527,treino
29422,treino
18385,treino
5457,treino
16432,treino
8616,treino
29685,treino
10133,treino
9171,treino
4188,treino
9451,treino
16819,treino
10259,treino
13593,treino
4680,treino
14676,treino
14798,treino
21733,treino
23669,treino
23589,treino
21983,treino
28026,treino
19255,treino
10875,treino
16231,treino
2567,treino
23504,treino
5859,treino
15153,treino
3298,treino
12682,treino
23571,treino
20598,treino
2202,treino
9404,treino
22955,treino
891,treino
11613,treino
4121,treino
26094,treino
6003,treino
1459,treino
29341,treino
2253,treino
29716,treino
13064,treino
7203,treino
10136,treino
12542,treino
12638,treino
30233,treino
26006,treino
25880,treino
30472,treino
30498,treino
27057,treino
24839,treino
25671,treino
6436,treino
13606,treino
9778,treino
13925,treino
27799,treino
28767,treino
15961,treino
8794,treino
16766,treino
23947,treino
10286,treino
28909,treino
17330,treino
4614,treino
2309,treino
20053,treino
21144,treino
13139,treino
30663,treino
13887,treino
17615,treino
7319,treino
29364,treino
1502,treino
19124,treino
9081,treino
27244,treino
31451,treino
16600,treino
1836,treino
9499,treino
30282,treino
10045,treino
2031,treino
23321,treino
31104,treino
26157,treino
20458,treino
3164,treino
11066,treino
10742,treino
4202,treino
11988,treino
28176,treino
9390,treino
13607,treino
32043,treino
22607,treino
26825,treino
19614,treino
956,treino
31850,treino
24349,treino
12290,treino
21798,treino
7588,treino
7616,treino
26561,treino
26038,treino
5587,treino
14233,treino
21368,treino
2194,treino
125,treino
16055,treino
682,treino
22540,treino
17695,treino
26048,treino
26200,treino
22855,treino
324,treino
23789,treino
14630,treino
17443,treino
3,treino
30488,treino
20666,treino
25290,treino
1521,treino
5640,treino
12250,treino
6463,treino
8227,treino
16064,treino
1544,treino
12494,treino
13987,treino
1178,treino
8739,treino
9493,treino
18717,treino
6140,treino
171,treino
20169,treino
9594,treino
25724,treino
30054,treino
15675,treino
13094,treino
27694,treino
8666,treino
30893,treino
21924,treino
9429,treino
26852,treino
23816,treino
20549,treino
27480,treino
2208,treino
10893,treino
21529,treino
4624,treino
21185,treino
30853,treino
9405,treino
20892,treino
19007,treino
10391,treino
9016,treino
15437,treino
23031,treino
7869,treino
12048,treino
22610,treino
8405,treino
18033,treino
31057,treino
405,treino
27153,treino
7451,treino
8483,treino
17100,treino
8205,treino
22495,treino
7541,treino
18387,treino
16188,treino
26373,treino
4504,treino
6048,treino
8308,treino
3084,treino
29018,treino
32513,treino
7518,treino
22146,treino
26016,treino
832,treino
30150,treino
2859,treino
26690,treino
30110,treino
28398,treino
32283,treino
95,treino
18952,treino
21835,treino
25083,treino
21402,treino
25362,treino
7022,treino
32450,treino
11627,treino
3132,treino
15372,treino
23676,treino
31277,treino
18612,treino
27701,treino
24536,treino
15856,treino
29495,treino
21032,treino
31739,treino
20155,treino
30081,treino
23934,treino
31685,treino
17500,treino
27192,treino
3313,treino
13162,treino
2952,treino
22851,treino
9668,treino
6603,treino
15714,treino
28191,treino
3626,treino
29919,treino
17962,treino
16717,treino
11797,treino
21794,treino
3836,treino
12488,treino
11515,treino
28368,treino
22271,treino
29543,treino
3495,treino
23706,treino
17406,treino
11594,treino
17550,treino
31867,treino
6065,treino
16059,treino
30222,treino
9513,treino
4454,treino
18267,treino
9061,treino
18357,treino
6748,treino
6406,treino
29277,treino
9600,treino
11220,treino
13256,treino
6500,treino
18756,treino
13090,treino
18208,treino
871,treino
27282,treino
24248,treino
8904,treino
10834,treino
15154,treino
2870,treino
8077,treino
2534,treino
16262,treino
20289,treino
13569,treino
19804,treino
20210,treino
16721,treino
18152,treino
199,treino
27600,treino
17085,treino
365,treino
13292,treino
12107,treino
11914,treino
5914,treino
5365,treino
21930,treino
1478,treino
1902,treino
24315,treino
19445,treino
28410,treino
9914,treino
16462,treino
26474,treino
8255,treino
13927,treino
18758,treino
9164,treino
16357,treino
9318,treino
15073,treino
20488,treino
25675,treino
7815,treino
18149,treino
1065,treino
29923,treino
22284,treino
14873,treino
20604,treino
27525,treino
8491,treino
9385,treino
3506,treino
23738,treino
19376,treino
30094,treino
27019,treino
20849,treino
11410,treino
11729,treino
27131,treino
23098,treino
6189,treino
27849,treino
20830,treino
483,treino
16743,treino
29427,treino
11796,treino
1948,treino
29643,treino
14231,treino
24665,treino
6286,treino
19793,treino
12229,treino
9032,treino
9760,treino
8086,treino
16361,treino
29076,treino
639,treino
27479,treino
13498,treino
13859,treino
18927,treino
4902,treino
15038,treino
20658,treino
12744,treino
14583,treino
7488,treino
15460,treino
19581,treino
20440,treino
6534,treino
8554,treino
5904,treino
4216,treino
31586,treino
12647,treino
9124,treino
22809,treino
21518,treino
9894,treino
5617,treino
5272,treino
16710,treino
7729,treino
2036,treino
9832,treino
10615,treino
24306,treino
11759,treino
5550,treino
10525,treino
29283,treino
23080,treino
9557,treino
32213,treino
10492,treino
17675,treino
3826,treino
25345,treino
29419,treino
13316,treino
16151,treino
31354,treino
25530,treino
11626,treino
11437,treino
9797,treino
32022,treino
18697,treino
19438,treino
27037,treino
25178,treino
31146,treino
12825,treino
10000,treino
32242,treino
7984,treino
31582,treino
25234,treino
3871,treino
2353,treino
1110,treino
24139,treino
7411,treino
27428,treino
30049,treino
24039,treino
10606,treino
22233,treino
31999,treino
14840,treino
12964,treino
4938,treino
2113,treino
18000,treino
30009,treino
20827,treino
28106,treino
25553,treino
7378,treino
4084,treino
11747,treino
31151,treino
21935,treino
18292,treino
11878,treino
2862,treino
5575,treino
24756,treino
10385,treino
25421,treino
13258,treino
1601,treino
21961,treino
31717,treino
5742,treino
14102,treino
5817,treino
3240,treino
1907,treino
28103,treino
27845,treino
20794,treino
13467,treino
24419,treino
14448,treino
423,treino
19060,treino
22545,treino
9512,treino
30432,treino
15519,treino
27885,treino
686,treino
3906,treino
3026,treino
24442,treino
12473,treino
9252,treino
25920,treino
17195,treino
19353,treino
6540,treino
9079,treino
6888,treino
20259,treino
13326,treino
17436,treino
15630,treino
731,treino
5294,treino
16359,treino
22371,treino
7342,treino
8163,treino
8721,treino
28389,treino
2839,treino
4007,treino
20382,treino
15480,treino
19137,treino
18935,treino
7844,treino
22962,treino
20720,treino
28865,treino
1631,treino
10230,treino
31125,treino
20465,treino
952,treino
24262,treino
5525,treino
18147,treino
8531,treino
4724,treino
26324,treino
30354,treino
23245,treino
9432,treino
31090,treino
955,treino
8628,treino
1440,treino
25036,treino
10617,treino
12578,treino
19123,treino
30251,treino
28852,treino
988,treino
4703,treino
2809,treino
27419,treino
30349,treino
9836,treino
16542,treino
7165,treino
19777,treino
1777,treino
31470,treino
4326,treino
3445,treino
19781,treino
22777,treino
18359,treino
7130,treino
18994,treino
14890,treino
7026,treino
1915,treino
2743,treino
17197,treino
3318,treino
27956,treino
19744,treino
31746,treino
23273,treino
12805,treino
12996,treino
19780,treino
24250,treino
14546,treino
5734,treino
24124,treino
30379,treino
5730,treino
16800,treino
8406,treino
10003,treino
24702,treino
20291,treino
20347,treino
11896,treino
1252,treino
17303,treino
16058,treino
20288,treino
3300,treino
21125,treino
14610,treino
8624,treino
2960,treino
15670,treino
21565,treino
16154,treino
22484,treino
18990,treino
22153,treino
17102,treino
19019,treino
23495,treino
7175,treino
25116,treino
19618,treino
10608,treino
9876,treino
12334,treino
22816,treino
8967,treino
6372,treino
19316,treino
4311,treino
12570,treino
16988,treino
12876,treino
2508,treino
28163,treino
4484,treino
5988,treino
10217,treino
31868,treino
7450,treino
2026,treino
30000,treino
9270,treino
16016,treino
7957,treino
1765,treino
18076,treino
25221,treino
27508,treino
12600,treino
7524,treino
5209,treino
16457,treino
17687,treino
7226,treino
2310,treino
20967,treino
29661,treino
29487,treino
14469,treino
22498,treino
14077,treino
6234,treino
26422,treino
29611,treino
20534,treino
3742,treino
8019,treino
30708,treino
32507,treino
19071,treino
24268,treino
1032,treino
781,treino
3401,treino
13938,treino
26911,treino
3972,treino
14605,treino
30029,treino
3956,treino
2776,treino
1624,treino
8756,treino
15669,treino
22285,treino
15327,treino
32205,treino
26757,treino
9524,treino
12702,treino
7773,treino
21525,treino
5033,treino
28913,treino
19198,treino
20448,treino
29958,treino
19753,treino
20430,treino
9559,treino
22422,treino
22741,treino
22555,treino
12101,treino
17047,treino
24505,treino
6050,treino
7316,treino
18382,treino
10106,treino
15747,treino
2071,treino
11372,treino
11605,treino
878,treino
22078,treino
15059,treino
26473,treino
23622,treino
6178,treino
10095,treino
12956,treino
22016,treino
5450,treino
613,treino
24069,treino
31574,treino
27484,treino
31141,treino
11995,treino
20163,treino
20826,treino
18338,treino
20185,treino
16541,treino
5480,treino
23964,treino
31608,treino
28824,treino
23436,treino
22689,treino
7178,treino
16042,treino
13846,treino
18293,treino
4497,treino
23529,treino
18849,treino
28264,treino
20768,treino
22805,treino
10165,treino
2218,treino
28619,treino
3113,treino
24833,treino
5565,treino
8758,treino
1072,treino
9278,treino
7190,treino
10379,treino
31719,treino
6433,treino
26059,treino
1239,treino
25240,treino
15648,treino
13128,treino
7851,treino
21358,treino
25382,treino
20019,treino
14092,treino
15260,treino
11380,treino
14360,treino
17378,treino
18144,treino
32102,treino
21701,treino
28732,treino
4250,treino
4181,treino
6235,treino
11136,treino
879,treino
5441,treino
25976,treino
2988,treino
14161,treino
15526,treino
3987,treino
14028,treino
8848,treino
8742,treino
14066,treino
32302,treino
6249,treino
12227,treino
11546,treino
19375,treino
26648,treino
18933,treino
18414,treino
18210,treino
20001,treino
29356,treino
14711,treino
15119,treino
14700,treino
5837,treino
24093,treino
4147,treino
11500,treino
22254,treino
7187,treino
4758,treino
24801,treino
1637,treino
7439,treino
31990,treino
27120,treino
4628,treino
30993,treino
19421,treino
13375,treino
3692,treino
17661,treino
12223,treino
1034,treino
13261,treino
21933,treino
23811,treino
31842,treino
3325,treino
7464,treino
16597,treino
25316,treino
12441,treino
23320,treino
14706,treino
502,treino
31520,treino
19552,treino
16479,treino
12204,treino
16270,treino
22404,treino
31295,treino
22643,treino
4093,treino
3874,treino
2687,treino
5635,treino
16402,treino
19952,treino
7707,treino
15757,treino
4242,treino
19193,treino
27002,treino
30183,treino
11095,treino
32364,treino
26077,treino
25333,treino
29708,treino
18731,treino
2821,treino
4179,treino
15536,treino
26439,treino
26988,treino
30108,treino
25242,treino
15275,treino
20162,treino
11493,treino
19514,treino
27177,treino
26232,treino
22841,treino
32530,treino
32435,treino
11030,treino
10572,treino
1978,treino
20771,treino
15945,treino
23609,treino
30188,treino
909,treino
30736,treino
23974,treino
17639,treino
10289,treino
626,treino
32482,treino
2272,treino
11782,treino
27548,treino
28584,treino
30182,treino
11521,treino
14152,treino
27503,treino
32314,treino
22177,treino
11281,treino
9740,treino
21748,treino
3139,treino
1098,treino
22418,treino
17998,treino
12301,treino
30764,treino
1016,treino
21947,treino
31677,treino
3767,treino
24176,treino
11471,treino
27914,treino
29168,treino
17477,treino
1097,treino
31568,treino
21827,treino
830,treino
7156,treino
5250,treino
9394,treino
12269,treino
18534,treino
18339,treino
25369,treino
21508,treino
22572,treino
20048,treino
31676,treino
31496,treino
19639,treino
4847,treino
4023,treino
25386,treino
14520,treino
8665,treino
15040,treino
1541,treino
30079,treino
21574,treino
4565,treino
13030,treino
21119,treino
282,treino
5655,treino
30656,treino
31294,treino
27052,treino
20563,treino
8116,treino
15130,treino
6468,treino
29492,treino
10096,treino
25395,treino
1447,treino
25478,treino
18916,treino
11810,treino
11027,treino
7222,treino
6570,treino
32335,treino
10734,treino
31744,treino
3872,treino
12737,treino
4255,treino
18914,treino
767,treino
23227,treino
1405,treino
26379,treino
14565,treino
11195,treino
26498,treino
13431,treino
13895,treino
26164,treino
30437,treino
18824,treino
19865,treino
19098,treino
8404,treino
25227,treino
29040,treino
6743,treino
2001,treino
11719,treino
5796,treino
12753,treino
20672,treino
26442,treino
17590,treino
22599,treino
14034,treino
4315,treino
7406,treino
26997,treino
3492,treino
22099,treino
31532,treino
28510,treino
3400,treino
9823,treino
20674,treino
28939,treino
24117,treino
13268,treino
14585,treino
16927,treino
8099,treino
6085,treino
12382,treino
11047,treino
17756,treino
7487,treino
24548,treino
23090,treino
1432,treino
16911,treino
15388,treino
11261,treino
10308,treino
28790,treino
24791,treino
28044,treino
4436,treino
29736,treino
1744,treino
17437,treino
10959,treino
3355,treino
3373,treino
13905,treino
6830,treino
22719,treino
3290,treino
4668,treino
7009,treino
18946,treino
13444,treino
20072,treino
2178,treino
8646,treino
11275,treino
30798,treino
11908,treino
28140,treino
22032,treino
300,treino
1380,treino
1753,treino
16351,treino
14367,treino
24627,treino
13187,treino
22092,treino
23482,treino
30639,treino
17453,treino
12540,treino
12351,treino
15986,treino
20803,treino
16195,treino
1572,treino
32322,treino
3223,treino
12626,treino
31274,treino
16000,treino
1257,treino
25777,treino
1663,treino
1004,treino
19533,treino
18765,treino
29293,treino
21721,treino
29289,treino
30592,treino
13325,treino
8963,treino
32295,treino
14486,treino
21553,treino
8686,treino
12696,treino
20090,treino
25275,treino
15512,treino
16884,treino
20003,treino
20195,treino
8222,treino
31563,treino
8960,treino
28929,treino
14376,treino
24040,treino
27175,treino
5528,treino
10044,treino
5230,treino
532,treino
26987,treino
21814,treino
8210,treino
14948,treino
24198,treino
17605,treino
22849,treino
245,treino
1343,treino
1144,treino
8695,treino
26938,treino
14445,treino
27294,treino
8881,treino
29768,treino
12691,treino
32294,treino
9762,treino
12263,treino
786,treino
31907,treino
6212,treino
12889,treino
3559,treino
4888,treino
29506,treino
7776,treino
17372,treino
7219,treino
13571,treino
16397,treino
20559,treino
21460,treino
13012,treino
5448,treino
15773,treino
29369,treino
20515,treino
27436,treino
1580,treino
17887,treino
21607,treino
27132,treino
13740,treino
330,treino
20711,treino
8697,treino
17510,treino
25803,treino
17966,treino
10486,treino
3514,treino
24030,treino
28757,treino
1259,treino
196,treino
21651,treino
5953,treino
6828,treino
24689,treino
27038,treino
15618,treino
23971,treino
13692,treino
3006,treino
19970,treino
4122,treino
15898,treino
11939,treino
30824,treino
22281,treino
4430,treino
18991,treino
23838,treino
14526,treino
29930,treino
28769,treino
22880,treino
2891,treino
6165,treino
22439,treino
26509,treino
23542,treino
23593,treino
21060,treino
1391,treino
25614,treino
9601,treino
7999,treino
14341,treino
27054,treino
22087,treino
27543,treino
6875,treino
20696,treino
3684,treino
1003,treino
25957,treino
32417,treino
22141,treino
23115,treino
12353,treino
12533,treino
20388,treino
29436,treino
2701,treino
29096,treino
16546,treino
26591,treino
17807,treino
13601,treino
9660,treino
7866,treino
2679,treino
14934,treino
17235,treino
11961,treino
9523,treino
14730,treino
26918,treino
21474,treino
6289,treino
23691,treino
11371,treino
1562,treino
9498,treino
1359,treino
21461,treino
1640,treino
11820,treino
9244,treino
31589,treino
8273,treino
5605,treino
5118,treino
5106,treino
5428,treino
7134,treino
10990,treino
11193,treino
15493,treino
31276,treino
19931,treino
4995,treino
16267,treino
9638,treino
7615,treino
28793,treino
13971,treino
19627,treino
31810,treino
18831,treino
18454,treino
30041,treino
15033,treino
31185,treino
14502,treino
27688,treino
26739,treino
7799,treino
15767,treino
10113,treino
7108,treino
16917,treino
3507,treino
16084,treino
28336,treino
4998,treino
19910,treino
24256,treino
24416,treino
31316,treino
19468,treino
10622,treino
1419,treino
26737,treino
1892,treino
20728,treino
28269,treino
6481,treino
26343,treino
20469,treino
1358,treino
8584,treino
19801,treino
5093,treino
25824,treino
1959,treino
16708,treino
31521,treino
21744,treino
30275,treino
28543,treino
31985,treino
24894,treino
2503,treino
20287,treino
8257,treino
15859,treino
1537,treino
31347,treino
29140,treino
17331,treino
2090,treino
21319,treino
8583,treino
1649,treino
27719,treino
2509,treino
10840,treino
5598,treino
27316,treino
9334,treino
23926,treino
2592,treino
5155,treino
19913,treino
32327,treino
1687,treino
7727,treino
22838,treino
23758,treino
3867,treino
6374,treino
227,treino
920,treino
26257,treino
19176,treino
31074,treino
9960,treino
3385,treino
12552,treino
1583,treino
14591,treino
2640,treino
12272,treino
31307,treino
17920,treino
18157,treino
19669,treino
21147,treino
11944,treino
1100,treino
10409,treino
21375,treino
8301,treino
20294,treino
19889,treino
23727,treino
12837,treino
3388,treino
17198,treino
17136,treino
7408,treino
13611,treino
29675,treino
17818,treino
1814,treino
1975,treino
3069,treino
13357,treino
8162,treino
29228,treino
1936,treino
7531,treino
31601,treino
4697,treino
32437,treino
11322,treino
32238,treino
21571,treino
14080,treino
25016,treino
16177,treino
11739,treino
9738,treino
11598,treino
15328,treino
19843,treino
25312,treino
31766,treino
30494,treino
27112,treino
29264,treino
32528,treino
14947,treino
26721,treino
31735,treino
29316,treino
30428,treino
27114,treino
15555,treino
9160,treino
31007,treino
14849,treino
1681,treino
9900,treino
27376,treino
13590,treino
20013,treino
26044,treino
16419,treino
3053,treino
19997,treino
32258,treino
26907,treino
30968,treino
17043,treino
23588,treino
4468,treino
24937,treino
15163,treino
31584,treino
25058,treino
7460,treino
9551,treino
17484,treino
6914,treino
106,treino
32535,treino
17771,treino
21181,treino
9853,treino
26604,treino
4632,treino
31518,treino
10388,treino
26333,treino
11485,treino
13861,treino
14481,treino
14721,treino
4486,treino
5047,treino
20181,treino
8931,treino
14382,treino
11695,treino
14101,treino
3441,treino
3098,treino
19684,treino
23097,treino
20550,treino
12381,treino
32397,treino
2458,treino
31590,treino
2978,treino
20227,treino
22312,treino
18668,treino
29073,treino
496,treino
3694,treino
15960,treino
29385,treino
32463,treino
2702,treino
23117,treino
14350,treino
18774,treino
22973,treino
8023,treino
19463,treino
31819,treino
9697,treino
13033,treino
7547,treino
16731,treino
8471,treino
20610,treino
26139,treino
3237,treino
24179,treino
15695,treino
29208,treino
28138,treino
10015,treino
17647,treino
16468,treino
28126,treino
7617,treino
24106,treino
19161,treino
28810,treino
14863,treino
24390,treino
8121,treino
16627,treino
16225,treino
28324,treino
20811,treino
1385,treino
29463,treino
872,treino
11567,treino
16576,treino
30901,treino
25965,treino
22220,treino
20272,treino
23133,treino
23207,treino
17612,treino
13473,treino
26891,treino
28412,treino
1053,treino
2185,treino
20754,treino
576,treino
32082,treino
7137,treino
8420,treino
10760,treino
23394,treino
17267,treino
18922,treino
4927,treino
45,treino
8709,treino
26353,treino
16284,treino
6708,treino
24736,treino
9068,treino
2921,treino
1796,treino
14767,treino
32519,treino
32073,treino
10796,treino
30651,treino
17368,treino
16906,treino
9580,treino
31464,treino
31100,treino
5071,treino
17662,treino
7704,treino
10585,treino
4100,treino
23873,treino
14902,treino
24555,treino
3914,treino
11366,treino
10147,treino
23986,treino
25220,treino
4172,treino
28408,treino
22868,treino
15320,treino
3194,treino
13588,treino
4383,treino
25339,treino
25875,treino
3336,treino
28203,treino
21808,treino
31113,treino
6483,treino
27453,treino
21939,treino
32083,treino
5167,treino
27994,treino
17830,treino
8011,treino
24550,treino
19488,treino
26399,treino
21203,treino
3566,treino
5416,treino
19612,treino
25484,treino
4085,treino
19989,treino
6238,treino
10505,treino
23668,treino
3587,treino
31664,treino
2658,treino
28923,treino
9561,treino
18241,treino
15649,treino
30972,treino
29863,treino
6841,treino
16277,treino
14667,treino
24456,treino
13949,treino
29900,treino
14542,treino
27640,treino
30800,treino
11351,treino
6219,treino
31975,treino
32575,treino
19881,treino
30218,treino
18086,treino
3875,treino
913,treino
3852,treino
4794,treino
3043,treino
23603,treino
20177,treino
18943,treino
16368,treino
19602,treino
8496,treino
6493,treino
3454,treino
16209,treino
20336,treino
12544,treino
32301,treino
5924,treino
16833,treino
13323,treino
20763,treino
19308,treino
25029,treino
7665,treino
24793,treino
20494,treino
14517,treino
1046,treino
7493,treino
18977,treino
6115,treino
29265,treino
21238,treino
302,treino
22785,treino
9640,treino
10934,treino
25383,treino
5529,treino
2963,treino
28930,treino
20467,treino
6227,treino
16263,treino
11545,treino
16399,treino
10442,treino
10652,treino
10256,treino
26642,treino
12558,treino
13771,treino
31217,treino
29121,treino
25548,treino
24927,treino
30048,treino
27963,treino
20664,treino
20211,treino
12387,treino
14292,treino
3115,treino
23159,treino
29756,treino
9528,treino
23005,treino
19229,treino
3183,treino
15844,treino
18299,treino
8095,treino
31212,treino
13182,treino
16123,treino
20172,treino
5852,treino
28914,treino
11580,treino
14402,treino
28488,treino
13502,treino
13185,treino
4740,treino
26968,treino
16983,treino
21215,treino
28715,treino
22142,treino
28428,treino
12034,treino
12088,treino
8508,treino
5409,treino
32119,treino
9631,treino
7970,treino
23229,treino
11786,treino
24038,treino
19856,treino
9319,treino
11909,treino
12125,treino
22949,treino
31886,treino
2290,treino
21379,treino
3037,treino
7710,treino
9476,treino
2068,treino
19954,treino
12147,treino
2163,treino
6990,treino
20942,treino
7857,treino
12129,treino
28158,treino
3014,treino
6207,treino
14518,treino
1598,treino
13424,treino
13317,treino
19321,treino
5921,treino
9421,treino
11803,treino
22114,treino
15614,treino
21675,treino
20799,treino
97,treino
11405,treino
25559,treino
12871,treino
4923,treino
12078,treino
20232,treino
19680,treino
26633,treino
18775,treino
2027,treino
6161,treino
7562,treino
31405,treino
6623,treino
24085,treino
666,treino
5797,treino
8038,treino
13734,treino
13302,treino
19106,treino
30101,treino
10467,treino
11538,treino
5648,treino
22897,treino
8847,treino
21851,treino
22004,treino
27672,treino
30886,treino
14575,treino
1678,treino
6644,treino
19689,treino
8477,treino
32134,treino
5586,treino
16948,treino
26256,treino
4365,treino
8851,treino
30967,treino
12936,treino
25879,treino
32458,treino
31187,treino
816,treino
3045,treino
14150,treino
23656,treino
25716,treino
11345,treino
4063,treino
3518,treino
3430,treino
15481,treino
19245,treino
9546,treino
28376,treino
29841,treino
7438,treino
18698,treino
5481,treino
14660,treino
27497,treino
1020,treino
28509,treino
25394,treino
4254,treino
20265,treino
7146,treino
29166,treino
29006,treino
29319,treino
3704,treino
2470,treino
9407,treino
10218,treino
9700,treino
26400,treino
16984,treino
18502,treino
9622,treino
25423,treino
18482,treino
14616,treino
10155,treino
5883,treino
4166,treino
10493,treino
14499,treino
23017,treino
6849,treino
18257,treino
25108,treino
14129,treino
2159,treino
6126,treino
19644,treino
17620,treino
22231,treino
11540,treino
22442,treino
10476,treino
22727,treino
21821,treino
30143,treino
10565,treino
2607,treino
6308,treino
20887,treino
12940,treino
14509,treino
19861,treino
30454,treino
18633,treino
22235,treino
25246,treino
19311,treino
29840,treino
10636,treino
29671,treino
18211,treino
16023,treino
29431,treino
2038,treino
23421,treino
15007,treino
23009,treino
15831,treino
25858,treino
21589,treino
31410,treino
31703,treino
13015,treino
11041,treino
7737,treino
5223,treino
2665,treino
23981,treino
28986,treino
32221,treino
24297,treino
5198,treino
3555,treino
11105,treino
18458,treino
12070,treino
19712,treino
491,treino
32547,treino
14559,treino
30102,treino
3504,treino
12305,treino
32007,treino
20665,treino
328,treino
10638,treino
29513,treino
31095,treino
6043,treino
9033,treino
5876,treino
9518,treino
1718,treino
20068,treino
7595,treino
29313,treino
6964,treino
31757,treino
20947,treino
27959,treino
2898,treino
9378,treino
2492,treino
9307,treino
32537,treino
4533,treino
25325,treino
21874,treino
16003,treino
7935,treino
11401,treino
21099,treino
15106,treino
22964,treino
29143,treino
20653,treino
21430,treino
29353,treino
13067,treino
5725,treino
31296,treino
6891,treino
21384,treino
8280,treino
13155,treino
14215,treino
12504,treino
5328,treino
1355,treino
18424,treino
24497,treino
25243,treino
25525,treino
12466,treino
6328,treino
32209,treino
6352,treino
28606,treino
8920,treino
24301,treino
386,treino
3968,treino
23513,treino
13682,treino
32560,treino
20760,treino
20514,treino
22871,treino
13585,treino
3643,treino
21361,treino
1820,treino
22216,treino
1824,treino
937,treino
17127,treino
19050,treino
6898,treino
31510,treino
13565,treino
23128,treino
16567,treino
14920,treino
11058,treino
6803,treino
22745,treino
519,treino
12746,treino
27995,treino
12969,treino
5000,treino
16056,treino
13249,treino
23977,treino
3276,treino
25173,treino
14689,treino
2753,treino
29181,treino
31550,treino
25289,treino
670,treino
14423,treino
14173,treino
15917,treino
21549,treino
5200,treino
31447,treino
7379,treino
23337,treino
14403,treino
7565,treino
22168,treino
31221,treino
10910,treino
8571,treino
6794,treino
1563,treino
18261,treino
1143,treino
25850,treino
15152,treino
8561,treino
32307,treino
18153,treino
2775,treino
26405,treino
30180,treino
14741,treino
6942,treino
14407,treino
15998,treino
23060,treino
11292,treino
7304,treino
23896,treino
11698,treino
23763,treino
3771,treino
11247,treino
32483,treino
5806,treino
22480,treino
2332,treino
14238,treino
30330,treino
4367,treino
23693,treino
18423,treino
20143,treino
30346,treino
5724,treino
14723,treino
26933,treino
28704,treino
21143,treino
21153,treino
22015,treino
28331,treino
373,treino
14949,treino
16661,treino
307,treino
5383,treino
1333,treino
28430,treino
23030,treino
29475,treino
27323,treino
11919,treino
5470,treino
26026,treino
5434,treino
12732,treino
29962,treino
26579,treino
5739,treino
13191,treino
19382,treino
14395,treino
10481,treino
15439,treino
7433,treino
21994,treino
26241,treino
9935,treino
10478,treino
26236,treino
15916,treino
28339,treino
8080,treino
17797,treino
8528,treino
30619,treino
11840,treino
21876,treino
83,treino
11794,treino
18630,treino
32499,treino
3189,treino
24852,treino
14531,treino
15501,treino
2791,treino
24138,treino
4339,treino
27563,treino
26100,treino
6754,treino
750,treino
19899,treino
28624,treino
6831,treino
31910,treino
2220,treino
6652,treino
13950,treino
12627,treino
22619,treino
7736,treino
12442,treino
3061,treino
26953,treino
661,treino
4932,treino
6443,treino
15679,treino
13823,treino
4257,treino
1584,treino
17129,treino
24700,treino
7124,treino
27786,treino
1650,treino
10461,treino
23489,treino
25795,treino
18365,treino
7625,treino
24570,treino
31441,treino
14174,treino
15851,treino
27620,treino
16566,treino
20427,treino
31891,treino
29165,treino
19549,treino
16498,treino
16499,treino
14323,treino
1168,treino
16230,treino
488,treino
6401,treino
28905,treino
254,treino
23909,treino
15261,treino
7536,treino
9,treino
30441,treino
28500,treino
27986,treino
8138,treino
28996,treino
23108,treino
2881,treino
9155,treino
4380,treino
222,treino
21820,treino
12562,treino
28201,treino
6414,treino
17839,treino
8914,treino
3258,treino
10772,treino
4375,treino
26488,treino
7370,treino
4602,treino
25745,treino
14061,treino
2504,treino
13974,treino
4627,treino
8849,treino
558,treino
26265,treino
18207,treino
15832,treino
9680,treino
14168,treino
14595,treino
6930,treino
26117,treino
16644,treino
25303,treino
5716,treino
7671,treino
14279,treino
29874,treino
8253,treino
29033,treino
26371,treino
12137,treino
18096,treino
17829,treino
21535,treino
31319,treino
11649,treino
25070,treino
22185,treino
9095,treino
7803,treino
24406,treino
27944,treino
27047,treino
11481,treino
27985,treino
12308,treino
8052,treino
21580,treino
14416,treino
31575,treino
28313,treino
1199,treino
841,treino
3342,treino
1068,treino
32215,treino
6596,treino
17111,treino
28974,treino
32505,treino
18283,treino
24083,treino
6761,treino
3227,treino
25732,treino
27601,treino
27541,treino
4056,treino
2294,treino
12438,treino
13019,treino
27631,treino
16707,treino
14048,treino
1688,treino
1349,treino
16511,treino
22716,treino
490,treino
6919,treino
14587,treino
8271,treino
6622,treino
5526,treino
11484,treino
25790,treino
25044,treino
16580,treino
29573,treino
3396,treino
4973,treino
25217,treino
4519,treino
7282,treino
32127,treino
12015,treino
16340,treino
19083,treino
14067,treino
28278,treino
6793,treino
7292,treino
21297,treino
24227,treino
2816,treino
12735,treino
11423,treino
19252,treino
28390,treino
30424,treino
28705,treino
4598,treino
32090,treino
15398,treino
17855,treino
9329,treino
18271,treino
5005,treino
28034,treino
16008,treino
5881,treino
12892,treino
5511,treino
24319,treino
13372,treino
31051,treino
27553,treino
414,treino
26035,treino
8793,treino
13874,treino
8462,treino
13243,treino
20250,treino
9835,treino
29951,treino
6292,treino
13207,treino
13396,treino
18046,treino
17711,treino
17516,treino
14858,treino
25571,treino
22628,treino
23839,treino
148,treino
17450,treino
26383,treino
22916,treino
11353,treino
26407,treino
16892,treino
11504,treino
12219,treino
20457,treino
26651,treino
23220,treino
20257,treino
3397,treino
24825,treino
1983,treino
28357,treino
29682,treino
28041,treino
31813,treino
2140,treino
10489,treino
6475,treino
16187,treino
22000,treino
15928,treino
20905,treino
31152,treino
494,treino
17617,treino
25353,treino
23641,treino
11110,treino
28054,treino
7786,treino
24321,treino
20029,treino
8710,treino
21635,treino
8320,treino
12139,treino
8009,treino
15980,treino
10964,treino
2385,treino
25668,treino
23632,treino
14781,treino
3552,treino
3843,treino
4704,treino
3889,treino
14915,treino
20662,treino
18491,treino
31731,treino
13188,treino
22493,treino
8605,treino
21844,treino
15268,treino
31244,treino
17664,treino
7953,treino
24074,treino
21149,treino
25122,treino
27342,treino
26914,treino
856,treino
12354,treino
1497,treino
13600,treino
2388,treino
14684,treino
6660,treino
29745,treino
3187,treino
25573,treino
8357,treino
874,treino
9072,treino
2445,treino
17126,treino
16851,treino
3089,treino
20384,treino
2010,treino
20207,treino
17009,treino
1679,treino
30003,treino
29074,treino
14148,treino
28520,treino
32067,treino
11675,treino
14409,treino
5157,treino
10533,treino
5175,treino
22101,treino
24224,treino
31257,treino
5253,treino
8173,treino
22903,treino
3791,treino
18262,treino
317,treino
1808,treino
24347,treino
24733,treino
17023,treino
10242,treino
27396,treino
7432,treino
30897,treino
26356,treino
361,treino
5879,treino
19116,treino
15969,treino
7125,treino
9465,treino
16831,treino
253,treino
10712,treino
32333,treino
6707,treino
12439,treino
16436,treino
2869,treino
18965,treino
30125,treino
14558,treino
5581,treino
17028,treino
28590,treino
4571,treino
10357,treino
29537,treino
23840,treino
12613,treino
27783,treino
16459,treino
4892,treino
13353,treino
11653,treino
20179,treino
13745,treino
12706,treino
23541,treino
24169,treino
29854,treino
6932,treino
9075,treino
21472,treino
7440,treino
3999,treino
14158,treino
18832,treino
11693,treino
5351,treino
24033,treino
15625,treino
22136,treino
25408,treino
17305,treino
25655,treino
25326,treino
10937,treino
13891,treino
25330,treino
15072,treino
237,treino
10355,treino
3438,treino
7854,treino
7473,treino
28673,treino
31864,treino
20471,treino
24244,treino
5333,treino
6078,treino
16176,treino
26880,treino
933,treino
26811,treino
11811,treino
23365,treino
26681,treino
16297,treino
22006,treino
16374,treino
18356,treino
20075,treino
17391,treino
18532,treino
27061,treino
5661,treino
13707,treino
26093,treino
20400,treino
4348,treino
27423,treino
32375,treino
12478,treino
22039,treino
18671,treino
30405,treino
31562,treino
16012,treino
13778,treino
20052,treino
32099,treino
2070,treino
22338,treino
10745,treino
18620,treino
19419,treino
13924,treino
25251,treino
21130,treino
17225,treino
19721,treino
11320,treino
31407,treino
25027,treino
4271,treino
2216,treino
27663,treino
28507,treino
26903,treino
7200,treino
9214,treino
6777,treino
18078,treino
6562,treino
26572,treino
2375,treino
20407,treino
31204,treino
13772,treino
13826,treino
18035,treino
12711,treino
11173,treino
24519,treino
7369,treino
3012,treino
12529,treino
24864,treino
28290,treino
27134,treino
6437,treino
25033,treino
6176,treino
8004,treino
17298,treino
31704,treino
26929,treino
24137,treino
9874,treino
29720,treino
25736,treino
16670,treino
26843,treino
29799,treino
10924,treino
26135,treino
29631,treino
9241,treino
3122,treino
11699,treino
12333,treino
2204,treino
14515,treino
11623,treino
25905,treino
4813,treino
15253,treino
21940,treino
6613,treino
24921,treino
11044,treino
31491,treino
9425,treino
19368,treino
25205,treino
5025,treino
26495,treino
28257,treino
2909,treino
9468,treino
21793,treino
13414,treino
20772,treino
3797,treino
17732,treino
25313,treino
20622,treino
12677,treino
27939,treino
18640,treino
18420,treino
27173,treino
12515,treino
5119,treino
2788,treino
23473,treino
6049,treino
29824,treino
30917,treino
6967,treino
14348,treino
1893,treino
25898,treino
27079,treino
7872,treino
26421,treino
23954,treino
28875,treino
26603,treino
3048,treino
25118,treino
25015,treino
32352,treino
6062,treino
24922,treino
18931,treino
10684,treino
30465,treino
6926,treino
15366,treino
3736,treino
6922,treino
67,treino
28377,treino
28615,treino
23528,treino
5774,treino
11038,treino
25685,treino
12491,treino
26990,treino
5234,treino
31267,treino
22247,treino
2313,treino
7740,treino
10309,treino
27847,treino
4650,treino
11307,treino
4356,treino
24674,treino
1885,treino
15055,treino
30060,treino
29913,treino
8050,treino
16001,treino
23502,treino
28572,treino
31351,treino
5183,treino
1486,treino
2765,treino
3970,treino
31346,treino
31205,treino
12716,treino
3485,treino
19829,treino
4841,treino
30541,treino
24197,treino
32235,treino
3578,treino
8924,treino
26691,treino
22266,treino
15762,treino
28444,treino
3456,treino
28479,treino
22197,treino
25652,treino
19652,treino
14976,treino
12674,treino
12484,treino
23163,treino
25889,treino
7546,treino
32329,treino
9689,treino
29640,treino
30605,treino
8590,treino
3951,treino
6455,treino
26325,treino
31789,treino
8714,treino
24509,treino
21682,treino
17253,treino
14208,treino
4401,treino
10079,treino
7805,treino
14309,treino
20310,treino
14397,treino
864,treino
28632,treino
31477,treino
17815,treino
8424,treino
27315,treino
19982,treino
18760,treino
10212,treino
14300,treino
10269,treino
26234,treino
965,treino
30120,treino
6783,treino
3948,treino
20806,treino
19504,treino
16589,treino
6927,treino
20283,treino
22198,treino
30692,treino
14268,treino
833,treino
29570,treino
10876,treino
5931,treino
28566,treino
16753,treino
21767,treino
21889,treino
9364,treino
9907,treino
22780,treino
14162,treino
11979,treino
15258,treino
11466,treino
17859,treino
5873,treino
10183,treino
17188,treino
21102,treino
26624,treino
5922,treino
13524,treino
14167,treino
23671,treino
24682,treino
8724,treino
9119,treino
23655,treino
25959,treino
25164,treino
24782,treino
14668,treino
13827,treino
24346,treino
18254,treino
1340,treino
19049,treino
17177,treino
9236,treino
29159,treino
17486,treino
15444,treino
2002,treino
461,treino
28067,treino
22970,treino
1129,treino
9712,treino
32156,treino
8898,treino
8564,treino
18949,treino
6749,treino
9050,treino
17723,treino
22236,treino
31218,treino
28861,treino
14224,treino
10775,treino
23388,treino
25558,treino
21226,treino
4518,treino
30606,treino
2305,treino
25674,treino
3307,treino
13105,treino
32218,treino
23301,treino
1641,treino
22494,treino
14444,treino
9044,treino
29853,treino
30463,treino
16903,treino
28382,treino
7061,treino
26868,treino
10432,treino
12722,treino
27196,treino
4489,treino
14051,treino
24122,treino
7028,treino
28699,treino
7678,treino
11175,treino
32323,treino
27223,treino
16827,treino
271,treino
22521,treino
17712,treino
10115,treino
9369,treino
7853,treino
26271,treino
2243,treino
30982,treino
2327,treino
15478,treino
20487,treino
23464,treino
10778,treino
19799,treino
28696,treino
3425,treino
4691,treino
28577,treino
31434,treino
23910,treino
24388,treino
9290,treino
9286,treino
15177,treino
32337,treino
14792,treino
6528,treino
4677,treino
19905,treino
6171,treino
20899,treino
11869,treino
26475,treino
19653,treino
18238,treino
11793,treino
28943,treino
9040,treino
9752,treino
20230,treino
11215,treino
28661,treino
22703,treino
30540,treino
11378,treino
26449,treino
25099,treino
19948,treino
13865,treino
13825,treino
30863,treino
19790,treino
7880,treino
29857,treino
14270,treino
28064,treino
22999,treino
25613,treino
13269,treino
11402,treino
28481,treino
24022,treino
17335,treino
13427,treino
29845,treino
30862,treino
25151,treino
5035,treino
13824,treino
25696,treino
25180,treino
15267,treino
23325,treino
23985,treino
25642,treino
8803,treino
10879,treino
12079,treino
26989,treino
25463,treino
11316,treino
8728,treino
4849,treino
11863,treino
16848,treino
32197,treino
28546,treino
15136,treino
332,treino
4361,treino
4397,treino
4437,treino
15621,treino
9289,treino
10802,treino
27785,treino
9800,treino
32416,treino
32468,treino
6668,treino
17325,treino
3168,treino
14425,treino
20767,treino
26368,treino
2719,treino
1716,treino
411,treino
22900,treino
30207,treino
12804,treino
7233,treino
14879,treino
20418,treino
17324,treino
3427,treino
25308,treino
10800,treino
1592,treino
8722,treino
7748,treino
8497,treino
16797,treino
627,treino
6229,treino
25574,treino
12324,treino
27477,treino
11624,treino
7738,treino
15659,treino
6524,treino
6635,treino
12074,treino
25712,treino
12326,treino
21334,treino
3363,treino
7024,treino
26358,treino
24383,treino
23440,treino
24889,treino
16408,treino
5704,treino
10664,treino
10537,treino
14175,treino
2692,treino
12997,treino
2154,treino
12594,treino
26240,treino
1841,treino
28891,treino
5397,treino
18163,treino
15066,treino
8592,treino
6753,treino
24449,treino
27756,treino
12729,treino
16838,treino
10202,treino
9574,treino
1337,treino
17916,treino
10089,treino
17769,treino
26155,treino
14624,treino
30093,treino
5042,treino
16796,treino
19392,treino
525,treino
7257,treino
8998,treino
24054,treino
27066,treino
18863,treino
7279,treino
21932,treino
3971,treino
21632,treino
17191,treino
27013,treino
15022,treino
20495,treino
29750,treino
4734,treino
9596,treino
27444,treino
23569,treino
31525,treino
14318,treino
18639,treino
11905,treino
32315,treino
17475,treino
2115,treino
8443,treino
29437,treino
9186,treino
7097,treino
26273,treino
10275,treino
2075,treino
10596,treino
3372,treino
13851,treino
5815,treino
31044,treino
17788,treino
16951,treino
19495,treino
3686,treino
32128,treino
24792,treino
807,treino
31693,treino
19378,treino
25917,treino
31688,treino
31981,treino
8416,treino
11763,treino
5008,treino
18706,treino
29723,treino
18745,treino
3509,treino
1741,treino
6175,treino
31023,treino
5079,treino
3649,treino
12985,treino
2396,treino
4095,treino
2892,treino
112,treino
23566,treino
17402,treino
19293,treino
4664,treino
6294,treino
23610,treino
31174,treino
28785,treino
13315,treino
10746,treino
169,treino
20608,treino
29327,treino
2615,treino
30491,treino
30034,treino
17345,treino
13817,treino
463,treino
21585,treino
3984,treino
25223,treino
4974,treino
30614,treino
3675,treino
30669,treino
4423,treino
31103,treino
31171,treino
12553,treino
32282,treino
8786,treino
20896,treino
28866,treino
26187,treino
13240,treino
17561,treino
10038,treino
13073,treino
19677,treino
4449,treino
31198,treino
16018,treino
19379,treino
30179,treino
2628,treino
1036,treino
7680,treino
20649,treino
14414,treino
9554,treino
13989,treino
9706,treino
19716,treino
20981,treino
4406,treino
24081,treino
16868,treino
15425,treino
25945,treino
26958,treino
12066,treino
30562,treino
7090,treino
16785,treino
9193,treino
4030,treino
10016,treino
27573,treino
722,treino
7352,treino
16244,treino
1874,treino
19227,treino
12890,treino
616,treino
28794,treino
1897,treino
573,treino
13683,treino
3845,treino
11931,treino
24556,treino
16071,treino
5561,treino
7726,treino
11620,treino
11069,treino
6780,treino
5833,treino
3275,treino
859,treino
14818,treino
22008,treino
6593,treino
8184,treino
18330,treino
23835,treino
25471,treino
25301,treino
22563,treino
15740,treino
20961,treino
8419,treino
32395,treino
22426,treino
22558,treino
9993,treino
22001,treino
6040,treino
7600,treino
25348,treino
5165,treino
14659,treino
24469,treino
27972,treino
23173,treino
4149,treino
30013,treino
32440,treino
21588,treino
3010,treino
15027,treino
10926,treino
19304,treino
23687,treino
25071,treino
1767,treino
27224,treino
10452,treino
19055,treino
4191,treino
17480,treino
30505,treino
8348,treino
16161,treino
31421,treino
10214,treino
17132,treino
7739,treino
30194,treino
16565,treino
27146,treino
12597,treino
30775,treino
16400,treino
24090,treino
21685,treino
11488,treino
16604,treino
7063,treino
9179,treino
30462,treino
3486,treino
16526,treino
11006,treino
19501,treino
6912,treino
6398,treino
8600,treino
3179,treino
28194,treino
16900,treino
31935,treino
1803,treino
29216,treino
5992,treino
27970,treino
29894,treino
30032,treino
21396,treino
4567,treino
17014,treino
24027,treino
22685,treino
12254,treino
29744,treino
4646,treino
21237,treino
30882,treino
2125,treino
14359,treino
9545,treino
5743,treino
5934,treino
4162,treino
17930,treino
7630,treino
5698,treino
973,treino
1311,treino
131,treino
32452,treino
5915,treino
8978,treino
15892,treino
5190,treino
3406,treino
11517,treino
32033,treino
31349,treino
3989,treino
15713,treino
32008,treino
27651,treino
5403,treino
13990,treino
22179,treino
4252,treino
32039,treino
15580,treino
1108,treino
24013,treino
25713,treino
23664,treino
27469,treino
31714,treino
14674,treino
24178,treino
31736,treino
30733,treino
11397,treino
27924,treino
12487,treino
23550,treino
12447,treino
2774,treino
24879,treino
8143,treino
10086,treino
18749,treino
31370,treino
7540,treino
9502,treino
21276,treino
19012,treino
7381,treino
2017,treino
23681,treino
10027,treino
32092,treino
3598,treino
26787,treino
18904,treino
31260,treino
3685,treino
7650,treino
22383,treino
8802,treino
2322,treino
24316,treino
21132,treino
2664,treino
29146,treino
32085,treino
21687,treino
4090,treino
8456,treino
10009,treino
2254,treino
3938,treino
13200,treino
11268,treino
28406,treino
31176,treino
11164,treino
10992,treino
25796,treino
2878,treino
12365,treino
8707,treino
31652,treino
27965,treino
2193,treino
17999,treino
30172,treino
10791,treino
15385,treino
2042,treino
9063,treino
11843,treino
6276,treino
31972,treino
11565,treino
15466,treino
13456,treino
8071,treino
15959,treino
5570,treino
3929,treino
21595,treino
4190,treino
14749,treino
6488,treino
3488,treino
12406,treino
28719,treino
14731,treino
9220,treino
10593,treino
4408,treino
10873,treino
1356,treino
12980,treino
19516,treino
18460,treino
689,treino
6745,treino
12368,treino
18498,treino
16787,treino
18227,treino
13484,treino
21816,treino
7560,treino
23741,treino
25022,treino
4340,treino
9564,treino
25354,treino
23036,treino
7523,treino
8275,treino
9793,treino
31932,treino
7364,treino
5708,treino
7931,treino
12568,treino
12877,treino
776,treino
25594,treino
8161,treino
11337,treino
21504,treino
23230,treino
12632,treino
29094,treino
32572,treino
6120,treino
4941,treino
29893,treino
25991,treino
2507,treino
9058,treino
14191,treino
16652,treino
5577,treino
24766,treino
5396,treino
14910,treino
17682,treino
18643,treino
17249,treino
27406,treino
32227,treino
1166,treino
1842,treino
26629,treino
3229,treino
30517,treino
1653,treino
9178,treino
22335,treino
26312,treino
28835,treino
32000,treino
15940,treino
19448,treino
4382,treino
28107,treino
30869,treino
297,treino
13765,treino
16937,treino
18198,treino
13998,treino
25562,treino
5265,treino
8154,treino
24877,treino
10814,treino
10010,treino
3447,treino
7176,treino
8386,treino
21483,treino
14505,treino
27266,treino
21880,treino
15419,treino
14399,treino
15457,treino
21098,treino
29691,treino
22055,treino
30417,treino
31617,treino
1094,treino
16451,treino
23572,treino
32035,treino
10947,treino
27456,treino
9560,treino
8073,treino
29694,treino
25500,treino
5814,treino
4431,treino
8450,treino
18089,treino
14430,treino
16568,treino
21604,treino
2706,treino
13457,treino
2690,treino
2965,treino
18108,treino
3919,treino
13538,treino
24269,treino
2262,treino
30713,treino
20862,treino
29695,treino
11667,treino
31236,treino
3256,treino
27619,treino
24749,treino
19282,treino
26490,treino
6338,treino
18807,treino
1871,treino
30184,treino
5143,treino
15841,treino
22456,treino
6461,treino
23726,treino
648,treino
23862,treino
24217,treino
9556,treino
1429,treino
4159,treino
14572,treino
23494,treino
9954,treino
12003,treino
25610,treino
30266,treino
22065,treino
1554,treino
18998,treino
17161,treino
12795,treino
15668,treino
14495,treino
10337,treino
9616,treino
25953,treino
8466,treino
20138,treino
7153,treino
19455,treino
1293,treino
17107,treino
6986,treino
30419,treino
23866,treino
19451,treino
29525,treino
13440,treino
10033,treino
692,treino
14111,treino
16570,treino
18953,treino
19271,treino
13631,treino
3802,treino
23212,treino
25709,treino
1387,treino
16369,treino
12657,treino
1342,treino
26053,treino
24576,treino
28887,treino
21299,treino
15752,treino
2756,treino
24374,treino
29309,treino
28037,treino
12241,treino
24815,treino
27389,treino
5477,treino
3962,treino
5844,treino
20659,treino
2945,treino
721,treino
23547,treino
1217,treino
20152,treino
29297,treino
2608,treino
27936,treino
27401,treino
8285,treino
17242,treino
31838,treino
3918,treino
15424,treino
1998,treino
22381,treino
4536,treino
4368,treino
13523,treino
4068,treino
18621,treino
23431,treino
6054,treino
4305,treino
2153,treino
13688,treino
22506,treino
29634,treino
8521,treino
24671,treino
23276,treino
19063,treino
27760,treino
16220,treino
30738,treino
24236,treino
6899,treino
5469,treino
9572,treino
20730,treino
6906,treino
29732,treino
30228,treino
10156,treino
29528,treino
17793,treino
9653,treino
15810,treino
30169,treino
16469,treino
20154,treino
18982,treino
32544,treino
24163,treino
3695,treino
22581,treino
7347,treino
16242,treino
25988,treino
19520,treino
22866,treino
9929,treino
31042,treino
17316,treino
30680,treino
28883,treino
30776,treino
11932,treino
9000,treino
25474,treino
31071,treino
24264,treino
27617,treino
8100,treino
14446,treino
20313,treino
6350,treino
21051,treino
12818,treino
31976,treino
13036,treino
6471,treino
24781,treino
29964,treino
18415,treino
4373,treino
6236,treino
13007,treino
2585,treino
28411,treino
1089,treino
31135,treino
31636,treino
28053,treino
4647,treino
31049,treino
21941,treino
30854,treino
31658,treino
6447,treino
8659,treino
15222,treino
23735,treino
15634,treino
31311,treino
19099,treino
24578,treino
2980,treino
23211,treino
25104,treino
24432,treino
2297,treino
22020,treino
26751,treino
16888,treino
3470,treino
3964,treino
27325,treino
5595,treino
14019,treino
12978,treino
17922,treino
16381,treino
6883,treino
15145,treino
23586,treino
3466,treino
2476,treino
14010,treino
25679,treino
25270,treino
15981,treino
4657,treino
19287,treino
24614,treino
23930,treino
10169,treino
31348,treino
15187,treino
27971,treino
22601,treino
1597,treino
6195,treino
4630,treino
20212,treino
632,treino
3575,treino
25999,treino
7585,treino
25577,treino
20670,treino
29959,treino
29008,treino
29048,treino
14240,treino
26221,treino
4516,treino
10310,treino
26554,treino
5780,treino
29239,treino
29912,treino
23663,treino
27172,treino
12718,treino
1362,treino
17068,treino
31923,treino
2334,treino
4743,treino
27373,treino
19670,treino
20098,treino
11689,treino
31806,treino
18938,treino
29401,treino
9690,treino
24370,treino
28173,treino
581,treino
5507,treino
29597,treino
19613,treino
26447,treino
706,treino
6332,treino
32476,treino
6113,treino
15405,treino
595,treino
6028,treino
22787,treino
26267,treino
25595,treino
1404,treino
25836,treino
20197,treino
19266,treino
32287,treino
1096,treino
21310,treino
2936,treino
4626,treino
30008,treino
22523,treino
25440,treino
28361,treino
11945,treino
6309,treino
18013,treino
23171,treino
21968,treino
12826,treino
24187,treino
6691,treino
28846,treino
11365,treino
24130,treino
16484,treino
28175,treino
255,treino
8547,treino
21717,treino
27751,treino
31190,treino
4942,treino
12212,treino
8203,treino
14811,treino
8106,treino
17187,treino
20927,treino
23130,treino
26295,treino
20067,treino
23883,treino
19965,treino
27096,treino
32403,treino
6240,treino
17725,treino
30237,treino
29399,treino
26317,treino
2307,treino
28352,treino
2981,treino
32247,treino
21376,treino
29267,treino
15502,treino
24295,treino
7867,treino
6935,treino
30319,treino
7071,treino
15343,treino
29284,treino
30190,treino
31709,treino
8101,treino
26638,treino
18269,treino
31787,treino
29287,treino
5757,treino
24949,treino
13246,treino
1490,treino
9489,treino
26975,treino
4749,treino
9205,treino
27796,treino
21863,treino
24120,treino
30621,treino
25201,treino
22357,treino
17323,treino
2132,treino
9516,treino
22806,treino
26774,treino
5943,treino
6812,treino
27293,treino
4229,treino
19302,treino
20489,treino
27974,treino
21576,treino
436,treino
5710,treino
2456,treino
30679,treino
20745,treino
32489,treino
4434,treino
16697,treino
13129,treino
7592,treino
12525,treino
30791,treino
1792,treino
31383,treino
30574,treino
23924,treino
8238,treino
21044,treino
16657,treino
30449,treino
21167,treino
17451,treino
17182,treino
21292,treino
8640,treino
6868,treino
3478,treino
25469,treino
26525,treino
13917,treino
2215,treino
19956,treino
19900,treino
31800,treino
17791,treino
23295,treino
3073,treino
7785,treino
4360,treino
24380,treino
10488,treino
14541,treino
22987,treino
17531,treino
17350,treino
18742,treino
5540,treino
6722,treino
19084,treino
9190,treino
12527,treino
29553,treino
11053,treino
13671,treino
21519,treino
15544,treino
28856,treino
5084,treino
27549,treino
545,treino
9294,treino
3628,treino
17162,treino
2824,treino
13104,treino
19133,treino
2354,treino
2490,treino
15722,treino
17967,treino
35,treino
1770,treino
1873,treino
15546,treino
13088,treino
19096,treino
5320,treino
8549,treino
30382,treino
20484,treino
1023,treino
19018,treino
19073,treino
13616,treino
20171,treino
16226,treino
3413,treino
24944,treino
11723,treino
5628,treino
10935,treino
10733,treino
24226,treino
12064,treino
22478,treino
2826,treino
17272,treino
7055,treino
6699,treino
4471,treino
10024,treino
12357,treino
8219,treino
9320,treino
6788,treino
13644,treino
13138,treino
2366,treino
22378,treino
22582,treino
5580,treino
1720,treino
9683,treino
19519,treino
7897,treino
32568,treino
15522,treino
16521,treino
18097,treino
30168,treino
11318,treino
5899,treino
7249,treino
24481,treino
7930,treino
7169,treino
3664,treino
22259,treino
13119,treino
5361,treino
11789,treino
23951,treino
462,treino
5140,treino
567,treino
25697,treino
13958,treino
7287,treino
2801,treino
27973,treino
5271,treino
3291,treino
18558,treino
10014,treino
6257,treino
5562,treino
14535,treino
24261,treino
3079,treino
23599,treino
2573,treino
10880,treino
8866,treino
29556,treino
20877,treino
20838,treino
5150,treino
13346,treino
18133,treino
6339,treino
5011,treino
11601,treino
27337,treino
8775,treino
16832,treino
31302,treino
31012,treino
12051,treino
17622,treino
10139,treino
21545,treino
9130,treino
31955,treino
21684,treino
15099,treino
2916,treino
30826,treino
2681,treino
25513,treino
24408,treino
6296,treino
305,treino
12358,treino
19964,treino
31523,treino
11197,treino
16153,treino
1120,treino
24283,treino
24817,treino
29939,treino
31536,treino
26390,treino
16891,treino
2999,treino
3252,treino
27232,treino
6771,treino
2442,treino
3011,treino
8089,treino
21524,treino
13510,treino
28814,treino
540,treino
10196,treino
5967,treino
28937,treino
929,treino
25143,treino
31015,treino
20153,treino
8137,treino
10535,treino
1896,treino
26729,treino
9607,treino
15184,treino
29318,treino
21566,treino
18614,treino
1441,treino
25812,treino
20428,treino
11873,treino
17506,treino
5929,treino
15540,treino
18061,treino
18939,treino
10487,treino
14415,treino
13305,treino
18603,treino
14872,treino
24562,treino
9253,treino
7696,treino
7521,treino
27306,treino
22462,treino
24393,treino
31114,treino
15060,treino
823,treino
6615,treino
31437,treino
24084,treino
21850,treino
6182,treino
30269,treino
17857,treino
22376,treino
1508,treino
2668,treino
27189,treino
24434,treino
7829,treino
5623,treino
3708,treino
8517,treino
6607,treino
6202,treino
18051,treino
27281,treino
1386,treino
5048,treino
9646,treino
6819,treino
31158,treino
28813,treino
19683,treino
22686,treino
3712,treino
22460,treino
19413,treino
31610,treino
1619,treino
9985,treino
24830,treino
11860,treino
30293,treino
4304,treino
23310,treino
16370,treino
16075,treino
29141,treino
13968,treino
8519,treino
27915,treino
6243,treino
28165,treino
11672,treino
9257,treino
5508,treino
25740,treino
13199,treino
15107,treino
4310,treino
1913,treino
31537,treino
22710,treino
20888,treino
11990,treino
31558,treino
25087,treino
30239,treino
29376,treino
18821,treino
31614,treino
1487,treino
17426,treino
16449,treino
11660,treino
19016,treino
6270,treino
20774,treino
17462,treino
4065,treino
1761,treino
23918,treino
2915,treino
10028,treino
19328,treino
3121,treino
22882,treino
14213,treino
19374,treino
12778,treino
28316,treino
22956,treino
32098,treino
22167,treino
28843,treino
18896,treino
2157,treino
16431,treino
23721,treino
25124,treino
20742,treino
21885,treino
5368,treino
6259,treino
30755,treino
27943,treino
521,treino
17139,treino
15952,treino
27674,treino
31781,treino
14524,treino
32380,treino
10583,treino
11377,treino
5660,treino
24563,treino
22531,treino
5604,treino
9396,treino
22550,treino
16650,treino
15893,treino
10301,treino
625,treino
8774,treino
24714,treino
31384,treino
2581,treino
551,treino
12835,treino
8706,treino
5306,treino
17845,treino
21113,treino
28071,treino
25105,treino
3521,treino
6547,treino
21959,treino
26210,treino
5979,treino
28649,treino
26074,treino
4270,treino
26175,treino
25541,treino
8922,treino
12415,treino
1041,treino
13299,treino
5060,treino
23035,treino
28529,treino
10466,treino
8022,treino
27163,treino
17123,treino
13700,treino
23876,treino
9859,treino
24119,treino
24583,treino
32343,treino
7467,treino
24361,treino
30390,treino
30122,treino
22817,treino
13832,treino
6179,treino
15802,treino
27452,treino
16535,treino
19938,treino
19564,treino
4953,treino
18155,treino
4433,treino
29424,treino
15949,treino
14263,treino
13214,treino
13267,treino
6397,treino
7681,treino
23414,treino
11725,treino
30348,treino
5597,treino
20256,treino
18657,treino
20858,treino
17377,treino
9012,treino
6860,treino
2236,treino
19044,treino
1802,treino
15890,treino
7657,treino
6011,treino
14266,treino
30106,treino
26374,treino
12823,treino
2239,treino
14247,treino
30360,treino
25041,treino
29869,treino
10017,treino
26861,treino
15642,treino
13610,treino
30919,treino
29358,treino
834,treino
10651,treino
14276,treino
22421,treino
25168,treino
3311,treino
13324,treino
3082,treino
21507,treino
31718,treino
13517,treino
3074,treino
5219,treino
1208,treino
27208,treino
20416,treino
11762,treino
17244,treino
30888,treino
28066,treino
20556,treino
17524,treino
14070,treino
3743,treino
6142,treino
21843,treino
10994,treino
4860,treino
15030,treino
15658,treino
23386,treino
7517,treino
6807,treino
15161,treino
12684,treino
27892,treino
8206,treino
31747,treino
4277,treino
20875,treino
20064,treino
32509,treino
14307,treino
25554,treino
1719,treino
1880,treino
15243,treino
6692,treino
17722,treino
12440,treino
11,treino
27734,treino
3525,treino
15664,treino
12939,treino
6018,treino
10093,treino
3131,treino
9798,treino
3076,treino
1826,treino
30979,treino
30378,treino
6625,treino
6025,treino
24202,treino
20415,treino
4863,treino
32541,treino
12630,treino
25519,treino
16689,treino
10951,treino
21993,treino
23510,treino
29466,treino
31228,treino
16121,treino
4101,treino
13163,treino
9021,treino
7170,treino
12285,treino
7581,treino
13561,treino
13866,treino
10266,treino
14926,treino
10838,treino
23101,treino
31970,treino
27268,treino
30005,treino
14226,treino
6949,treino
31196,treino
5233,treino
18351,treino
18383,treino
26406,treino
17248,treino
15326,treino
848,treino
685,treino
20127,treino
16744,treino
25757,treino
23901,treino
20690,treino
9282,treino
23633,treino
11343,treino
19319,treino
31081,treino
12375,treino
23853,treino
53,treino
24255,treino
22031,treino
31368,treino
9979,treino
5751,treino
20609,treino
10354,treino
6677,treino
12692,treino
13445,treino
7140,treino
18324,treino
21536,treino
17794,treino
14644,treino
12648,treino
20293,treino
25691,treino
24622,treino
22327,treino
17562,treino
16291,treino
26949,treino
23712,treino
28761,treino
9749,treino
28091,treino
17782,treino
23338,treino
26805,treino
26950,treino
21198,treino
663,treino
29414,treino
10795,treino
8568,treino
14525,treino
10786,treino
32272,treino
21355,treino
17440,treino
15578,treino
27502,treino
22895,treino
11760,treino
1904,treino
29836,treino
29748,treino
22074,treino
19521,treino
7980,treino
12121,treino
25384,treino
5390,treino
24342,treino
19600,treino
6905,treino
15009,treino
14321,treino
2495,treino
28512,treino
5898,treino
23806,treino
23580,treino
10124,treino
12115,treino
19567,treino
6797,treino
12776,treino
13597,treino
9086,treino
31899,treino
24914,treino
13172,treino
18317,treino
29987,treino
23239,treino
26190,treino
4914,treino
9025,treino
11240,treino
24067,treino
13525,treino
5482,treino
21764,treino
28781,treino
21383,treino
28656,treino
17704,treino
17959,treino
22337,treino
28902,treino
29434,treino
11420,treino
28670,treino
30318,treino
15112,treino
1526,treino
15882,treino
15017,treino
28527,treino
9941,treino
2882,treino
27434,treino
16266,treino
22853,treino
29445,treino
21257,treino
10844,treino
20446,treino
30195,treino
10859,treino
10390,treino
7255,treino
31530,treino
6417,treino
18576,treino
19177,treino
11233,treino
18064,treino
664,treino
3574,treino
27382,treino
25661,treino
12069,treino
9685,treino
14788,treino
5363,treino
13165,treino
17307,treino
8438,treino
21469,treino
20393,treino
22416,treino
26472,treino
30470,treino
18846,treino
22863,treino
26800,treino
23710,treino
10428,treino
24089,treino
13857,treino
22161,treino
17895,treino
9258,treino
19582,treino
17699,treino
23749,treino
9176,treino
25520,treino
2596,treino
17580,treino
19746,treino
8353,treino
6362,treino
14744,treino
17363,treino
19273,treino
5980,treino
17013,treino
27596,treino
30581,treino
21174,treino
22232,treino
29363,treino
24243,treino
5825,treino
9140,treino
28271,treino
18841,treino
32123,treino
8885,treino
21908,treino
26393,treino
3242,treino
4890,treino
20606,treino
23865,treino
6946,treino
10737,treino
11519,treino
9912,treino
17118,treino
28506,treino
2261,treino
12420,treino
1418,treino
29608,treino
7561,treino
18239,treino
27810,treino
13641,treino
3362,treino
9090,treino
8317,treino
13322,treino
27046,treino
16426,treino
15484,treino
16350,treino
2457,treino
13838,treino
9753,treino
22443,treino
18396,treino
1411,treino
28805,treino
2273,treino
20632,treino
15315,treino
26237,treino
14875,treino
3126,treino
11900,treino
27836,treino
13466,treino
16063,treino
6687,treino
5683,treino
4052,treino
26724,treino
28517,treino
25942,treino
29042,treino
12984,treino
14978,treino
7659,treino
28635,treino
8720,treino
12419,treino
11073,treino
2085,treino
572,treino
31954,treino
28123,treino
4169,treino
2920,treino
31945,treino
24257,treino
24103,treino
18596,treino
26644,treino
11297,treino
26354,treino
24823,treino
18305,treino
25480,treino
18793,treino
4522,treino
7664,treino
4853,treino
32063,treino
26229,treino
27122,treino
26282,treino
30256,treino
23364,treino
8024,treino
3815,treino
20733,treino
23021,treino
5259,treino
30338,treino
20047,treino
7314,treino
23222,treino
15628,treino
22139,treino
14808,treino
15786,treino
6345,treino
945,treino
809,treino
15635,treino
1623,treino
27744,treino
30618,treino
22037,treino
4641,treino
26851,treino
16656,treino
8204,treino
6674,treino
1194,treino
11120,treino
25462,treino
32032,treino
11673,treino
862,treino
7268,treino
30844,treino
514,treino
23718,treino
11954,treino
31130,treino
27680,treino
26189,treino
27485,treino
18555,treino
21590,treino
3615,treino
10040,treino
9592,treino
20332,treino
13031,treino
26090,treino
7646,treino
32436,treino
23180,treino
12067,treino
27303,treino
7677,treino
24273,treino
23792,treino
16842,treino
31005,treino
1470,treino
22200,treino
23244,treino
665,treino
28941,treino
29394,treino
13714,treino
15886,treino
5986,treino
7890,treino
11024,treino
32146,treino
2102,treino
26163,treino
23592,treino
29818,treino
20503,treino
27355,treino
16573,treino
12719,treino
4772,treino
9430,treino
2264,treino
25276,treino
2842,treino
23980,treino
5654,treino
5910,treino
18128,treino
10297,treino
27750,treino
28004,treino
15400,treino
16303,treino
27913,treino
3648,treino
7695,treino
16446,treino
10138,treino
24599,treino
8316,treino
25218,treino
20303,treino
19722,treino
2829,treino
3900,treino
12186,treino
27354,treino
15330,treino
14629,treino
5321,treino
31701,treino
4639,treino
32526,treino
15363,treino
6994,treino
13503,treino
24405,treino
22358,treino
12160,treino
27594,treino
27544,treino
25728,treino
25194,treino
4714,treino
23719,treino
3624,treino
3273,treino
7289,treino
12728,treino
26128,treino
19209,treino
24097,treino
27667,treino
30927,treino
24150,treino
27229,treino
2,treino
25114,treino
23877,treino
714,treino
4717,treino
6595,treino
2203,treino
13718,treino
7180,treino
2616,treino
9065,treino
19854,treino
31025,treino
18805,treino
17602,treino
19315,treino
2077,treino
12752,treino
9083,treino
29339,treino
14297,treino
10290,treino
31911,treino
11885,treino
6205,treino
26896,treino
5169,treino
5037,treino
29282,treino
9584,treino
17282,treino
130,treino
18114,treino
2233,treino
3096,treino
19355,treino
31930,treino
3693,treino
12610,treino
20193,treino
18658,treino
20009,treino
9880,treino
28462,treino
3465,treino
10564,treino
21858,treino
7972,treino
5760,treino
23957,treino
23920,treino
22952,treino
20175,treino
11966,treino
3979,treino
14985,treino
28350,treino
26597,treino
25279,treino
4266,treino
27933,treino
10704,treino
11893,treino
5204,treino
12337,treino
1588,treino
25010,treino
11361,treino
3250,treino
25756,treino
28156,treino
17150,treino
22867,treino
8017,treino
21761,treino
16413,treino
29189,treino
22029,treino
23892,treino
8078,treino
12367,treino
5862,treino
608,treino
17487,treino
16591,treino
31053,treino
21440,treino
23367,treino
9116,treino
2248,treino
1122,treino
32497,treino
31678,treino
9813,treino
1000,treino
13196,treino
20219,treino
14588,treino
14020,treino
614,treino
32428,treino
425,treino
18352,treino
26172,treino
22483,treino
28151,treino
26454,treino
21594,treino
4417,treino
15842,treino
15524,treino
31794,treino
5952,treino
4192,treino
23618,treino
8264,treino
10414,treino
10848,treino
17784,treino
20854,treino
24183,treino
2119,treino
27141,treino
18692,treino
16913,treino
3946,treino
16285,treino
10051,treino
10313,treino
17889,treino
19797,treino
25110,treino
18170,treino
29079,treino
1605,treino
8325,treino
25672,treino
26614,treino
29998,treino
18381,treino
17074,treino
229,treino
31175,treino
1047,treino
15170,treino
2171,treino
4324,treino
11755,treino
26322,treino
30690,treino
32161,treino
17184,treino
28394,treino
17681,treino
21083,treino
1421,treino
32015,treino
3272,treino
15594,treino
23743,treino
16343,treino
15785,treino
5184,treino
31259,treino
25741,treino
27570,treino
25650,treino
30928,treino
3878,treino
28286,treino
23720,treino
21207,treino
26483,treino
24662,treino
18228,treino
12720,treino
30624,treino
23679,treino
22878,treino
28374,treino
11075,treino
12637,treino
16481,treino
6031,treino
4325,treino
133,treino
4986,treino
15356,treino
16625,treino
9201,treino
2177,treino
19694,treino
19811,treino
7697,treino
30527,treino
20248,treino
20186,treino
8671,treino
27287,treino
19806,treino
12480,treino
17217,treino
18546,treino
25937,treino
21596,treino
27263,treino
20315,treino
15368,treino
31288,treino
15412,treino
4739,treino
80,treino
21137,treino
21067,treino
11991,treino
17767,treino
27191,treino
15564,treino
26096,treino
12635,treino
20738,treino
6602,treino
13966,treino
7481,treino
16594,treino
2373,treino
19625,treino
888,treino
28592,treino
2121,treino
3005,treino
19706,treino
26832,treino
30157,treino
24608,treino
23715,treino
6354,treino
23124,treino
20353,treino
29323,treino
9860,treino
7893,treino
31902,treino
8976,treino
24824,treino
13637,treino
25121,treino
22889,treino
6287,treino
32120,treino
14598,treino
20329,treino
1028,treino
27222,treino
22446,treino
20731,treino
29348,treino
7883,treino
20879,treino
27018,treino
19158,treino
25651,treino
2982,treino
191,treino
25420,treino
6633,treino
26583,treino
29185,treino
14791,treino
344,treino
21729,treino
29970,treino
28227,treino
22461,treino
26477,treino
20261,treino
31181,treino
2635,treino
13957,treino
20982,treino
27623,treino
6278,treino
2231,treino
24035,treino
12330,treino
3977,treino
5572,treino
19761,treino
18891,treino
21002,treino
8108,treino
14072,treino
14775,treino
19850,treino
25125,treino
12395,treino
7692,treino
2738,treino
18895,treino
17277,treino
10293,treino
19825,treino
9094,treino
16586,treino
17203,treino
14867,treino
17432,treino
22706,treino
21332,treino
2050,treino
15120,treino
25456,treino
23322,treino
16880,treino
15535,treino
9997,treino
15387,treino
24986,treino
6313,treino
30220,treino
17738,treino
18346,treino
17950,treino
13582,treino
15236,treino
21448,treino
10272,treino
17245,treino
15370,treino
16738,treino
14543,treino
27673,treino
31357,treino
1222,treino
24582,treino
5307,treino
10968,treino
7960,treino
27654,treino
19556,treino
13495,treino
16073,treino
22427,treino
14096,treino
12870,treino
28737,treino
20024,treino
22983,treino
9975,treino
14313,treino
2852,treino
7004,treino
29366,treino
25203,treino
27304,treino
32358,treino
12188,treino
1979,treino
17760,treino
1180,treino
6334,treino
24002,treino
9899,treino
12797,treino
12153,treino
23695,treino
18178,treino
17218,treino
4681,treino
6746,treino
25792,treino
26032,treino
4840,treino
21812,treino
14896,treino
25845,treino
19151,treino
32368,treino
30370,treino
20617,treino
1528,treino
6538,treino
26039,treino
30598,treino
1869,treino
7716,treino
29719,treino
30209,treino
26465,treino
1051,treino
13041,treino
24175,treino
2381,treino
4564,treino
16081,treino
3159,treino
18869,treino
17933,treino
3321,treino
10602,treino
28267,treino
23761,treino
10965,treino
14911,treino
11972,treino
1504,treino
3214,treino
23161,treino
16826,treino
26796,treino
15023,treino
30162,treino
23228,treino
12986,treino
18222,treino
2763,treino
25306,treino
32204,treino
12391,treino
1999,treino
12008,treino
5029,treino
31472,treino
31429,treino
29230,treino
28094,treino
27531,treino
2100,treino
14248,treino
4981,treino
964,treino
8469,treino
7564,treino
5073,treino
6799,treino
2139,treino
18956,treino
5152,treino
22659,treino
21173,treino
27147,treino
28145,treino
9757,treino
25622,treino
26837,treino
22884,treino
2225,treino
26299,treino
15126,treino
27644,treino
10300,treino
20318,treino
30707,treino
30283,treino
27402,treino
19342,treino
535,treino
19393,treino
25838,treino
18296,treino
22577,treino
25311,treino
1019,treino
10782,treino
25357,treino
2925,treino
13151,treino
8986,treino
17505,treino
10435,treino
16528,treino
20351,treino
9767,treino
12585,treino
10177,treino
1821,treino
20822,treino
730,treino
15918,treino
25167,treino
3086,treino
9189,treino
31067,treino
657,treino
5352,treino
30250,treino
19565,treino
18582,treino
2563,treino
21347,treino
18632,treino
15168,treino
10459,treino
30743,treino
4707,treino
27872,treino
19268,treino
28445,treino
10008,treino
26101,treino
12173,treino
17871,treino
3055,treino
27648,treino
27371,treino
4899,treino
7850,treino
31811,treino
29124,treino
22318,treino
32029,treino
17595,treino
17834,treino
17174,treino
18728,treino
28641,treino
10150,treino
17358,treino
30533,treino
10846,treino
9202,treino
26898,treino
8281,treino
32498,treino
9775,treino
27155,treino
11890,treino
23798,treino
15904,treino
30740,treino
6441,treino
15443,treino
26760,treino
4485,treino
723,treino
18751,treino
29966,treino
6167,treino
7344,treino
28915,treino
16033,treino
21392,treino
10691,treino
22633,treino
7142,treino
14722,treino
13704,treino
28967,treino
1247,treino
22869,treino
27639,treino
14069,treino
2055,treino
32041,treino
15288,treino
3637,treino
6184,treino
5987,treino
16699,treino
20182,treino
27670,treino
2429,treino
26132,treino
13808,treino
8377,treino
6487,treino
23884,treino
25902,treino
11479,treino
2767,treino
19862,treino
7177,treino
24658,treino
15064,treino
18661,treino
31993,treino
21403,treino
1705,treino
3327,treino
9225,treino
21855,treino
13540,treino
7652,treino
16741,treino
711,treino
7914,treino
22166,treino
15206,treino
28596,treino
6149,treino
24584,treino
26857,treino
28433,treino
5188,treino
25933,treino
31444,treino
3512,treino
14210,treino
6302,treino
31870,treino
9228,treino
10899,treino
24730,treino
19482,treino
4466,treino
12974,treino
26649,treino
18472,treino
31692,treino
22023,treino
14139,treino
17104,treino
3680,treino
23759,treino
21374,treino
18104,treino
2784,treino
7414,treino
21522,treino
26867,treino
11841,treino
1955,treino
185,treino
5401,treino
763,treino
6092,treino
16669,treino
27000,treino
11312,treino
20295,treino
21419,treino
24565,treino
21716,treino
25198,treino
16532,treino
10912,treino
9495,treino
20743,treino
22979,treino
31436,treino
19717,treino
17232,treino
7731,treino
24129,treino
26403,treino
19815,treino
4413,treino
26608,treino
5019,treino
30202,treino
18088,treino
7766,treino
3111,treino
539,treino
14333,treino
18876,treino
8187,treino
22674,treino
26688,treino
21087,treino
19425,treino
19047,treino
4344,treino
12474,treino
5282,treino
25295,treino
27475,treino
19324,treino
9850,treino
23807,treino
14383,treino
31790,treino
12758,treino
25754,treino
1727,treino
8356,treino
21304,treino
20962,treino
30563,treino
12076,treino
18920,treino
28254,treino
20164,treino
22455,treino
32072,treino
26694,treino
7814,treino
11980,treino
29828,treino
448,treino
14860,treino
10672,treino
20373,treino
6686,treino
16433,treino
19232,treino
28334,treino
1891,treino
21164,treino
29280,treino
30683,treino
7576,treino
22255,treino
18112,treino
7499,treino
9445,treino
3635,treino
23574,treino
10681,treino
13304,treino
30132,treino
597,treino
31917,treino
11628,treino
8796,treino
15903,treino
15913,treino
19356,treino
28009,treino
96,treino
31539,treino
24298,treino
4146,treino
10245,treino
4460,treino
11548,treino
25225,treino
8982,treino
24294,treino
15852,treino
11252,treino
28818,treino
4418,treino
8878,treino
27647,treino
26302,treino
11724,treino
19053,treino
23145,treino
28622,treino
5148,treino
1676,treino
9509,treino
26553,treino
3631,treino
30392,treino
9842,treino
6457,treino
2013,treino
6080,treino
6604,treino
12813,treino
5174,treino
18540,treino
5584,treino
14765,treino
14144,treino
6185,treino
4120,treino
19788,treino
11622,treino
9598,treino
1408,treino
23237,treino
15830,treino
23091,treino
31540,treino
25552,treino
10324,treino
32488,treino
25291,treino
2886,treino
11513,treino
19923,treino
24278,treino
31102,treino
5638,treino
6363,treino
30512,treino
3846,treino
19643,treino
20118,treino
25061,treino
30483,treino
30153,treino
19411,treino
19062,treino
12831,treino
22211,treino
9017,treino
27882,treino
29963,treino
27256,treino
31320,treino
13045,treino
13154,treino
18753,treino
18204,treino
2621,treino
3328,treino
3421,treino
14859,treino
11785,treino
56,treino
18825,treino
4670,treino
29227,treino
28160,treino
30476,treino
8427,treino
29765,treino
5452,treino
7446,treino
23788,treino
7951,treino
21188,treino
2850,treino
704,treino
5462,treino
17366,treino
1895,treino
9271,treino
32414,treino
17755,treino
3860,treino
31901,treino
6133,treino
28620,treino
17046,treino
390,treino
6087,treino
22160,treino
32014,treino
32207,treino
19199,treino
26437,treino
18932,treino
2397,treino
19718,treino
13158,treino
13224,treino
16281,treino
30448,treino
212,treino
18486,treino
23107,treino
1569,treino
9845,treino
21295,treino
22832,treino
25631,treino
2883,treino
994,treino
9256,treino
27809,treino
27228,treino
29338,treino
14016,treino
15983,treino
12410,treino
22438,treino
18490,treino
23650,treino
31448,treino
16791,treino
3912,treino
5455,treino
14428,treino
16247,treino
15489,treino
14282,treino
247,treino
8182,treino
6495,treino
21620,treino
25979,treino
2227,treino
14832,treino
26768,treino
7927,treino
2198,treino
32261,treino
13996,treino
1713,treino
13416,treino
27589,treino
31378,treino
11206,treino
18173,treino
1018,treino
14561,treino
9459,treino
8113,treino
20518,treino
13609,treino
24061,treino
2523,treino
3348,treino
28723,treino
8958,treino
6053,treino
21426,treino
18856,treino
27613,treino
3718,treino
23438,treino
27351,treino
6009,treino
4595,treino
10066,treino
25873,treino
5878,treino
2793,treino
32019,treino
23054,treino
18143,treino
12411,treino
8973,treino
24160,treino
10902,treino
5394,treino
3842,treino
25392,treino
4768,treino
8977,treino
17678,treino
1780,treino
13226,treino
31708,treino
25048,treino
21989,treino
26301,treino
3501,treino
25749,treino
5626,treino
4450,treino
6945,treino
12781,treino
2192,treino
28226,treino
11453,treino
24191,treino
22449,treino
15180,treino
11122,treino
5534,treino
8743,treino
23556,treino
21672,treino
15592,treino
11499,treino
1042,treino
2750,treino
16550,treino
12027,treino
32078,treino
21270,treino
20258,treino
9959,treino
19148,treino
14149,treino
5996,treino
11072,treino
28575,treino
14717,treino
14983,treino
21998,treino
30012,treino
15383,treino
14800,treino
22118,treino
23458,treino
8478,treino
24082,treino
12614,treino
26746,treino
11772,treino
26423,treino
28099,treino
15972,treino
32112,treino
27782,treino
16673,treino
32118,treino
11607,treino
28958,treino
21054,treino
19206,treino
20389,treino
4601,treino
5094,treino
30981,treino
28831,treino
13350,treino
28120,treino
7663,treino
7730,treino
15472,treino
6315,treino
17027,treino
27468,treino
15317,treino
6035,treino
18318,treino
11884,treino
14537,treino
9893,treino
21271,treino
30069,treino
1092,treino
16268,treino
6682,treino
20037,treino
29914,treino
6503,treino
23096,treino
9182,treino
11064,treino
25414,treino
11501,treino
28495,treino
12318,treino
29359,treino
31173,treino
21030,treino
21946,treino
19902,treino
27202,treino
9604,treino
2711,treino
9714,treino
24795,treino
29647,treino
10058,treino
16364,treino
7025,treino
3232,treino
24707,treino
2609,treino
19409,treino
30845,treino
8110,treino
22958,treino
9782,treino
24875,treino
6873,treino
22459,treino
15824,treino
6096,treino
28270,treino
25620,treino
3702,treino
32027,treino
5289,treino
24391,treino
17937,treino
19257,treino
6450,treino
19769,treino
22954,treino
6342,treino
10239,treino
5212,treino
9142,treino
19234,treino
708,treino
30658,treino
29114,treino
554,treino
14771,treino
32081,treino
25968,treino
25609,treino
2460,treino
12093,treino
8868,treino
26844,treino
3750,treino
6941,treino
2201,treino
26799,treino
12802,treino
19074,treino
22798,treino
8907,treino
15944,treino
29411,treino
18541,treino
11874,treino
6768,treino
3268,treino
11792,treino
28177,treino
5116,treino
9773,treino
9589,treino
10146,treino
18735,treino
541,treino
23408,treino
15790,treino
30201,treino
17921,treino
3778,treino
21694,treino
3769,treino
30746,treino
31133,treino
14991,treino
9526,treino
507,treino
11887,treino
19427,treino
22938,treino
19977,treino
20529,treino
18323,treino
26735,treino
30810,treino
12000,treino
25154,treino
25852,treino
5962,treino
19459,treino
2084,treino
22102,treino
20396,treino
25405,treino
26192,treino
24552,treino
25683,treino
20147,treino
12625,treino
16554,treino
10892,treino
18056,treino
18168,treino
28717,treino
24141,treino
6539,treino
5763,treino
15454,treino
14355,treino
14304,treino
19033,treino
10491,treino
14249,treino
25247,treino
27775,treino
24426,treino
19707,treino
22367,treino
23424,treino
27841,treino
15026,treino
3494,treino
32036,treino
3641,treino
27102,treino
27831,treino
11374,treino
15089,treino
6904,treino
4138,treino
12973,treino
24673,treino
817,treino
11272,treino
10547,treino
15042,treino
14179,treino
27353,treino
10511,treino
4276,treino
15101,treino
12140,treino
23139,treino
30226,treino
10111,treino
16137,treino
30601,treino
8076,treino
11150,treino
10625,treino
29486,treino
11599,treino
23882,treino
18960,treino
16806,treino
11269,treino
22820,treino
30939,treino
17265,treino
6776,treino
25625,treino
12103,treino
28111,treino
14892,treino
27838,treino
14550,treino
24704,treino
7340,treino
3588,treino
31120,treino
9703,treino
5440,treino
355,treino
13536,treino
14927,treino
25666,treino
31014,treino
10122,treino
1030,treino
28461,treino
873,treino
17398,treino
14621,treino
10969,treino
15295,treino
5156,treino
15332,treino
32467,treino
3640,treino
9375,treino
8955,treino
31063,treino
31144,treino
10333,treino
3370,treino
4705,treino
19136,treino
25317,treino
7845,treino
24186,treino
9057,treino
16522,treino
11223,treino
10495,treino
31445,treino
3253,treino
17093,treino
18113,treino
170,treino
1771,treino
562,treino
31115,treino
27724,treino
16643,treino
11774,treino
20904,treino
20704,treino
23153,treino
17812,treino
20208,treino
11587,treino
10075,treino
22496,treino
26286,treino
13167,treino
5776,treino
16728,treino
21090,treino
28603,treino
27645,treino
8841,treino
26530,treino
15074,treino
16378,treino
30900,treino
25045,treino
19756,treino
30770,treino
30700,treino
12014,treino
13016,treino
8835,treino
32569,treino
13130,treino
19686,treino
25540,treino
12660,treino
9533,treino
2161,treino
5706,treino
14459,treino
15189,treino
6643,treino
10268,treino
31991,treino
19440,treino
29477,treino
32382,treino
22714,treino
27455,treino
21526,treino
30298,treino
15335,treino
10900,treino
5886,treino
22831,treino
6293,treino
1309,treino
5224,treino
26009,treino
13560,treino
7862,treino
19184,treino
8025,treino
29485,treino
10855,treino
19591,treino
26939,treino
18564,treino
31308,treino
22885,treino
11994,treino
17572,treino
709,treino
1086,treino
10970,treino
13913,treino
12403,treino
8272,treino
3463,treino
19366,treino
27042,treino
2934,treino
11061,treino
18737,treino
27568,treino
17112,treino
21013,treino
1565,treino
6438,treino
30950,treino
9263,treino
267,treino
27128,treino
32005,treino
31420,treino
25092,treino
27398,treino
20697,treino
30573,treino
12954,treino
1543,treino
1939,treino
16304,treino
9106,treino
1285,treino
22899,treino
2518,treino
13798,treino
29081,treino
31016,treino
28384,treino
22156,treino
20792,treino
4046,treino
24843,treino
7728,treino
13403,treino
30312,treino
9745,treino
11942,treino
9734,treino
805,treino
13247,treino
6010,treino
8293,treino
24959,treino
10216,treino
21730,treino
26762,treino
10328,treino
20968,treino
12878,treino
30234,treino
7809,treino
16501,treino
3330,treino
8236,treino
21878,treino
30902,treino
9453,treino
7553,treino
7384,treino
2454,treino
20223,treino
24866,treino
30077,treino
8833,treino
21704,treino
30497,treino
12361,treino
8942,treino
28011,treino
11480,treino
22252,treino
22732,treino
32433,treino
14862,treino
20535,treino
5985,treino
18934,treino
12271,treino
2625,treino
8299,treino
6837,treino
11814,treino
24893,treino
23962,treino
19884,treino
21498,treino
918,treino
7398,treino
9006,treino
17843,treino
4152,treino
13309,treino
28893,treino
652,treino
7907,treino
27537,treino
12198,treino
17365,treino
21901,treino
13550,treino
2169,treino
6490,treino
23879,treino
9317,treino
23382,treino
17880,treino
40,treino
31414,treino
31400,treino
14989,treino
18101,treino
16321,treino
9391,treino
22944,treino
1185,treino
8127,treino
14079,treino
25811,treino
19230,treino
21792,treino
2166,treino
31093,treino
30363,treino
26056,treino
1797,treino
16051,treino
13875,treino
3683,treino
2998,treino
16929,treino
8345,treino
13051,treino
16898,treino
22221,treino
4119,treino
752,treino
10321,treino
29834,treino
13368,treino
28258,treino
9882,treino
28947,treino
1126,treino
30403,treino
18126,treino
10812,treino
10019,treino
24989,treino
10001,treino
13596,treino
23673,treino
30260,treino
30035,treino
13894,treino
11009,treino
1361,treino
16945,treino
1084,treino
8506,treino
23717,treino
25986,treino
5199,treino
25361,treino
26862,treino
21896,treino
13205,treino
9897,treino
7637,treino
23555,treino
16993,treino
8153,treino
12523,treino
1196,treino
32190,treino
24430,treino
24664,treino
16957,treino
6925,treino
19038,treino
5402,treino
1271,treino
24492,treino
6624,treino
5888,treino
30839,treino
15774,treino
12669,treino
18508,treino
9968,treino
7261,treino
14693,treino
6007,treino
12033,treino
8332,treino
22990,treino
21646,treino
6578,treino
651,treino
18672,treino
13481,treino
26771,treino
4495,treino
14049,treino
28809,treino
14766,treino
8729,treino
26697,treino
10635,treino
22409,treino
15894,treino
24274,treino
4762,treino
18245,treino
30728,treino
15638,treino
29994,treino
31379,treino
25771,treino
4648,treino
15586,treino
5181,treino
6713,treino
6510,treino
24099,treino
18644,treino
4286,treino
28281,treino
17110,treino
13750,treino
5414,treino
28178,treino
565,treino
16933,treino
18867,treino
3560,treino
24233,treino
8611,treino
5643,treino
20639,treino
5503,treino
19800,treino
10184,treino
24065,treino
26978,treino
23675,treino
27975,treino
28487,treino
5014,treino
18778,treino
21023,treino
32226,treino
26782,treino
15984,treino
13653,treino
17828,treino
16127,treino
362,treino
4025,treino
9701,treino
7082,treino
6081,treino
16695,treino
3432,treino
1795,treino
26798,treino
1256,treino
27274,treino
20757,treino
26129,treino
24775,treino
124,treino
22644,treino
14552,treino
22159,treino
318,treino
21830,treino
28360,treino
15680,treino
6312,treino
30025,treino
26855,treino
11632,treino
15265,treino
21315,treino
29735,treino
6970,treino
26993,treino
24114,treino
30759,treino
31293,treino
12236,treino
3829,treino
3105,treino
16338,treino
8213,treino
1354,treino
19163,treino
23796,treino
29729,treino
30295,treino
30216,treino
26020,treino
31019,treino
22396,treino
14599,treino
28098,treino
27578,treino
30807,treino
5771,treino
7366,treino
13539,treino
20307,treino
19343,treino
6069,treino
58,treino
20377,treino
5275,treino
25819,treino
17271,treino
20110,treino
8826,treino
15008,treino
18792,treino
29296,treino
4587,treino
13620,treino
25884,treino
12165,treino
17454,treino
24514,treino
16845,treino
8489,treino
4444,treino
9908,treino
11579,treino
22991,treino
4993,treino
962,treino
5593,treino
4852,treino
32152,treino
25813,treino
30978,treino
30375,treino
8145,treino
17915,treino
11289,treino
6042,treino
5897,treino
11336,treino
31064,treino
32234,treino
18677,treino
12895,treino
26770,treino
9370,treino
22929,treino
17045,treino
12764,treino
9747,treino
9259,treino
27025,treino
31663,treino
25409,treino
31897,treino
10519,treino
1644,treino
5215,treino
20111,treino
18462,treino
5104,treino
3700,treino
11532,treino
31745,treino
25050,treino
4870,treino
2858,treino
4492,treino
11505,treino
10035,treino
16128,treino
23940,treino
12182,treino
27104,treino
15157,treino
25175,treino
5031,treino
13059,treino
11108,treino
12496,treino
30709,treino
23156,treino
31699,treino
17417,treino
4661,treino
18405,treino
9549,treino
31179,treino
19132,treino
12247,treino
11179,treino
29395,treino
4692,treino
30803,treino
20748,treino
11156,treino
7483,treino
18103,treino
14805,treino
23051,treino
9634,treino
11927,treino
30768,treino
12622,treino
25076,treino
19239,treino
885,treino
3663,treino
17641,treino
5740,treino
18494,treino
23929,treino
23965,treino
24545,treino
19363,treino
3493,treino
22519,treino
18727,treino
27982,treino
8312,treino
17671,treino
16076,treino
11390,treino
12925,treino
28238,treino
18813,treino
6517,treino
29751,treino
13255,treino
27084,treino
8832,treino
17079,treino
12429,treino
3993,treino
23890,treino
4675,treino
26148,treino
12559,treino
8359,treino
26580,treino
17321,treino
31885,treino
31951,treino
8198,treino
24207,treino
31832,treino
9053,treino
14181,treino
12724,treino
12389,treino
9170,treino
11375,treino
8776,treino
5208,treino
25024,treino
18875,treino
2338,treino
16214,treino
5515,treino
31660,treino
23042,treino
7700,treino
6737,treino
29498,treino
11470,treino
1205,treino
15595,treino
28434,treino
15674,treino
30908,treino
6928,treino
999,treino
19915,treino
32200,treino
12966,treino
19658,treino
29415,treino
9902,treino
19715,treino
5701,treino
5102,treino
3833,treino
497,treino
3687,treino
16140,treino
4520,treino
17292,treino
9207,treino
13265,treino
6537,treino
27835,treino
11686,treino
17116,treino
28562,treino
31548,treino
5417,treino
7260,treino
177,treino
19888,treino
13986,treino
22138,treino
29024,treino
15643,treino
21856,treino
9764,treino
12991,treino
24323,treino
7247,treino
31178,treino
29983,treino
27923,treino
24379,treino
8003,treino
32270,treino
12779,treino
1414,treino
27698,treino
17541,treino
19086,treino
18234,treino
5133,treino
16539,treino
8996,treino
1934,treino
26984,treino
9786,treino
12664,treino
26458,treino
28768,treino
19553,treino
21914,treino
24954,treino
13681,treino
28372,treino
12686,treino
27552,treino
12639,treino
14343,treino
22113,treino
9194,treino
19847,treino
9222,treino
11131,treino
7205,treino
27217,treino
15212,treino
31675,treino
15113,treino
24683,treino
2323,treino
19237,treino
30064,treino
29009,treino
17596,treino
13017,treino
20060,treino
8152,treino
17945,treino
15051,treino
25252,treino
8504,treino
4018,treino
14903,treino
16529,treino
10145,treino
24547,treino
10056,treino
13066,treino
14330,treino
27968,treino
10901,treino
22291,treino
18167,treino
26775,treino
14273,treino
5100,treino
15173,treino
21681,treino
5810,treino
17724,treino
21931,treino
6336,treino
7770,treino
13951,treino
630,treino
28707,treino
27445,treino
24635,treino
4318,treino
16633,treino
8375,treino
12335,treino
969,treino
2830,treino
23511,treino
11574,treino
28443,treino
16896,treino
31504,treino
9056,treino
9765,treino
1530,treino
23391,treino
23061,treino
32413,treino
3936,treino
10697,treino
20795,treino
31040,treino
11621,treino
1654,treino
27103,treino
7611,treino
17619,treino
21671,treino
19559,treino
28574,treino
11614,treino
19918,treino
15179,treino
28960,treino
10506,treino
19333,treino
6681,treino
4845,treino
24529,treino
22157,treino
12154,treino
6473,treino
6983,treino
28532,treino
16418,treino
25637,treino
946,treino
26270,treino
10952,treino
13910,treino
19077,treino
29565,treino
6357,treino
3087,treino
7010,treino
19692,treino
18836,treino
20517,treino
20939,treino
28425,treino
6565,treino
19263,treino
25545,treino
28604,treino
24050,treino
7608,treino
24912,treino
17759,treino
31642,treino
20531,treino
24480,treino
20235,treino
4805,treino
10644,treino
31394,treino
20921,treino
29022,treino
790,treino
5520,treino
1124,treino
4718,treino
9374,treino
8727,treino
23604,treino
30957,treino
10267,treino
21579,treino
11205,treino
3669,treino
20832,treino
30227,treino
8732,treino
17493,treino
15609,treino
1228,treino
6026,treino
26420,treino
477,treino
30357,treino
22147,treino
11226,treino
22919,treino
28869,treino
22724,treino
17361,treino
10702,treino
23772,treino
26149,treino
26415,treino
12238,treino
21925,treino
32143,treino
8948,treino
20813,treino
4400,treino
6531,treino
31426,treino
21284,treino
1682,treino
4285,treino
15452,treino
12245,treino
10294,treino
14612,treino
22746,treino
15976,treino
28214,treino
6909,treino
20893,treino
24814,treino
9395,treino
29000,treino
2361,treino
22915,treino
2728,treino
24318,treino
28556,treino
21662,treino
3326,treino
32163,treino
18769,treino
1634,treino
27983,treino
12799,treino
21204,treino
853,treino
146,treino
29839,treino
16497,treino
5161,treino
12810,treino
5555,treino
16463,treino
18899,treino
16505,treino
24343,treino
4543,treino
4029,treino
27792,treino
17508,treino
27618,treino
23074,treino
1080,treino
26593,treino
13807,treino
19087,treino
2637,treino
12200,treino
968,treino
28924,treino
3158,treino
653,treino
18419,treino
2530,treino
5719,treino
23300,treino
7312,treino
5936,treino
20734,treino
18349,treino
9264,treino
30136,treino
24056,treino
23169,treino
5732,treino
5713,treino
5665,treino
29091,treino
13529,treino
26662,treino
14375,treino
17715,treino
3197,treino
743,treino
16313,treino
30310,treino
14655,treino
12875,treino
12721,treino
20630,treino
19496,treino
28472,treino
10787,treino
26656,treino
19323,treino
7571,treino
13492,treino
2910,treino
26389,treino
6076,treino
77,treino
12470,treino
25943,treino
9841,treino
13684,treino
20836,treino
138,treino
8323,treino
22374,treino
8691,treino
1260,treino
15266,treino
22807,treino
32129,treino
6732,treino
12690,treino
28014,treino
21412,treino
23082,treino
5711,treino
8329,treino
18787,treino
18617,treino
4389,treino
3691,treino
32167,treino
30820,treino
21949,treino
29221,treino
2021,treino
161,treino
8606,treino
19244,treino
3304,treino
30977,treino
26808,treino
10581,treino
16583,treino
25848,treino
6916,treino
21429,treino
25056,treino
16205,treino
26453,treino
10830,treino
32030,treino
10470,treino
28607,treino
24975,treino
10515,treino
4898,treino
6469,treino
8200,treino
30453,treino
13400,treino
12349,treino
2618,treino
25892,treino
29374,treino
31914,treino
24464,treino
7501,treino
9466,treino
11659,treino
15948,treino
9642,treino
7723,treino
23700,treino
15743,treino
21888,treino
28901,treino
4458,treino
18446,treino
27893,treino
15196,treino
15322,treino
15732,treino
8291,treino
363,treino
5098,treino
4283,treino
18848,treino
21499,treino
16925,treino
30526,treino
21543,treino
3880,treino
14637,treino
2717,treino
2958,treino
2855,treino
28056,treino
22471,treino
13260,treino
14192,treino
4687,treino
18560,treino
8425,treino
19231,treino
21985,treino
6879,treino
2933,treino
25241,treino
24615,treino
3892,treino
28833,treino
24228,treino
7703,treino
10872,treino
5405,treino
7391,treino
10071,treino
31920,treino
20364,treino
22894,treino
3689,treino
3651,treino
20026,treino
11357,treino
5998,treino
23725,treino
5551,treino
9168,treino
19980,treino
23739,treino
14842,treino
29591,treino
29761,treino
24358,treino
11062,treino
12453,treino
20468,treino
4396,treino
13244,treino
12013,treino
2993,treino
20625,treino
5788,treino
28463,treino
3484,treino
1243,treino
23250,treino
13153,treino
19256,treino
7954,treino
31298,treino
19203,treino
5239,treino
785,treino
24762,treino
19398,treino
25681,treino
30065,treino
17201,treino
9769,treino
27848,treino
25296,treino
8368,treino
30061,treino
1152,treino
7534,treino
17239,treino
7806,treino
10356,treino
30107,treino
30578,treino
17713,treino
4774,treino
14211,treino
27420,treino
646,treino
17685,treino
14257,treino
4160,treino
13527,treino
26663,treino
19841,treino
1722,treino
6801,treino
23178,treino
20335,treino
1749,treino
5940,treino
21122,treino
21960,treino
916,treino
14555,treino
29174,treino
25864,treino
19904,treino
19068,treino
11369,treino
24799,treino
6869,treino
220,treino
20010,treino
13633,treino
5358,treino
23642,treino
26716,treino
1281,treino
4701,treino
13290,treino
22673,treino
9944,treino
2051,treino
26812,treino
22347,treino
7201,treino
16853,treino
7147,treino
1879,treino
22833,treino
26419,treino
10041,treino
7950,treino
21262,treino
70,treino
19069,treino
9742,treino
11940,treino
9973,treino
18861,treino
3822,treino
4183,treino
22304,treino
18083,treino
20192,treino
22010,treino
7504,treino
27248,treino
21659,treino
22134,treino
465,treino
7684,treino
8860,treino
11467,treino
5867,treino
5736,treino
22500,treino
2422,treino
15910,treino
7512,treino
1155,treino
14921,treino
30007,treino
3881,treino
7500,treino
30960,treino
26087,treino
1442,treino
3638,treino
6146,treino
31913,treino
2560,treino
18390,treino
21095,treino
12252,treino
744,treino
1169,treino
3682,treino
13599,treino
32110,treino
27641,treino
26568,treino
22934,treino
26505,treino
15249,treino
28611,treino
32062,treino
20841,treino
21948,treino
12273,treino
21758,treino
3713,treino
5682,treino
11093,treino
14980,treino
22982,treino
28985,treino
8744,treino
4956,treino
10261,treino
26173,treino
25539,treino
14782,treino
3799,treino
28675,treino
14734,treino
28780,treino
5721,treino
28280,treino
2054,treino
17241,treino
530,treino
6634,treino
24605,treino
19992,treino
25528,treino
27992,treino
15684,treino
14485,treino
12133,treino
7743,treino
19733,treino
22324,treino
14957,treino
30586,treino
18566,treino
22107,treino
24232,treino
118,treino
1384,treino
18510,treino
20129,treino
4949,treino
4574,treino
10955,treino
21236,treino
16671,treino
13435,treino
3146,treino
18022,treino
21296,treino
22602,treino
16296,treino
27665,treino
27198,treino
28957,treino
10954,treino
28806,treino
8587,treino
24515,treino
26002,treino
24884,treino
4979,treino
28272,treino
29904,treino
31029,treino
23912,treino
25841,treino
4655,treino
13883,treino
6359,treino
15172,treino
8681,treino
617,treino
751,treino
9121,treino
4547,treino
11525,treino
25053,treino
16246,treino
2285,treino
17716,treino
22968,treino
12761,treino
14325,treino
20840,treino
700,treino
26719,treino
1574,treino
32383,treino
28646,treino
16145,treino
13227,treino
28740,treino
2329,treino
18375,treino
370,treino
31785,treino
31425,treino
31486,treino
7484,treino
20580,treino
25028,treino
20788,treino
22345,treino
13726,treino
9884,treino
17688,treino
24043,treino
13508,treino
2167,treino
5384,treino
15888,treino
12561,treino
22058,treino
10594,treino
32465,treino
3393,treino
22526,treino
10484,treino
15770,treino
13150,treino
13795,treino
27656,treino
7235,treino
9710,treino
20255,treino
24965,treino
17694,treino
24167,treino
15726,treino
7309,treino
13248,treino
30693,treino
15746,treino
14969,treino
28208,treino
9948,treino
485,treino
11926,treino
8548,treino
6929,treino
13717,treino
30610,treino
5003,treino
18028,treino
15132,treino
6174,treino
12914,treino
7120,treino
15063,treino
22238,treino
23699,treino
1249,treino
24680,treino
26909,treino
6380,treino
29859,treino
6959,treino
1843,treino
16396,treino
30802,treino
21026,treino
1971,treino
605,treino
13190,treino
1451,treino
7937,treino
3932,treino
24365,treino
26251,treino
734,treino
28788,treino
858,treino
20183,treino
3394,treino
1234,treino
3116,treino
31943,treino
23439,treino
27780,treino
18634,treino
18247,treino
10140,treino
24832,treino
13411,treino
30484,treino
27609,treino
28718,treino
17340,treino
2682,treino
29334,treino
21475,treino
31509,treino
13708,treino
14274,treino
25148,treino
16239,treino
4669,treino
5514,treino
154,treino
21178,treino
26337,treino
9994,treino
2128,treino
1240,treino
25692,treino
15858,treino
11328,treino
3443,treino
23121,treino
6735,treino
31967,treino
32100,treino
28712,treino
9923,treino
24378,treino
20103,treino
11826,treino
22594,treino
21556,treino
4683,treino
11106,treino
17848,treino
5371,treino
4710,treino
27390,treino
26504,treino
29784,treino
2189,treino
13647,treino
1015,treino
23523,treino
25199,treino
19435,treino
17874,treino
8261,treino
5737,treino
2726,treino
8875,treino
26590,treino
16162,treino
6689,treino
29032,treino
9839,treino
29077,treino
10006,treino
16931,treino
22574,treino
1756,treino
12424,treino
14876,treino
7635,treino
17268,treino
6882,treino
9424,treino
30134,treino
1151,treino
9519,treino
6497,treino
30858,treino
20483,treino
24238,treino
17610,treino
7207,treino
24770,treino
5536,treino
5034,treino
19787,treino
12288,treino
12838,treino
4448,treino
11285,treino
13624,treino
3666,treino
2532,treino
30223,treino
23578,treino
25305,treino
15339,treino
19397,treino
6204,treino
21101,treino
23553,treino
22748,treino
24285,treino
12065,treino
28834,treino
32154,treino
21337,treino
23241,treino
17683,treino
14736,treino
1350,treino
21473,treino
20547,treino
1082,treino
15812,treino
19165,treino
21389,treino
4928,treino
12953,treino
2705,treino
23196,treino
5205,treino
32466,treino
4378,treino
29969,treino
2689,treino
13251,treino
31569,treino
890,treino
19020,treino
29272,treino
25690,treino
31321,treino
23842,treino
16261,treino
28385,treino
15353,treino
23575,treino
12650,treino
10936,treino
22708,treino
12596,treino
32222,treino
18275,treino
1197,treino
25096,treino
26611,treino
22482,treino
8035,treino
22296,treino
21828,treino
15379,treino
4238,treino
25473,treino
8123,treino
4049,treino
19621,treino
19370,treino
21945,treino
6675,treino
14570,treino
10557,treino
14642,treino
13212,treino
31989,treino
28097,treino
26335,treino
10916,treino
30756,treino
1465,treino
13166,treino
835,treino
17098,treino
5040,treino
13389,treino
27072,treino
19796,treino
21241,treino
9852,treino
30996,treino
22560,treino
29037,treino
3302,treino
13921,treino
28734,treino
12128,treino
3825,treino
20365,treino
31154,treino
29779,treino
13281,treino
10825,treino
24472,treino
20758,treino
23538,treino
11727,treino
23191,treino
29476,treino
27448,treino
20736,treino
16136,treino
23453,treino
17918,treino
16322,treino
7376,treino
21765,treino
6403,treino
22212,treino
12315,treino
20527,treino
32444,treino
11456,treino
27962,treino
9051,treino
3195,treino
6865,treino
615,treino
16126,treino
26124,treino
14623,treino
7835,treino
26198,treino
18437,treino
20320,treino
23864,treino
14438,treino
16658,treino
10574,treino
29355,treino
11139,treino
3975,treino
6521,treino
3917,treino
293,treino
13006,treino
27206,treino
19134,treino
2926,treino
21734,treino
28311,treino
30320,treino
10298,treino
29937,treino
17159,treino
22848,treino
13634,treino
10020,treino
9585,treino
13651,treino
5461,treino
11764,treino
30909,treino
7044,treino
21128,treino
13627,treino
25598,treino
26626,treino
19926,treino
10210,treino
11494,treino
25424,treino
6657,treino
23146,treino
24351,treino
9926,treino
28721,treino
2797,treino
10676,treino
29625,treino
8515,treino
5009,treino
1069,treino
25987,treino
6310,treino
20000,treino
5393,treino
20106,treino
28195,treino
3840,treino
21719,treino
15970,treino
30665,treino
10662,treino
6131,treino
8233,treino
7708,treino
12654,treino
12448,treino
5630,treino
31278,treino
29161,treino
31952,treino
10710,treino
3312,treino
26994,treino
24588,treino
16814,treino
30254,treino
13055,treino
3283,treino
1748,treino
23280,treino
19987,treino
12727,treino
19782,treino
2387,treino
15711,treino
15270,treino
4371,treino
3003,treino
9952,treino
2425,treino
10630,treino
21875,treino
31493,treino
11569,treino
18575,treino
3990,treino
5610,treino
14188,treino
19387,treino
14322,treino
20931,treino
17790,treino
29873,treino
13562,treino
4857,treino
6594,treino
13915,treino
6300,treino
27454,treino
23487,treino
12935,treino
26070,treino
22743,treino
14085,treino
6861,treino
32551,treino
18556,treino
29214,treino
3913,treino
4839,treino
10173,treino
28393,treino
21686,treino
29770,treino
26344,treino
19774,treino
19490,treino
17251,treino
27861,treino
5466,treino
12407,treino
3980,treino
12011,treino
778,treino
4529,treino
16134,treino
12249,treino
7050,treino
9003,treino
23010,treino
16156,treino
7894,treino
11385,treino
29931,treino
26686,treino
31641,treino
16596,treino
9167,treino
10940,treino
2410,treino
26471,treino
1546,treino
6429,treino
13436,treino
24642,treino
23443,treino
18754,treino
18820,treino
20956,treino
18676,treino
27338,treino
21229,treino
31289,treino
472,treino
16950,treino
29215,treino
30214,treino
25477,treino
1972,treino
8825,treino
23812,treino
3732,treino
12809,treino
7069,treino
22749,treino
10866,treino
11055,treino
13767,treino
15422,treino
13083,treino
15839,treino
17094,treino
10201,treino
9986,treino
19528,treino
8748,treino
17032,treino
19465,treino
24473,treino
29717,treino
20014,treino
17717,treino
11234,treino
25784,treino
8041,treino
12628,treino
15140,treino
22380,treino
30954,treino
22692,treino
7979,treino
26810,treino
12282,treino
17498,treino
30406,treino
12550,treino
24352,treino
16325,treino
6340,treino
4244,treino
9801,treino
13345,treino
9814,treino
3887,treino
26703,treino
20367,treino
989,treino
13284,treino
29530,treino
17689,treino
16196,treino
15542,treino
16182,treino
12615,treino
30963,treino
29630,treino
860,treino
21770,treino
12202,treino
654,treino
23935,treino
7284,treino
1837,treino
16857,treino
15192,treino
15914,treino
27582,treino
23368,treino
15279,treino
6551,treino
4009,treino
32477,treino
19909,treino
30918,treino
10665,treino
19030,treino
16560,treino
16148,treino
19450,treino
19211,treino
11817,treino
6277,treino
22640,treino
21860,treino
815,treino
875,treino
5824,treino
26543,treino
6330,treino
8673,treino
7423,treino
9077,treino
16934,treino
20571,treino
30446,treino
25284,treino
23799,treino
26756,treino
24520,treino
777,treino
14536,treino
27736,treino
29831,treino
20821,treino
32045,treino
16456,treino
14831,treino
29149,treino
21653,treino
25191,treino
31155,treino
23095,treino
7965,treino
6880,treino
16626,treino
2466,treino
13639,treino
10526,treino
8609,treino
21530,treino
8087,treino
24934,treino
24905,treino
23539,treino
3301,treino
24494,treino
13787,treino
28192,treino
13084,treino
27879,treino
71,treino
18874,treino
10878,treino
21622,treino
8798,treino
24184,treino
5276,treino
28119,treino
4354,treino
16615,treino
26835,treino
2760,treino
16919,treino
31585,treino
19803,treino
6102,treino
18911,treino
12815,treino
31363,treino
25171,treino
24950,treino
12216,treino
15323,treino
28686,treino
17449,treino
26634,treino
31489,treino
15263,treino
21905,treino
12157,treino
24546,treino
4875,treino
21468,treino
1251,treino
32367,treino
30724,treino
21621,treino
26328,treino
4776,treino
16114,treino
24979,treino
3805,treino
2903,treino
17961,treino
27291,treino
24327,treino
5978,treino
11238,treino
30243,treino
5603,treino
48,treino
17052,treino
12309,treino
12404,treino
20998,treino
11317,treino
3678,treino
2872,treino
17294,treino
10918,treino
14003,treino
14209,treino
2299,treino
30792,treino
11960,treino
19009,treino
14037,treino
26820,treino
15739,treino
14544,treino
31669,treino
26528,treino
18529,treino
18140,treino
5759,treino
20178,treino
17485,treino
25250,treino
30868,treino
9748,treino
14038,treino
26527,treino
24460,treino
19313,treino
19479,treino
726,treino
6775,treino
17799,treino
10985,treino
20705,treino
3216,treino
892,treino
11007,treino
6211,treino
23174,treino
32066,treino
21047,treino
7074,treino
25378,treino
28036,treino
20565,treino
20972,treino
24964,treino
942,treino
30358,treino
26992,treino
32285,treino
16048,treino
3474,treino
26372,treino
4756,treino
26438,treino
26228,treino
4066,treino
8428,treino
4123,treino
8130,treino
4753,treino
10747,treino
17145,treino
24194,treino
31559,treino
3882,treino
23247,treino
13056,treino
17,treino
14619,treino
19317,treino
9990,treino
20554,treino
30273,treino
11430,treino
1625,treino
23267,treino
9229,treino
6552,treino
6871,treino
13446,treino
26523,treino
21810,treino
12859,treino
12631,treino
8735,treino
9383,treino
3415,treino
18129,treino
9755,treino
2651,treino
30702,treino
6798,treino
29866,treino
19773,treino
27050,treino
16074,treino
21418,treino
23283,treino
12094,treino
9188,treino
1755,treino
20165,treino
7033,treino
3834,treino
15694,treino
629,treino
19235,treino
32319,treino
8653,treino
23409,treino
19760,treino
16236,treino
1077,treino
14123,treino
4060,treino
11393,treino
27246,treino
27023,treino
23201,treino
29273,treino
2623,treino
16641,treino
22497,treino
21663,treino
30588,treino
6266,treino
28415,treino
25130,treino
13062,treino
30247,treino
15590,treino
19101,treino
21004,treino
17986,treino
5949,treino
15276,treino
21205,treino
27272,treino
30546,treino
2014,treino
8015,treino
9837,treino
28457,treino
6077,treino
4679,treino
14110,treino
22922,treino
9963,treino
30356,treino
12331,treino
16620,treino
10508,treino
28983,treino
22942,treino
31292,treino
12131,treino
18779,treino
18752,treino
31377,treino
27851,treino
13364,treino
19361,treino
19898,treino
18517,treino
11551,treino
31983,treino
18711,treino
12512,treino
22448,treino
30430,treino
11823,treino
9216,treino
8946,treino
9716,treino
8178,treino
26306,treino
20334,treino
14220,treino
14357,treino
19157,treino
23915,treino
19880,treino
2187,treino
23437,treino
14271,treino
10338,treino
17613,treino
27010,treino
12584,treino
167,treino
25170,treino
18595,treino
9663,treino
14349,treino
4051,treino
3888,treino
27100,treino
28765,treino
29936,treino
30,treino
20885,treino
10627,treino
12520,treino
18451,treino
10352,treino
26941,treino
10383,treino
31816,treino
30115,treino
5107,treino
29509,treino
19583,treino
24984,treino
3978,treino
12865,treino
23231,treino
10280,treino
9055,treino
27162,treino
10895,treino
2138,treino
6856,treino
6744,treino
19593,treino
5206,treino
14135,treino
9816,treino
1131,treino
10336,treino
1763,treino
1865,treino
29825,treino
26469,treino
14652,treino
27276,treino
312,treino
24325,treino
9614,treino
4545,treino
32524,treino
15378,treino
8446,treino
13137,treino
1287,treino
19369,treino
20801,treino
30513,treino
25822,treino
27346,treino
18303,treino
15229,treino
16825,treino
10783,treino
8757,treino
6375,treino
14114,treino
20970,treino
7848,treino
5767,treino
10732,treino
11182,treino
3721,treino
1400,treino
6679,treino
2817,treino
10637,treino
2521,treino
19586,treino
22280,treino
21161,treino
13235,treino
26712,treino
12501,treino
12312,treino
13810,treino
28171,treino
18808,treino
23858,treino
27289,treino
20900,treino
17448,treino
18392,treino
2363,treino
14187,treino
745,treino
7938,treino
4769,treino
21963,treino
13379,treino
12507,treino
25808,treino
5951,treino
20119,treino
5059,treino
23353,treino
10756,treino
23518,treino
15441,treino
17284,treino
10674,treino
23271,treino
10104,treino
8072,treino
20759,treino
23678,treino
2049,treino
6672,treino
14331,treino
3444,treino
16349,treino
23324,treino
11032,treino
8895,treino
688,treino
3225,treino
23661,treino
25730,treino
13288,treino
28045,treino
10448,treino
22133,treino
194,treino
5842,treino
3549,treino
2723,treino
23050,treino
31775,treino
1192,treino
20437,treino
12713,treino
24768,treino
16157,treino
24783,treino
8918,treino
10332,treino
11421,treino
22302,treino
17851,treino
23072,treino
18638,treino
4260,treino
28332,treino
13331,treino
20202,treino
29085,treino
9349,treino
3038,treino
14345,treino
2605,treino
24933,treino
13005,treino
18120,treino
2789,treino
11720,treino
9173,treino
11388,treino
25438,treino
1887,treino
32153,treino
2918,treino
11657,treino
18850,treino
3498,treino
24029,treino
29468,treino
2263,treino
27130,treino
29711,treino
24513,treino
23813,treino
30487,treino
10784,treino
27638,treino
5866,treino
1532,treino
25262,treino
4137,treino
2377,treino
23956,treino
12023,treino
28224,treino
15338,treino
26905,treino
20642,treino
13805,treino
3513,treino
5078,treino
3292,treino
22768,treino
2369,treino
9635,treino
27312,treino
32158,treino
16666,treino
8288,treino
32268,treino
9260,treino
3177,treino
24553,treino
24299,treino
16609,treino
8516,treino
7896,treino
9732,treino
2392,treino
5136,treino
7903,treino
15587,treino
6704,treino
26836,treino
24992,treino
11283,treino
17504,treino
29194,treino
25403,treino
29823,treino
24398,treino
8871,treino
4104,treino
11021,treino
13058,treino
22778,treino
6571,treino
6100,treino
18921,treino
31240,treino
6496,treino
14018,treino
10412,treino
1507,treino
26822,treino
25304,treino
7486,treino
6572,treino
29865,treino
30569,treino
9091,treino
29992,treino
10474,treino
15920,treino
15771,treino
26370,treino
1395,treino
17853,treino
31581,treino
3178,treino
21302,treino
19649,treino
10836,treino
11254,treino
6913,treino
18972,treino
2594,treino
1831,treino
17614,treino
24738,treino
7777,treino
21159,treino
18857,treino
16859,treino
19461,treino
8945,treino
27510,treino
29252,treino
30504,treino
16138,treino
3075,treino
17470,treino
15039,treino
32054,treino
10263,treino
16223,treino
7969,treino
25855,treino
11014,treino
27199,treino
25498,treino
12265,treino
3593,treino
21916,treino
25783,treino
27764,treino
11235,treino
5983,treino
26725,treino
5964,treino
11103,treino
21175,treino
20881,treino
30481,treino
7152,treino
2067,treino
4619,treino
31808,treino
26567,treino
15095,treino
9043,treino
20191,treino
27932,treino
1914,treino
14116,treino
10573,treino
4560,treino
6445,treino
4359,treino
26722,treino
31524,treino
23498,treino
538,treino
27567,treino
20277,treino
19477,treino
20274,treino
27978,treino
3902,treino
13370,treino
15284,treino
28403,treino
12685,treino
19794,treino
10806,treino
4552,treino
6747,treino
13511,treino
26522,treino
2188,treino
23154,treino
9937,treino
10735,treino
28857,treino
7002,treino
676,treino
5938,treino
1161,treino
662,treino
18072,treino
11799,treino
1545,treino
5663,treino
16839,treino
13262,treino
7302,treino
8992,treino
7479,treino
10933,treino
31637,treino
16967,treino
27492,treino
22735,treino
12189,treino
10278,treino
5366,treino
32410,treino
22007,treino
30257,treino
16342,treino
5124,treino
23595,treino
21258,treino
8358,treino
5317,treino
2383,treino
24401,treino
21718,treino
10764,treino
15406,treino
27403,treino
13452,treino
11732,treino
7618,treino
16082,treino
20615,treino
22392,treino
8218,treino
26878,treino
27160,treino
1965,treino
19849,treino
7308,treino
4859,treino
5345,treino
8805,treino
22415,treino
12725,treino
18290,treino
26045,treino
15866,treino
19021,treino
23014,treino
16962,treino
16980,treino
12342,treino
8525,treino
31921,treino
29447,treino
23385,treino
11002,treino
15533,treino
32421,treino
30313,treino
27499,treino
20778,treino
18720,treino
13401,treino
23828,treino
15715,treino
19285,treino
19344,treino
14476,treino
22414,treino
24360,treino
18255,treino
16190,treino
21428,treino
18788,treino
16031,treino
11468,treino
15198,treino
29855,treino
28421,treino
23260,treino
9041,treino
14702,treino
3969,treino
368,treino
8190,treino
649,treino
1594,treino
27081,treino
30078,treino
18987,treino
21360,treino
18137,treino
30290,treino
9624,treino
20486,treino
11751,treino
88,treino
17419,treino
28644,treino
28143,treino
15467,treino
22428,treino
25918,treino
17749,treino
23078,treino
17846,treino
14118,treino
11938,treino
1840,treino
19647,treino
380,treino
18130,treino
7804,treino
586,treino
30657,treino
25259,treino
31755,treino
20762,treino
16724,treino
15078,treino
28255,treino
20371,treino
8753,treino
30699,treino
19791,treino
28935,treino
23217,treino
19112,treino
16460,treino
5062,treino
16686,treino
9266,treino
7158,treino
26334,treino
6367,treino
28273,treino
4077,treino
13672,treino
13037,treino
1794,treino
21712,treino
17708,treino
29885,treino
10371,treino
28623,treino
5798,treino
26538,treino
7037,treino
18052,treino
3234,treino
12292,treino
4265,treino
16647,treino
5670,treino
19329,treino
27706,treino
5138,treino
520,treino
21815,treino
12072,treino
19934,treino
14869,treino
27219,treino
7465,treino
6501,treino
675,treino
7485,treino
15572,treino
8000,treino
18065,treino
2282,treino
12098,treino
29237,treino
5519,treino
30062,treino
10049,treino
1758,treino
6492,treino
27666,treino
822,treino
28499,treino
9135,treino
15599,treino
29676,treino
11487,treino
6948,treino
10102,treino
8997,treino
720,treino
8733,treino
31571,treino
11713,treino
8455,treino
21359,treino
529,treino
16715,treino
22943,treino
14277,treino
16811,treino
15459,treino
30717,treino
12270,treino
8943,treino
18116,treino
25160,treino
1480,treino
24590,treino
22049,treino
9175,treino
31386,treino
25966,treino
30019,treino
28579,treino
5142,treino
3016,treino
24840,treino
13470,treino
26305,treino
11376,treino
21906,treino
25588,treino
6584,treino
23931,treino
28504,treino
13176,treino
28023,treino
4154,treino
17035,treino
11593,treino
20305,treino
1007,treino
2783,treino
6045,treino
18485,treino
8857,treino
23479,treino
26058,treino
13515,treino
21610,treino
31150,treino
7733,treino
25272,treino
30501,treino
11527,treino
9204,treino
2056,treino
21706,treino
19551,treino
29587,treino
4530,treino
24172,treino
1581,treino
20401,treino
29204,treino
32346,treino
12800,treino
3812,treino
11804,treino
17478,treino
13693,treino
14439,treino
25531,treino
26141,treino
5646,treino
14058,treino
26268,treino
19423,treino
15816,treino
30334,treino
22394,treino
21775,treino
21393,treino
8661,treino
3281,treino
15200,treino
4606,treino
23120,treino
30367,treino
27411,treino
13437,treino
32243,treino
5063,treino
6177,treino
2461,treino
31137,treino
668,treino
14466,treino
7928,treino
21736,treino
3896,treino
18131,treino
22800,treino
13545,treino
21150,treino
31017,treino
30030,treino
934,treino
16608,treino
4377,treino
31033,treino
22060,treino
14628,treino
23428,treino
16836,treino
5839,treino
4419,treino
19056,treino
29285,treino
30557,treino
16337,treino
21803,treino
16273,treino
27115,treino
3134,treino
28059,treino
12551,treino
28971,treino
21542,treino
1835,treino
5527,treino
31325,treino
28268,treino
15178,treino
29460,treino
15834,treino
19185,treino
10687,treino
25702,treino
12962,treino
8658,treino
32351,treino
6361,treino
26944,treino
17804,treino
28019,treino
12130,treino
5907,treino
6347,treino
8379,treino
195,treino
16312,treino
7395,treino
20107,treino
3595,treino
20228,treino
12780,treino
3379,treino
22048,treino
29331,treino
29764,treino
28991,treino
10224,treino
19113,treino
20810,treino
14914,treino
11239,treino
633,treino
25657,treino
24280,treino
8172,treino
26260,treino
28952,treino
24230,treino
20786,treino
11533,treino
21937,treino
12472,treino
21115,treino
213,treino
6099,treino
29582,treino
14856,treino
12145,treino
22298,treino
23871,treino
23628,treino
11330,treino
27043,treino
5826,treino
26239,treino
6228,treino
30940,treino
14316,treino
20338,treino
28096,treino
29523,treino
26065,treino
23383,treino
2048,treino
10619,treino
32249,treino
26922,treino
31381,treino
28375,treino
16824,treino
292,treino
27714,treino
8327,treino
4581,treino
18722,treino
18594,treino
19505,treino
4106,treino
13709,treino
10914,treino
4472,treino
18873,treino
21354,treino
16810,treino
28465,treino
12408,treino
1613,treino
29858,treino
16375,treino
2326,treino
27524,treino
29976,treino
6597,treino
8388,treino
152,treino
11767,treino
21394,treino
5082,treino
5634,treino
6802,treino
8400,treino
23085,treino
20142,treino
31633,treino
7941,treino
26815,treino
27776,treino
13365,treino
24873,treino
20297,treino
12857,treino
32255,treino
10824,treino
18929,treino
87,treino
27593,treino
1850,treino
3994,treino
31073,treino
995,treino
14467,treino
11352,treino
5932,treino
9826,treino
10904,treino
15054,treino
15860,treino
20558,treino
11409,treino
537,treino
21563,treino
7925,treino
9341,treino
23057,treino
12873,treino
31828,treino
4210,treino
11265,treino
21527,treino
14586,treino
23197,treino
9870,treino
15561,treino
14688,treino
16189,treino
15386,treino
27476,treino
30492,treino
27308,treino
4747,treino
15256,treino
6995,treino
18279,treino
4787,treino
23888,treino
16305,treino
20869,treino
2135,treino
15600,treino
18815,treino
24443,treino
22091,treino
30236,treino
31197,treino
25733,treino
9120,treino
17183,treino
18840,treino
12346,treino
30688,treino
12588,treino
27853,treino
20521,treino
30887,treino
10771,treino
28578,treino
7990,treino
7915,treino
17870,treino
9955,treino
12355,treino
12547,treino
8364,treino
28942,treino
21084,treino
16775,treino
27903,treino
17735,treino
29029,treino
13186,treino
32281,treino
3103,treino
4577,treino
26951,treino
28989,treino
11682,treino
3357,treino
10754,treino
2589,treino
25411,treino
23559,treino
30620,treino
17211,treino
14563,treino
12465,treino
13096,treino
31796,treino
10816,treino
8820,treino
18817,treino
31824,treino
25454,treino
26484,treino
16258,treino
7628,treino
16330,treino
10437,treino
31535,treino
24961,treino
22734,treino
14982,treino
15036,treino
17364,treino
30948,treino
32097,treino
2511,treino
30813,treino
21096,treino
22097,treino
25579,treino
5186,treino
24579,treino
32069,treino
5976,treino
12425,treino
27348,treino
27083,treino
31752,treino
1957,treino
618,treino
28962,treino
23313,treino
14326,treino
14406,treino
13948,treino
20574,treino
26763,treino
20837,treino
8239,treino
8970,treino
26109,treino
5600,treino
18928,treino
26830,treino
13229,treino
2004,treino
16149,treino
20808,treino
17351,treino
14822,treino
19606,treino
4058,treino
1394,treino
22893,treino
18090,treino
19967,treino
14682,treino
12199,treino
22230,treino
17750,treino
12437,treino
22486,treino
16531,treino
11271,treino
7197,treino
10314,treino
2402,treino
17192,treino
6543,treino
19661,treino
30281,treino
28580,treino
29300,treino
17819,treino
4225,treino
9161,treino
3365,treino
27362,treino
4777,treino
16155,treino
28040,treino
28144,treino
136,treino
5830,treino
30840,treino
12123,treino
27028,treino
9351,treino
7971,treino
2065,treino
23639,treino
15237,treino
18067,treino
8933,treino
92,treino
15755,treino
8708,treino
8785,treino
31680,treino
6617,treino
11132,treino
5057,treino
16424,treino
7021,treino
6150,treino
13454,treino
5400,treino
19147,treino
3657,treino
20423,treino
7365,treino
14443,treino
5896,treino
22507,treino
32003,treino
9587,treino
14400,treino
16105,treino
12452,treino
1518,treino
12602,treino
4041,treino
31177,treino
21494,treino
30867,treino
12775,treino
7085,treino
20785,treino
22359,treino
28605,treino
7035,treino
21366,treino
3537,treino
29502,treino
22688,treino
25563,treino
14451,treino
26084,treino
470,treino
31949,treino
1766,treino
7762,treino
27509,treino
2418,treino
28474,treino
22165,treino
26613,treino
24387,treino
22930,treino
18636,treino
10527,treino
21165,treino
4432,treino
4284,treino
11595,treino
4609,treino
21209,treino
3476,treino
1345,treino
18179,treino
14288,treino
16335,treino
6533,treino
29602,treino
4597,treino
19446,treino
30248,treino
22583,treino
15389,treino
29809,treino
5491,treino
27927,treino
28304,treino
26181,treino
10277,treino
11282,treino
7054,treino
783,treino
24063,treino
22765,treino
7746,treino
29820,treino
11013,treino
5419,treino
25109,treino
16035,treino
6998,treino
1846,treino
26127,treino
11354,treino
19743,treino
15777,treino
14564,treino
2152,treino
8449,treino
5892,treino
2772,treino
26218,treino
5356,treino
20144,treino
24159,treino
4314,treino
20873,treino
9440,treino
6109,treino
28349,treino
28636,treino
30238,treino
17730,treino
22524,treino
14662,treino
14185,treino
29218,treino
2417,treino
32347,treino
12801,treino
18386,treino
14490,treino
31909,treino
3952,treino
18350,treino
29125,treino
9332,treino
13362,treino
3175,treino
31793,treino
14244,treino
1071,treino
24645,treino
5560,treino
1456,treino
30644,treino
23116,treino
8928,treino
28310,treino
12524,treino
6549,treino
32461,treino
6222,treino
21103,treino
25470,treino
32453,treino
6005,treino
21195,treino
2983,treino
12977,treino
29200,treino
10471,treino
25742,treino
17497,treino
8580,treino
9046,treino
26653,treino
4098,treino
30600,treino
11619,treino
774,treino
5369,treino
4446,treino
17603,treino
16675,treino
6305,treino
23966,treino
17547,treino
28492,treino
9715,treino
26635,treino
23092,treino
11561,treino
861,treino
3353,treino
16310,treino
8843,treino
21559,treino
18667,treino
9018,treino
6318,treino
22189,treino
21422,treino
1439,treino
27078,treino
25065,treino
22676,treino
4047,treino
30812,treino
29622,treino
3804,treino
25059,treino
32002,treino
2810,treino
19401,treino
9665,treino
29655,treino
23505,treino
29843,treino
13724,treino
6658,treino
15019,treino
4858,treino
12401,treino
4775,treino
8292,treino
20273,treino
5086,treino
27883,treino
14025,treino
31713,treino
17953,treino
12848,treino
14043,treino
31894,treino
21020,treino
28437,treino
3222,treino
16422,treino
6036,treino
3749,treino
18734,treino
966,treino
3349,treino
27657,treino
22683,treino
13245,treino
11127,treino
17867,treino
7293,treino
8057,treino
32265,treino
25380,treino
5542,treino
17263,treino
13301,treino
2525,treino
1060,treino
19531,treino
14305,treino
1538,treino
2346,treino
26786,treino
6680,treino
20661,treino
5831,treino
522,treino
10238,treino
24670,treino
5974,treino
1393,treino
12688,treino
13349,treino
22675,treino
9976,treino
19976,treino
948,treino
837,treino
24164,treino
20945,treino
24668,treino
3320,treino
20199,treino
22963,treino
6006,treino
24636,treino
8021,treino
18653,treino
17386,treino
27073,treino
9426,treino
16867,treino
24681,treino
31762,treino
4969,treino
14254,treino
27904,treino
6894,treino
6997,treino
768,treino
13512,treino
15939,treino
9127,treino
29957,treino
23713,treino
13087,treino
8511,treino
24948,treino
7583,treino
13801,treino
29271,treino
6712,treino
24863,treino
5834,treino
25572,treino
8741,treino
12827,treino
2016,treino
2259,treino
22873,treino
17743,treino
10128,treino
20992,treino
16812,treino
9356,treino
11701,treino
8028,treino
6655,treino
27405,treino
1920,treino
21912,treino
17319,treino
510,treino
30883,treino
19061,treino
624,treino
11615,treino
7661,treino
19458,treino
5337,treino
7079,treino
16759,treino
13363,treino
11253,treino
20300,treino
7888,treino
30543,treino
18384,treino
3731,treino
30585,treino
5838,treino
23308,treino
25101,treino
22946,treino
20209,treino
27035,treino
22326,treino
18915,treino
13494,treino
13179,treino
30158,treino
31857,treino
28658,treino
1056,treino
2126,treino
10482,treino
28432,treino
27121,treino
9172,treino
2464,treino
469,treino
13010,treino
15835,treino
9305,treino
22548,treino
22535,treino
10542,treino
20522,treino
24628,treino
2956,treino
19487,treino
23781,treino
5163,treino
2996,treino
14622,treino
19054,treino
23317,treino
11160,treino
18411,treino
17101,treino
2270,treino
25018,treino
16969,treino
31109,treino
29924,treino
21182,treino
11362,treino
23472,treino
15811,treino
18456,treino
5958,treino
2095,treino
694,treino
15511,treino
26418,treino
12468,treino
481,treino
23164,treino
14826,treino
16599,treino
27622,treino
26201,treino
1331,treino
20421,treino
29066,treino
381,treino
2212,treino
5288,treino
19262,treino
24743,treino
3585,treino
7779,treino
4920,treino
24368,treino
29862,treino
31733,treino
30735,treino
15410,treino
23987,treino
19892,treino
22505,treino
3655,treino
1693,treino
13107,treino
5392,treino
3738,treino
20038,treino
24838,treino
2059,treino
3618,treino
5128,treino
29665,treino
26160,treino
16283,treino
29084,treino
7904,treino
1743,treino
6095,treino
7755,treino
20012,treino
4836,treino
26910,treino
1373,treino
9717,treino
2535,treino
599,treino
26493,treino
29772,treino
18703,treino
29821,treino
15779,treino
30773,treino
29469,treino
12169,treino
16850,treino
4600,treino
21136,treino
16017,treino
3650,treino
21884,treino
4012,treino
24072,treino
9408,treino
31082,treino
19778,treino
26585,treino
25701,treino
4887,treino
31697,treino
32084,treino
26621,treino
21077,treino
20989,treino
28593,treino
20993,treino
8081,treino
28467,treino
24476,treino
9620,treino
1586,treino
24988,treino
10641,treino
28414,treino
13741,treino
32484,treino
29142,treino
19831,treino
11218,treino
15591,treino
27297,treino
14956,treino
29569,treino
20990,treino
5318,treino
14802,treino
21617,treino
20148,treino
26657,treino
13850,treino
28728,treino
22501,treino
24718,treino
26834,treino
7269,treino
17773,treino
22772,treino
6569,treino
31628,treino
5495,treino
18511,treino
10611,treino
168,treino
8061,treino
32276,treino
29705,treino
21120,treino
8552,treino
11644,treino
1050,treino
27777,treino
27942,treino
30245,treino
23214,treino
20216,treino
8418,treino
20327,treino
22591,treino
25798,treino
22303,treino
21699,treino
24806,treino
18095,treino
18175,treino
12926,treino
20328,treino
23753,treino
24041,treino
29753,treino
2634,treino
27415,treino
5912,treino
13912,treino
25134,treino
9940,treino
31127,treino
27762,treino
27409,treino
5146,treino
10319,treino
5471,treino
18978,treino
6379,treino
13603,treino
31750,treino
2631,treino
23056,treino
2114,treino
15997,treino
17122,treino
13984,treino
18845,treino
16649,treino
29610,treino
14449,treino
26133,treino
14756,treino
32105,treino
30706,treino
14773,treino
555,treino
13391,treino
1190,treino
13677,treino
18898,treino
7995,treino
28753,treino
25120,treino
20246,treino
11382,treino
16377,treino
12902,treino
25940,treino
24037,treino
22875,treino
27761,treino
8985,treino
19014,treino
20391,treino
5131,treino
21381,treino
18426,treino
26285,treino
10757,treino
15647,treino
29786,treino
3992,treino
9004,treino
18626,treino
28565,treino
22131,treino
30231,treino
5099,treino
13102,treino
473,treino
28841,treino
25768,treino
1620,treino
17884,treino
27534,treino
13728,treino
19765,treino
26745,treino
19539,treino
20443,treino
6893,treino
16607,treino
24223,treino
16813,treino
9054,treino
25376,treino
4659,treino
20797,treino
13594,treino
4722,treino
31973,treino
5928,treino
32048,treino
1483,treino
773,treino
23398,treino
26278,treino
27583,treino
25007,treino
19863,treino
16217,treino
10513,treino
18571,treino
25960,treino
11324,treino
22784,treino
12543,treino
21568,treino
11824,treino
16411,treino
5083,treino
4505,treino
20304,treino
25119,treino
28867,treino
16873,treino
28616,treino
27064,treino
9028,treino
441,treino
16530,treino
30681,treino
20509,treino
8529,treino
31922,treino
4803,treino
25292,treino
18277,treino
22799,treino
22907,treino
3801,treino
28674,treino
11287,treino
19941,treino
3633,treino
27704,treino
28864,treino
21011,treino
17558,treino
22977,treino
5500,treino
17700,treino
28314,treino
31366,treino
6944,treino
14418,treino
21781,treino
20022,treino
10078,treino
15517,treino
2617,treino
26263,treino
31671,treino
5081,treino
14909,treino
27555,treino
6391,treino
14846,treino
17852,treino
17483,treino
6999,treino
19629,treino
2489,treino
24112,treino
17131,treino
16006,treino
13578,treino
21177,treino
20769,treino
6156,treino
11857,treino
22850,treino
24687,treino
27207,treino
20648,treino
13303,treino
7185,treino
2390,treino
27123,treino
19968,treino
23821,treino
28627,treino
15761,treino
31189,treino
24618,treino
25909,treino
23988,treino
11085,treino
15933,treino
61,treino
2116,treino
8480,treino
7598,treino
15884,treino
15186,treino
10164,treino
13081,treino
1578,treino
5278,treino
12445,treino
21471,treino
20780,treino
21654,treino
25529,treino
2923,treino
11192,treino
22339,treino
1639,treino
9335,treino
14394,treino
21017,treino
3953,treino
24212,treino
12043,treino
7489,treino
7557,treino
1721,treino
15016,treino
29703,treino
17190,treino
8225,treino
25638,treino
20709,treino
18801,treino
31561,treino
12150,treino
4336,treino
24018,treino
10645,treino
20971,treino
1854,treino
3554,treino
31002,treino
21593,treino
12280,treino
17369,treino
29379,treino
13475,treino
30544,treino
25980,treino
6217,treino
3184,treino
4925,treino
2667,treino
29360,treino
18205,treino
31310,treino
2058,treino
748,treino
17789,treino
25503,treino
517,treino
8980,treino
29354,treino
8304,treino
16648,treino
8864,treino
16324,treino
21934,treino
3967,treino
2008,treino
15046,treino
18223,treino
8989,treino
25013,treino
16241,treino
25911,treino
27966,treino
9276,treino
13551,treino
19974,treino
11457,treino
10680,treino
9197,treino
992,treino
18237,treino
2439,treino
18480,treino
11982,treino
21584,treino
15341,treino
26478,treino
3954,treino
18642,treino
14245,treino
6683,treino
20686,treino
276,treino
14753,treino
15909,treino
19464,treino
6727,treino
14866,treino
954,treino
31422,treino
25149,treino
1856,treino
4693,treino
19442,treino
8209,treino
31440,treino
15775,treino
2768,treino
19568,treino
2547,treino
31560,treino
29397,treino
5218,treino
26858,treino
31625,treino
24569,treino
25619,treino
26965,treino
27561,treino
1140,treino
21501,treino
21956,treino
6485,treino
7023,treino
24317,treino
772,treino
464,treino
31567,treino
26511,treino
12136,treino
1505,treino
30835,treino
19011,treino
7098,treino
11477,treino
12928,treino
9206,treino
1775,treino
25410,treino
5340,treino
1622,treino
25994,treino
7030,treino
27008,treino
30075,treino
19172,treino
25286,treino
2538,treino
7456,treino
21724,treino
32384,treino
13928,treino
15654,treino
12906,treino
2356,treino
28980,treino
7015,treino
6938,treino
27347,treino
26947,treino
2267,treino
906,treino
1692,treino
22328,treino
329,treino
22589,treino
5541,treino
16194,treino
29443,treino
12672,treino
20874,treino
20776,treino
2501,treino
26587,treino
27218,treino
10501,treino
11583,treino
6479,treino
13549,treino
18886,treino
8900,treino
19529,treino
24435,treino
1316,treino
7640,treino
2643,treino
3230,treino
10052,treino
31684,treino
6408,treino
14937,treino
20362,treino
23997,treino
31433,treino
12595,treino
15426,treino
11495,treino
16116,treino
8961,treino
13788,treino
25581,treino
17775,treino
27494,treino
18281,treino
996,treino
5134,treino
4369,treino
14864,treino
8373,treino
2819,treino
7052,treino
2438,treino
31399,treino
8553,treino
5487,treino
4820,treino
8954,treino
10225,treino
21351,treino
19059,treino
7712,treino
15962,treino
24247,treino
12699,treino
759,treino
17312,treino
17442,treino
1191,treino
30301,treino
30551,treino
17965,treino
14197,treino
19097,treino
4625,treino
2780,treino
32052,treino
25887,treino
22612,treino
16099,treino
16054,treino
19107,treino
6548,treino
24656,treino
5237,treino
22818,treino
9436,treino
28475,treino
11094,treino
22217,treino
6710,treino
30942,treino
18584,treino
31248,treino
15876,treino
395,treino
4496,treino
28918,treino
20225,treino
9566,treino
14327,treino
24573,treino
22052,treino
10685,treino
19292,treino
808,treino
11768,treino
21179,treino
28786,treino
487,treino
23868,treino
23441,treino
16040,treino
21139,treino
22034,treino
16416,treino
30285,treino
789,treino
10157,treino
23936,treino
7195,treino
6349,treino
6980,treino
30092,treino
9435,treino
23536,treino
9143,treino
12099,treino
20015,treino
1372,treino
30556,treino
10304,treino
27884,treino
10730,treino
13295,treino
5296,treino
943,treino
15712,treino
19598,treino
22450,treino
8347,treino
31485,treino
7492,treino
21669,treino
2741,treino
13544,treino
32309,treino
18549,treino
27105,treino
30368,treino
23363,treino
20217,treino
11278,treino
24092,treino
25419,treino
17764,treino
8915,treino
20934,treino
11888,treino
8830,treino
1171,treino
20903,treino
21688,treino
9613,treino
22645,treino
20002,treino
25202,treino
26352,treino
4220,treino
6895,treino
2947,treino
21184,treino
24991,treino
6816,treino
1992,treino
15597,treino
4214,treino
30741,treino
14692,treino
15836,treino
26817,treino
21264,treino
19708,treino
7656,treino
7823,treino
20502,treino
28827,treino
10623,treino
4072,treino
29052,treino
4083,treino
11813,treino
1388,treino
8507,treino
10679,treino
11947,treino
29057,treino
11633,treino
5241,treino
23704,treino
25753,treino
21586,treino
32219,treino
4069,treino
8806,treino
14945,treino
2734,treino
19885,treino
19588,treino
17376,treino
6285,treino
10774,treino
20326,treino
2792,treino
12909,treino
22277,treino
15534,treino
31588,treino
31157,treino
4175,treino
7115,treino
23731,treino
5017,treino
30623,treino
28538,treino
14817,treino
17261,treino
2155,treino
15487,treino
2472,treino
13344,treino
23754,treino
2555,treino
7720,treino
2229,treino
28825,treino
16269,treino
29636,treino
18623,treino
19757,treino
4001,treino
12883,treino
31034,treino
24572,treino
23978,treino
32144,treino
21953,treino
17900,treino
4409,treino
26667,treino
3579,treino
90,treino
2808,treino
20425,treino
21322,treino
26288,treino
11506,treino
3926,treino
11784,treino
6859,treino
8738,treino
6940,treino
10798,treino
30744,treino
7132,treino
27901,treino
19494,treino
4765,treino
115,treino
20546,treino
9125,treino
6272,treino
972,treino
3317,treino
10292,treino
28448,treino
16088,treino
14103,treino
13101,treino
6892,treino
9104,treino
13011,treino
23272,treino
2486,treino
4599,treino
21406,treino
24424,treino
6353,treino
28246,treino
6164,treino
15465,treino
32175,treino
15183,treino
4394,treino
26664,treino
25800,treino
24510,treino
22694,treino
28920,treino
14201,treino
11934,treino
14946,treino
29418,treino
15361,treino
5749,treino
24767,treino
7502,treino
17464,treino
23463,treino
17810,treino
9352,treino
28982,treino
24598,treino
21272,treino
16815,treino
20333,treino
26064,treino
14441,treino
29304,treino
17676,treino
11455,treino
18087,treino
17302,treino
18165,treino
27137,treino
18917,treino
22512,treino
14952,treino
19597,treino
14431,treino
26355,treino
25780,treino
11112,treino
23253,treino
1163,treino
2398,treino
14115,treino
2571,treino
26138,treino
10503,treino
25676,treino
32087,treino
11534,treino
15191,treino
15596,treino
20764,treino
23620,treino
23752,treino
8487,treino
3279,treino
8543,treino
12299,treino
15728,treino
22352,treino
17831,treino
16098,treino
11329,treino
15194,treino
21399,treino
6947,treino
4405,treino
1444,treino
18589,treino
19241,treino
25510,treino
3720,treino
1699,treino
15128,treino
9886,treino
9237,treino
20355,treino
9538,treino
28166,treino
31918,treino
29826,treino
27295,treino
1267,treino
30040,treino
8893,treino
19701,treino
30997,treino
20442,treino
26158,treino
16491,treino
11654,treino
27668,treino
26759,treino
26347,treino
32280,treino
13464,treino
224,treino
14557,treino
11154,treino
620,treino
11847,treino
24448,treino
10454,treino
27022,treino
18501,treino
5789,treino
1737,treino
32580,treino
2938,treino
30772,treino
8067,treino
30753,treino
26320,treino
5887,treino
26733,treino
3890,treino
28628,treino
4907,treino
10191,treino
2950,treino
19202,treino
25718,treino
12897,treino
8648,treino
30975,treino
5607,treino
3224,treino
29518,treino
17923,treino
17555,treino
20411,treino
29790,treino
2491,treino
109,treino
31245,treino
18233,treino
4337,treino
6884,treino
15259,treino
19215,treino
15047,treino
26385,treino
5543,treino
17275,treino
16653,treino
14035,treino
25327,treino
18892,treino
7172,treino
9210,treino
5509,treino
19088,treino
26893,treino
9342,treino
28219,treino
13206,treino
14121,treino
14925,treino
19587,treino
2798,treino
18225,treino
17726,treino
7382,treino
12176,treino
25450,treino
27707,treino
16908,treino
6392,treino
1786,treino
32101,treino
198,treino
2533,treino
29777,treino
31890,treino
22989,treino
14021,treino
8147,treino
2098,treino
32273,treino
2260,treino
13408,treino
18680,treino
893,treino
24281,treino
12971,treino
6984,treino
28639,treino
30794,treino
29484,treino
22670,treino
89,treino
31635,treino
24845,treino
26204,treino
10129,treino
12266,treino
32031,treino
3865,treino
5096,treino
13579,treino
8995,treino
21339,treino
27925,treino
26973,treino
14346,treino
20560,treino
23362,treino
11508,treino
21001,treino
10039,treino
22354,treino
27176,treino
26233,treino
19929,treino
4991,treino
9810,treino
27900,treino
1485,treino
29715,treino
1210,treino
23660,treino
10678,treino
15006,treino
4989,treino
20339,treino
21768,treino
10255,treino
23880,treino
29092,treino
16920,treino
13233,treino
1556,treino
246,treino
6525,treino
10886,treino
24364,treino
27961,treino
15150,treino
11172,treino
645,treino
11469,treino
14865,treino
9611,treino
1500,treino
699,treino
13026,treino
30675,treino
14748,treino
17384,treino
10363,treino
7270,treino
1325,treino
21668,treino
12919,treino
27934,treino
20824,treino
12253,treino
28938,treino
17987,treino
11258,treino
18615,treino
27737,treino
11765,treino
11416,treino
13690,treino
3790,treino
30750,treino
21969,treino
19408,treino
19159,treino
27470,treino
27127,treino
20135,treino
16112,treino
22132,treino
10571,treino
1369,treino
14272,treino
2977,treino
12162,treino
8578,treino
25437,treino
20915,treino
25212,treino
22655,treino
23968,treino
15415,treino
31419,treino
21722,treino
14648,treino
347,treino
26555,treino
7780,treino
26931,treino
28193,treino
13046,treino
17629,treino
13804,treino
8861,treino
8677,treino
854,treino
4667,treino
9770,treino
5695,treino
20128,treino
379,treino
6231,treino
20700,treino
13402,treino
28669,treino
930,treino
19335,treino
8241,treino
30834,treino
3502,treino
13963,treino
30151,treino
17991,treino
12277,treino
13944,treino
8702,treino
707,treino
5051,treino
28109,treino
29229,treino
27747,treino
18853,treino
1723,treino
7210,treino
20631,treino
3841,treino
22972,treino
28108,treino
4960,treino
3360,treino
22924,treino
18181,treino
31339,treino
14055,treino
4573,treino
25615,treino
8936,treino
12268,treino
11008,treino
5705,treino
8545,treino
19896,treino
25954,treino
29054,treino
25680,treino
24053,treino
25364,treino
4861,treino
11711,treino
29439,treino
16974,treino
21846,treino
8981,treino
1524,treino
25582,treino
7568,treino
29136,treino
23165,treino
14657,treino
4128,treino
926,treino
22444,treino
987,treino
24458,treino
2351,treino
24246,treino
12313,treino
31469,treino
14408,treino
14936,treino
32464,treino
18380,treino
16094,treino
4259,treino
5179,treino
14464,treino
16727,treino
26261,treino
7276,treino
126,treino
2782,treino
23492,treino
8647,treino
28848,treino
15551,treino
25324,treino
17529,treino
20646,treino
1336,treino
20974,treino
20582,treino
19108,treino
21071,treino
19940,treino
25067,treino
26097,treino
20853,treino
23261,treino
13300,treino
16425,treino
29311,treino
8503,treino
19738,treino
19671,treino
24910,treino
28002,treino
28491,treino
9191,treino
10804,treino
11788,treino
31695,treino
1416,treino
8957,treino
14643,treino
7047,treino
29586,treino
20567,treino
156,treino
976,treino
9376,treino
10960,treino
10064,treino
15088,treino
21988,treino
13500,treino
25135,treino
24953,treino
6356,treino
6542,treino
31570,treino
16492,treino
17939,treino
10534,treino
16944,treino
2414,treino
13900,treino
30415,treino
13433,treino
12433,treino
32412,treino
23563,treino
2223,treino
5877,treino
24425,treino
2179,treino
26986,treino
27253,treino
10647,treino
20205,treino
9915,treino
13099,treino
7198,treino
26758,treino
1226,treino
5201,treino
7223,treino
27562,treino
12645,treino
18950,treino
32254,treino
5178,treino
32223,treino
19449,treino
7096,treino
14500,treino
27063,treino
15964,treino
2029,treino
13979,treino
693,treino
25425,treino
23950,treino
3569,treino
23598,treino
10226,treino
28526,treino
9112,treino
15900,treino
7474,treino
9603,treino
27505,treino
4207,treino
1747,treino
19979,treino
6420,treino
3323,treino
24010,treino
16846,treino
1611,treino
5778,treino
29346,treino
4760,treino
7606,treino
30411,treino
11712,treino
7580,treino
10560,treino
14669,treino
19696,treino
29997,treino
16996,treino
3295,treino
6512,treino
2436,treino
23941,treino
11010,treino
11953,treino
7878,treino
11413,treino
27482,treino
15929,treino
26116,treino
18109,treino
5750,treino
31417,treino
15689,treino
28330,treino
6123,treino
20553,treino
30020,treino
12092,treino
11757,treino
15185,treino
27027,treino
19092,treino
8426,treino
27790,treino
20159,treino
10604,treino
3071,treino
8602,treino
31303,treino
24765,treino
22106,treino
10271,treino
26017,treino
25922,treino
16062,treino
18963,treino
1214,treino
27109,treino
18759,treino
23694,treino
20374,treino
29183,treino
4610,treino
5315,treino
17071,treino
285,treino
22757,treino
29112,treino
22219,treino
20855,treino
17295,treino
7758,treino
12937,treino
16475,treino
15272,treino
3591,treino
13983,treino
18570,treino
796,treino
13388,treino
32361,treino
2386,treino
27812,treino
30837,treino
18200,treino
17649,treino
7717,treino
3431,treino
29005,treino
4605,treino
10377,treino
27381,treino
28125,treino
7419,treino
28276,treino
28142,treino
31471,treino
16332,treino
4990,treino
24755,treino
3319,treino
23058,treino
9420,treino
9693,treino
10941,treino
5959,treino
5077,treino
17143,treino
16278,treino
28239,treino
31533,treino
13685,treino
6162,treino
13896,treino
4590,treino
5602,treino
542,treino
12913,treino
29752,treino
14844,treino
31873,treino
7796,treino
11046,treino
14527,treino
14099,treino
23008,treino
17250,treino
11670,treino
15079,treino
1734,treino
12366,treino
29017,treino
7621,treino
30365,treino
23334,treino
8333,treino
14332,treino
31299,treino
32136,treino
13584,treino
31527,treino
1784,treino
32456,treino
3928,treino
2539,treino
27372,treino
15672,treino
21050,treino
17980,treino
31456,treino
17059,treino
22886,treino
12863,treino
4512,treino
30767,treino
13360,treino
10723,treino
29488,treino
24786,treino
993,treino
3838,treino
9531,treino
22516,treino
18466,treino
31844,treino
6169,treino
7093,treino
7554,treino
19728,treino
30397,treino
21834,treino
16060,treino
21749,treino
5228,treino
24842,treino
17854,treino
20491,treino
12399,treino
6298,treino
24930,treino
18809,treino
9243,treino
4926,treino
7882,treino
25232,treino
24438,treino
29104,treino
22194,treino
5154,treino
18518,treino
31647,treino
22186,treino
25567,treino
32531,treino
712,treino
10794,treino
24816,treino
20804,treino
26154,treino
30931,treino
479,treino
18552,treino
21823,treino
9641,treino
15428,treino
19372,treino
14303,treino
30499,treino
32300,treino
7123,treino
15573,treino
21967,treino
19039,treino
17044,treino
16083,treino
11758,treino
27462,treino
17511,treino
953,treino
28518,treino
18278,treino
8701,treino
26357,treino
11819,treino
31900,treino
28265,treino
28021,treino
29879,treino
2732,treino
18907,treino
16902,treino
13988,treino
31506,treino
20069,treino
5166,treino
23829,treino
23567,treino
14972,treino
19183,treino
2431,treino
31837,treino
21404,treino
23709,treino
13566,treino
29350,treino
6581,treino
5038,treino
4145,treino
18459,treino
22554,treino
12855,treino
12378,treino
3213,treino
7246,treino
18847,treino
9890,treino
14888,treino
2211,treino
12921,treino
12485,treino
24193,treino
18422,treino
13506,treino
17018,treino
21690,treino
5263,treino
25375,treino
5260,treino
10738,treino
28369,treino
17167,treino
6724,treino
3218,treino
11379,treino
11036,treino
30096,treino
16598,treino
23442,treino
29420,treino
24750,treino
16953,treino
16997,treino
2924,treino
15067,treino
3781,treino
22887,treino
25267,treino
31546,treino
5993,treino
18287,treino
30154,treino
13736,treino
10083,treino
20237,treino
19795,treino
29372,treino
26821,treino
13371,treino
85,treino
18547,treino
22729,treino
19300,treino
7619,treino
27249,treino
9456,treino
1062,treino
9978,treino
31229,treino
23204,treino
14483,treino
27085,treino
1467,treino
10939,treino
13159,treino
11187,treino
5715,treino
26848,treino
6233,treino
12712,treino
17633,treino
24831,treino
13573,treino
22172,treino
16405,treino
30440,treino
18724,treino
13906,treino
11645,treino
19641,treino
26917,treino
32495,treino
28830,treino
26889,treino
18098,treino
32408,treino
3305,treino
29692,treino
31529,treino
30139,treino
29325,treino
12310,treino
9029,treino
17993,treino
18605,treino
409,treino
20276,treino
29803,treino
5905,treino
22017,treino
19919,treino
29035,treino
18905,treino
7643,treino
6530,treino
6580,treino
10403,treino
17090,treino
7699,treino
243,treino
4728,treino
17346,treino
26705,treino
16941,treino
25569,treino
29989,treino
19560,treino
6160,treino
18438,treino
23680,treino
19422,treino
9298,treino
3864,treino
3751,treino
10153,treino
27020,treino
29795,treino
2678,treino
17552,treino
18367,treino
10770,treino
24148,treino
31725,treino
15791,treino
21208,treino
28758,treino
14373,treino
20884,treino
25461,treino
12680,treino
18286,treino
22910,treino
16421,treino
7997,treino
25534,treino
11078,treino
9783,treino
6264,treino
21298,treino
4501,treino
17036,treino
31080,treino
22680,treino
19517,treino
30192,treino
8412,treino
31024,treino
19971,treino
3247,treino
27404,treino
7913,treino
22661,treino
24606,treino
22309,treino
2224,treino
29118,treino
20020,treino
7974,treino
10063,treino
13796,treino
26845,treino
14785,treino
8309,treino
1148,treino
25825,treino
20817,treino
13744,treino
23195,treino
13658,treino
13157,treino
23827,treino
25775,treino
7199,treino
21695,treino
9617,treino
16458,treino
22334,treino
15873,treino
18592,treino
2101,treino
6835,treino
9508,treino
1104,treino
19635,treino
6428,treino
22542,treino
12108,treino
29535,treino
23689,treino
11975,treino
7508,treino
1406,treino
14916,treino
621,treino
10120,treino
28571,treino
6132,treino
3044,treino
29453,treino
23068,treino
18833,treino
8,treino
29413,treino
24341,treino
24731,treino
18055,treino
25184,treino
9110,treino
22003,treino
9254,treino
8423,treino
9330,treino
17659,treino
4213,treino
30932,treino
17798,treino
10906,treino
877,treino
19547,treino
7967,treino
8813,treino
12109,treino
4684,treino
8146,treino
23636,treino
14510,treino
22750,treino
15547,treino
4579,treino
22195,treino
21356,treino
31634,treino
13504,treino
27296,treino
1266,treino
27361,treino
20576,treino
29075,treino
1121,treino
144,treino
20671,treino
14592,treino
7725,treino
3536,treino
21979,treino
8667,treino
10174,treino
16476,treino
32332,treino
17367,treino
6378,treino
31484,treino
12603,treino
5410,treino
4350,treino
12768,treino
7988,treino
17808,treino
3597,treino
6255,treino
30322,treino
22158,treino
17982,treino
14504,treino
3052,treino
3545,treino
1130,treino
25294,treino
19298,treino
12567,treino
29352,treino
32557,treino
8532,treino
23200,treino
19946,treino
8535,treino
22502,treino
16011,treino
31001,treino
29654,treino
9921,treino
3534,treino
14838,treino
6826,treino
19320,treino
27193,treino
23666,treino
11189,treino
18945,treino
30958,treino
14769,treino
30215,treino
6335,treino
4727,treino
13291,treino
10423,treino
29895,treino
30121,treino
9517,treino
25523,treino
10896,treino
31350,treino
12050,treino
24482,treino
30559,treino
22162,treino
8122,treino
30552,treino
4824,treino
28301,treino
8259,treino
178,treino
14891,treino
9192,treino
2876,treino
27024,treino
21453,treino
3141,treino
11180,treino
32071,treino
20403,treino
25641,treino
28764,treino
8064,treino
21790,treino
25869,treino
20528,treino
30593,treino
5281,treino
28351,treino
5475,treino
3893,treino
22064,treino
11151,treino
7590,treino
29884,treino
5843,treino
26331,treino
28911,treino
30057,treino
30815,treino
19724,treino
17434,treino
15475,treino
24788,treino
28383,treino
7388,treino
11439,treino
28713,treino
17898,treino
27366,treino
1882,treino
31939,treino
431,treino
6760,treino
32402,treino
12111,treino
31605,treino
3935,treino
28672,treino
4833,treino
7405,treino
18260,treino
16751,treino
1708,treino
17624,treino
28849,treino
23079,treino
23958,treino
1295,treino
1002,treino
24149,treino
10576,treino
26444,treino
13876,treino
20578,treino
16949,treino
3621,treino
16034,treino
30500,treino
10705,treino
28744,treino
5783,treino
25001,treino
18984,treino
6846,treino
24918,treino
16406,treino
31431,treino
25040,treino
29550,treino
4788,treino
21845,treino
104,treino
17856,treino
32121,treino
2052,treino
24140,treino
18044,treino
30105,treino
17067,treino
7007,treino
23287,treino
4922,treino
7597,treino
12151,treino
30288,treino
26711,treino
12155,treino
26701,treino
6764,treino
24800,treino
1589,treino
4391,treino
23109,treino
10208,treino
11703,treino
16483,treino
15581,treino
15402,treino
18369,treino
2427,treino
12972,treino
6106,treino
7242,treino
6560,treino
3963,treino
2131,treino
7452,treino
11912,treino
4915,treino
19667,treino
26264,treino
6992,treino
15806,treino
24109,treino
3314,treino
25738,treino
6320,treino
22679,treino
429,treino
14584,treino
7877,treino
29210,treino
32502,treino
4999,treino
16840,treino
30885,treino
1733,treino
5274,treino
13922,treino
684,treino
17731,treino
20356,treino
9093,treino
12350,treino
31879,treino
32317,treino
30418,treino
880,treino
3839,treino
31933,treino
26954,treino
3727,treino
421,treino
27981,treino
15701,treino
26501,treino
29633,treino
12864,treino
23714,treino
5741,treino
7825,treino
8136,treino
2632,treino
20352,treino
5769,treino
31191,treino
18374,treino
17975,treino
22776,treino
17519,treino
19557,treino
29330,treino
12068,treino
9656,treino
23975,treino
25177,treino
157,treino
13333,treino
12293,treino
2807,treino
6060,treino
8891,treino
15032,treino
13002,treino
2641,treino
17693,treino
424,treino
24827,treino
31877,treino
12073,treino
31603,treino
8736,treino
24324,treino
6130,treino
13274,treino
5130,treino
20964,treino
12384,treino
22373,treino
2129,treino
609,treino
3803,treino
23291,treino
7584,treino
2371,treino
444,treino
17644,treino
13359,treino
9074,treino
23264,treino
20506,treino
17395,treino
20660,treino
22315,treino
9873,treino
13343,treino
26346,treino
15868,treino
1991,treino
2593,treino
15857,treino
21872,treino
25667,treino
556,treino
7360,treino
25452,treino
10416,treino
30745,treino
22797,treino
28702,treino
16770,treino
23776,treino
17515,treino
19868,treino
547,treino
20204,treino
18298,treino
6610,treino
24978,treino
2433,treino
15167,treino
11148,treino
9036,treino
30790,treino
10276,treino
13285,treino
7427,treino
9989,treino
22957,treino
17171,treino
69,treino
18470,treino
28485,treino
4020,treino
15951,treino
10171,treino
20160,treino
25052,treino
10567,treino
18342,treino
13472,treino
23855,treino
8593,treino
22508,treino
12788,treino
7196,treino
8380,treino
5829,treino
4195,treino
27860,treino
19240,treino
27732,treino
24715,treino
19518,treino
21447,treino
2975,treino
17604,treino
160,treino
22654,treino
29891,treino
23041,treino
19498,treino
26779,treino
22451,treino
13146,treino
18682,treino
15464,treino
10162,treino
7275,treino
10553,treino
27157,treino
4364,treino
12306,treino
12061,treino
17968,treino
10472,treino
11936,treino
16251,treino
7648,treino
14087,treino
29176,treino
25079,treino
3763,treino
21753,treino
9418,treino
32168,treino
18111,treino
9431,treino
32331,treino
7184,treino
2291,treino
20814,treino
6191,treino
4057,treino
14193,treino
31866,treino
13614,treino
18416,treino
3707,treino
4555,treino
13193,treino
3703,treino
18999,treino
14562,treino
2306,treino
26564,treino
4345,treino
15003,treino
15825,treino
11000,treino
438,treino
1417,treino
155,treino
30142,treino
17026,treino
3818,treino
9139,treino
3983,treino
21129,treino
2184,treino
3022,treino
26310,treino
5064,treino
2304,treino
30395,treino
5027,treino
20284,treino
13939,treino
32179,treino
17457,treino
21497,treino
17650,treino
12747,treino
15864,treino
19265,treino
22704,treino
22196,treino
13478,treino
15789,treino
3813,treino
7982,treino
32176,treino
11746,treino
21273,treino
1825,treino
25196,treino
13463,treino
27730,treino
27230,treino
9158,treino
27138,treino
32251,treino
11894,treino
18519,treino
12949,treino
22069,treino
8772,treino
14919,treino
5790,treino
24461,treino
25051,treino
12872,treino
14942,treino
17904,treino
29589,treino
7049,treino
13873,treino
12492,treino
25072,treino
963,treino
17954,treino
32448,treino
6850,treino
74,treino
28840,treino
27431,treino
4508,treino
1774,treino
23399,treino
15429,treino
9469,treino
3107,treino
4789,treino
215,treino
2865,treino
216,treino
1732,treino
28629,treino
13382,treino
22251,treino
26183,treino
15286,treino
30848,treino
6795,treino
18331,treino
32257,treino
27676,treino
7218,treino
31579,treino
9060,treino
2405,treino
24064,treino
23612,treino
16971,treino
22205,treino
17113,treino
21118,treino
30615,treino
23277,treino
2086,treino
18026,treino
29954,treino
14433,treino
9838,treino
28277,treino
5408,treino
12849,treino
2653,treino
19853,treino
22614,treino
19089,treino
19535,treino
5341,treino
3915,treino
10777,treino
17827,treino
9669,treino
2553,treino
19318,treino
6399,treino
25432,treino
23517,treino
3100,treino
26378,treino
2234,treino
24717,treino
10580,treino
23126,treino
16778,treino
5903,treino
13145,treino
5875,treino
22828,treino
21168,treino
5785,treino
3297,treino
19403,treino
1849,treino
18402,treino
31798,treino
14829,treino
14306,treino
20684,treino
28231,treino
1117,treino
14385,treino
22510,treino
19100,treino
5621,treino
26778,treino
9520,treino
5894,treino
32363,treino
16651,treino
2440,treino
5132,treino
25355,treino
19470,treino
735,treino
6107,treino
1987,treino
8240,treino
28401,treino
10303,treino
3940,treino
25208,treino
10370,treino
21537,treino
14062,treino
18430,treino
2143,treino
1302,treino
32518,treino
14280,treino
7654,treino
11707,treino
19523,treino
10716,treino
20675,treino
6645,treino
4642,treino
28141,treino
11752,treino
10055,treino
3592,treino
7772,treino
14507,treino
23461,treino
3405,treino
6386,treino
20746,treino
22755,treino
13404,treino
29123,treino
27327,treino
22576,treino
15403,treino
18495,treino
17540,treino
18321,treino
19834,treino
9930,treino
19380,treino
26797,treino
29871,treino
209,treino
15103,treino
18819,treino
29605,treino
14634,treino
19981,treino
20504,treino
13450,treino
11842,treino
1501,treino
27699,treino
1714,treino
11451,treino
17185,treino
28762,treino
21710,treino
16943,treino
1997,treino
19082,treino
10376,treino
6319,treino
16478,treino
12858,treino
1229,treino
29999,treino
32434,treino
14549,treino
6811,treino
20174,treino
28235,treino
29060,treino
6301,treino
31722,treino
27839,treino
15442,treino
9771,treino
22774,treino
6950,treino
660,treino
1940,treino
19216,treino
26105,treino
10118,treino
7361,treino
18786,treino
10977,treino
4131,treino
14777,treino
22945,treino
19466,treino
26915,treino
99,treino
7769,treino
23369,treino
11342,treino
31737,treino
4288,treino
11850,treino
9687,treino
27330,treino
23967,treino
13111,treino
13278,treino
16509,treino
26666,treino
17842,treino
1927,treino
30433,treino
673,treino
12063,treino
552,treino
19015,treino
15619,treino
2012,treino
20481,treino
15175,treino
446,treino
22626,treino
31343,treino
24305,treino
24690,treino
1453,treino
12017,treino
13480,treino
5880,treino
3922,treino
30028,treino
1268,treino
3031,treino
1011,treino
7164,treino
25321,treino
10372,treino
2713,treino
944,treino
239,treino
2652,treino
1014,treino
15104,treino
3995,treino
27700,treino
30673,treino
28949,treino
28073,treino
30404,treino
5557,treino
29524,treino
30861,treino
19066,treino
3960,treino
15450,treino
2531,treino
17415,treino
26293,treino
22487,treino
11965,treino
9261,treino
29160,treino
15742,treino
1947,treino
15788,treino
15277,treino
3786,treino
8314,treino
2884,treino
14119,treino
22561,treino
9741,treino
29279,treino
28533,treino
3151,treino
2703,treino
12469,treino
6730,treino
4205,treino
761,treino
8030,treino
430,treino
28229,treino
28262,treino
3157,treino
10548,treino
5523,treino
32493,treino
24915,treino
18465,treino
11236,treino
13733,treino
12790,treino
25126,treino
1492,treino
30522,treino
12217,treino
4442,treino
23732,treino
18539,treino
30376,treino
19532,treino
5809,treino
4307,treino
15800,treino
3376,treino
29177,treino
24501,treino
25318,treino
5261,treino
30047,treino
7444,treino
12360,treino
31782,treino
11114,treino
21312,treino
15912,treino
9888,treino
27300,treino
23448,treino
2500,treino
3083,treino
28209,treino
20834,treino
14511,treino
20404,treino
24335,treino
6511,treino
10401,treino
9699,treino
6250,treino
5900,treino
26025,treino
7343,treino
27661,treino
26655,treino
31225,treino
20703,treino
16301,treino
25983,treino
6963,treino
23256,treino
18823,treino
14897,treino
4550,treino
25014,treino
20584,treino
18074,treino
15720,treino
1238,treino
19609,treino
18675,treino
25868,treino
32454,treino
32004,treino
226,treino
8310,treino
29245,treino
6365,treino
26424,treino
24300,treino
22632,treino
23747,treino
30704,treino
9632,treino
1158,treino
11092,treino
24641,treino
32308,treino
2315,treino
7341,treino
4026,treino
30989,treino
3475,treino
15843,treino
21599,treino
22453,treino
13675,treino
4878,treino
4301,treino
18740,treino
22135,treino
15568,treino
13076,treino
10168,treino
18487,treino
9812,treino
19114,treino
3255,treino
8133,treino
18716,treino
21189,treino
13133,treino
4645,treino
30294,treino
1903,treino
3489,treino
2647,treino
7322,treino
22263,treino
23512,treino
31089,treino
1590,treino
2347,treino
13737,treino
7294,treino
5380,treino
10240,treino
12619,treino
20812,treino
8892,treino
31765,treino
5994,treino
316,treino
29947,treino
11082,treino
31573,treino
25632,treino
756,treino
30558,treino
15604,treino
30766,treino
1204,treino
9821,treino
22258,treino
13405,treino
5286,treino
13668,treino
14801,treino
986,treino
13522,treino
17152,treino
18182,treino
6577,treino
19673,treino
27026,treino
20490,treino
21743,treino
24594,treino
23867,treino
17393,treino
7926,treino
8366,treino
8621,treino
4028,treino
7865,treino
13604,treino
13282,treino
23380,treino
8171,treino
25623,treino
25611,treino
25008,treino
29137,treino
8289,treino
31322,treino
7821,treino
2197,treino
12667,treino
13847,treino
30596,treino
13308,treino
508,treino
17599,treino
29187,treino
20789,treino
5191,treino
17527,treino
21981,treino
18231,treino
29167,treino
8696,treino
8448,treino
1265,treino
11705,treino
27692,treino
7685,treino
3645,treino
15803,treino
12659,treino
27331,treino
590,treino
18816,treino
18481,treino
12673,treino
32349,treino
22917,treino
23345,treino
31170,treino
12482,treino
25802,treino
27210,treino
9284,treino
7686,treino
1645,treino
21996,treino
11949,treino
8896,treino
4933,treino
12502,treino
32,treino
9327,treino
7543,treino
1274,treino
2769,treino
25268,treino
9150,treino
13132,treino
14580,treino
7647,treino
4763,treino
2088,treino
3764,treino
25485,treino
21895,treino
12606,treino
3338,treino
23805,treino
32025,treino
27238,treino
13755,treino
10974,treino
28599,treino
2820,treino
19675,treino
34,treino
20613,treino
10559,treino
9957,treino
12933,treino
3817,treino
12402,treino
7535,treino
9455,treino
13221,treino
29276,treino
22389,treino
9132,treino
9867,treino
28362,treino
17801,treino
2549,treino
24026,treino
14611,treino
24784,treino
17257,treino
22025,treino
12427,treino
30524,treino
26219,treino
16089,treino
13781,treino
23006,treino
2833,treino
3334,treino
16461,treino
25319,treino
1195,treino
6325,treino
31227,treino
24898,treino
18948,treino
18522,treino
24287,treino
31836,treino
30451,treino
10431,treino
12345,treino
21100,treino
20596,treino
8783,treino
19538,treino
11956,treino
25578,treino
12449,treino
16131,treino
22782,treino
503,treino
2851,treino
15122,treino
2316,treino
25597,treino
15087,treino
15273,treino
18913,treino
26259,treino
24485,treino
7211,treino
20132,treino
32496,treino
9037,treino
19709,treino
6094,treino
13762,treino
4144,treino
21966,treino
19247,treino
13366,treino
7126,treino
4079,treino
30686,treino
13993,treino
22316,treino
22950,treino
4918,treino
18681,treino
10381,treino
24728,treino
3221,treino
14130,treino
4241,treino
21625,treino
30393,treino
153,treino
19291,treino
15231,treino
31767,treino
27233,treino
27211,treino
19174,treino
8042,treino
32418,treino
28573,treino
14347,treino
1690,treino
2288,treino
9573,treino
22434,treino
11523,treino
13168,treino
22891,treino
19942,treino
2474,treino
6705,treino
11582,treino
1876,treino
19893,treino
9480,treino
28186,treino
903,treino
23358,treino
1881,treino
6701,treino
14471,treino
27447,treino
10815,treino
27333,treino
29046,treino
9666,treino
20655,treino
8937,treino
28043,treino
14265,treino
24610,treino
1587,treino
13234,treino
31087,treino
4015,treino
28709,treino
14011,treino
4540,treino
1813,treino
31998,treino
9811,treino
7750,treino
12537,treino
2350,treino
13441,treino
20605,treino
32095,treino
15603,treino
28742,treino
475,treino
10413,treino
29918,treino
12234,treino
1164,treino
15456,treino
16847,treino
2112,treino
28995,treino
30014,treino
16423,treino
697,treino
9583,treino
8828,treino
19424,treino
22082,treino
8084,treino
31077,treino
25542,treino
30549,treino
4676,treino
11806,treino
20146,treino
10394,treino
6872,treino
1083,treino
28101,treino
10982,treino
16860,treino
3746,treino
30866,treino
8908,treino
6232,treino
10510,treino
7204,treino
30999,treino
25996,treino
12843,treino
2661,treino
2957,treino
28745,treino
19146,treino
27082,treino
29973,treino
3371,treino
31740,treino
21728,treino
9203,treino
30166,treino
14496,treino
4562,treino
26313,treino
22043,treino
31047,treino
28617,treino
10415,treino
25278,treino
24868,treino
30156,treino
27429,treino
12803,treino
19749,treino
30252,treino
8838,treino
26807,treino
15601,treino
10126,treino
32202,treino
7968,treino
6454,treino
24136,treino
1667,treino
32470,treino
20435,treino
24951,treino
11459,treino
15014,treino
14236,treino
12499,treino
21172,treino
22941,treino
13311,treino
13092,treino
22603,treino
20525,treino
11951,treino
21776,treino
18718,treino
1488,treino
20215,treino
9679,treino
29371,treino
23943,treino
12405,treino
26043,treino
900,treino
14324,treino
6465,treino
16577,treino
11067,treino
20541,treino
18,treino
20966,treino
3782,treino
769,treino
24291,treino
24734,treino
16720,treino
7216,treino
25514,treino
482,treino
19218,treino
20100,treino
25929,treino
7497,treino
23007,treino
12844,treino
29250,treino
8228,treino
20434,treino
15934,treino
5777,treino
24421,treino
5021,treino
19943,treino
16053,treino
13997,treino
26871,treino
18746,treino
18409,treino
21234,treino
1101,treino
25915,treino
49,treino
13816,treino
3137,treino
2556,treino
3264,treino
17609,treino
13763,treino
19168,treino
9943,treino
3854,treino
10048,treino
32376,treino
31814,treino
28455,treino
24963,treino
25870,treino
82,treino
9213,treino
29171,treino
1296,treino
5722,treino
18230,treino
11883,treino
11861,treino
20954,treino
10167,treino
17583,treino
26533,treino
39,treino
2893,treino
7491,treino
28916,treino
12773,treino
28451,treino
4116,treino
3724,treino
18897,treino
9854,treino
24414,treino
10736,treino
18059,treino
3535,treino
15061,treino
3017,treino
19223,treino
4771,treino
27911,treino
24654,treino
26502,treino
22035,treino
17260,treino
15751,treino
12343,treino
1652,treino
11700,treino
2932,treino
26104,treino
18880,treino
32391,treino
19590,treino
3411,treino
21259,treino
15718,treino
4117,treino
13482,treino
31145,treino
19153,treino
16164,treino
3508,treino
10082,treino
31687,treino
23535,treino
11547,treino
23659,treino
11750,treino
13373,treino
25219,treino
10561,treino
27888,treino
10175,treino
22759,treino
7088,treino
19735,treino
21838,treino
1627,treino
23205,treino
27129,treino
31032,treino
1264,treino
17702,treino
3753,treino
24375,treino
15190,treino
27076,treino
15482,treino
28417,treino
20115,treino
18678,treino
21057,treino
12759,treino
17783,treino
18070,treino
18428,treino
23034,treino
12232,treino
1403,treino
7386,treino
28440,treino
20417,treino
23105,treino
26247,treino
16333,treino
333,treino
9494,treino
8387,treino
2364,treino
4761,treino
32478,treino
22762,treino
1550,treino
2401,treino
17468,treino
17573,treino
11616,treino
3748,treino
8274,treino
31834,treino
14787,treino
29503,treino
21520,treino
4640,treino
15369,treino
25721,treino
13835,treino
10050,treino
11011,treino
4752,treino
9918,treino
31619,treino
26348,treino
24008,treino
18695,treino
19809,treino
9625,treino
31359,treino
23976,treino
11985,treino
27319,treino
17947,treino
21370,treino
644,treino
7973,treino
4165,treino
27844,treino
7059,treino
21242,treino
21420,treino
31665,treino
12044,treino
7117,treino
11913,treino
3077,treino
3120,treino
9234,treino
26491,treino
1822,treino
26921,treino
31018,treino
27950,treino
7759,treino
30819,treino
30689,treino
27190,treino
7040,treino
5547,treino
15946,treino
27753,treino
26859,treino
8049,treino
20650,treino
24445,treino
28547,treino
29023,treino
21777,treino
2520,treino
18073,treino
28975,treino
6000,treino
21990,treino
14450,treino
758,treino
27572,treino
28954,treino
5458,treino
123,treino
7166,treino
8823,treino
25779,treino
6563,treino
16371,treino
19636,treino
641,treino
7122,treino
18243,treino
13239,treino
5385,treino
8927,treino
20909,treino
4330,treino
31616,treino
10030,treino
1469,treino
16490,treino
19130,treino
16414,treino
2213,treino
32114,treino
5406,treino
1503,treino
7798,treino
9497,treino
29333,treino
16376,treino
29668,treino
4521,treino
10907,treino
9292,treino
947,treino
1118,treino
17389,treino
5018,treino
23033,treino
26740,treino
1878,treino
9087,treino
3066,treino
10595,treino
29806,treino
1338,treino
5564,treino
23015,treino
18780,treino
15620,treino
18452,treino
16143,treino
12888,treino
15941,treino
9306,treino
18442,treino
3416,treino
27459,treino
23309,treino
6993,treino
17064,treino
22424,treino
30879,treino
4658,treino
26152,treino
10980,treino
17348,treino
25723,treino
23665,treino
19212,treino
32474,treino
12717,treino
31373,treino
5249,treino
20323,treino
16637,treino
15105,treino
29882,treino
5535,treino
26000,treino
1685,treino
23554,treino
5502,treino
9333,treino
4035,treino
26434,treino
9922,treino
32162,treino
23854,treino
31612,treino
12056,treino
3361,treino
12009,treino
2517,treino
21482,treino
15364,treino
3851,treino
4948,treino
22687,treino
13513,treino
23100,treino
28701,treino
19543,treino
26606,treino
22812,treino
24557,treino
7295,treino
12963,treino
6690,treino
7355,treino
8556,treino
2822,treino
26485,treino
29588,treino
32451,treino
3333,treino
9555,treino
3460,treino
6782,treino
31941,treino
3567,treino
31858,treino
15829,treino
16940,treino
26033,treino
4702,treino
24558,treino
24206,treino
10232,treino
29804,treino
11591,treino
25497,treino
8779,treino
187,treino
12601,treino
4537,treino
27186,treino
6427,treino
14081,treino
30924,treino
30124,treino
29838,treino
15698,treino
11458,treino
1127,treino
15645,treino
30262,treino
16166,treino
25512,treino
14627,treino
18924,treino
27955,treino
28522,treino
32415,treino
25840,treino
26743,treino
23783,treino
10252,treino
20732,treino
3350,treino
2136,treino
12741,treino
10650,treino
9780,treino
32108,treino
6755,treino
19022,treino
18650,treino
9792,treino
8066,treino
20061,treino
2168,treino
843,treino
1746,treino
14979,treino
16309,treino
22072,treino
4694,treino
24586,treino
26499,treino
15476,treino
21121,treino
17684,treino
19734,treino
32157,treino
18504,treino
23537,treino
3165,treino
14851,treino
11833,treino
8376,treino
29389,treino
30843,treino
29438,treino
15374,treino
30682,treino
6163,treino
18250,treino
8872,treino
9925,treino
24696,treino
20587,treino
27733,treino
13519,treino
1591,treino
31070,treino
21997,treino
27212,treino
21442,treino
28080,treino
23685,treino
7478,treino
24188,treino
11224,treino
15616,treino
30890,treino
9411,treino
4513,treino
9034,treino
313,treino
13075,treino
31282,treino
14783,treino
13394,treino
30821,treino
21075,treino
2639,treino
7475,treino
22705,treino
2642,treino
4688,treino
12503,treino
31895,treino
26607,treino
8053,treino
1523,treino
13423,treino
5056,treino
32088,treino
5567,treino
19617,treino
10036,treino
21857,treino
7113,treino
12060,treino
32360,treino
3294,treino
12479,treino
11059,treino
27006,treino
30965,treino
16007,treino
25807,treino
11221,treino
10447,treino
24310,treino
6591,treino
9694,treino
18084,treino
20466,treino
11436,treino
3814,treino
20523,treino
19993,treino
19914,treino
14436,treino
26176,treino
14241,treino
12796,treino
1407,treino
8369,treino
20285,treino
4586,treino
30529,treino
5802,treino
15899,treino
13231,treino
20628,treino
17768,treino
2600,treino
2868,treino
27803,treino
1918,treino
27602,treino
11260,treino
14198,treino
25264,treino
8699,treino
15878,treino
21123,treino
8941,treino
29877,treino
4317,treino
6663,treino
1845,treino
7667,treino
31760,treino
21049,treino
19766,treino
30793,treino
4048,treino
27857,treino
10562,treino
21346,treino
15271,treino
30204,treino
1368,treino
28236,treino
19417,treino
1318,treino
24630,treino
12736,treino
21414,treino
28752,treino
24981,treino
21056,treino
26115,treino
18043,treino
19000,treino
14939,treino
23561,treino
8792,treino
18818,treino
8674,treino
4017,treino
1172,treino
26479,treino
375,treino
9655,treino
5933,treino
21425,treino
8286,treino
2483,treino
16534,treino
30871,treino
26413,treino
25038,treino
13493,treino
1024,treino
21486,treino
25323,treino
16453,treino
31805,treino
4635,treino
3599,treino
22190,treino
26146,treino
8481,treino
2003,treino
19592,treino
32183,treino
21459,treino
11770,treino
23705,treino
922,treino
25585,treino
7792,treino
23809,treino
9802,treino
25829,treino
20851,treino
2930,treino
12621,treino
5277,treino
14638,treino
29561,treino
19648,treino
23376,treino
27251,treino
15352,treino
10406,treino
27375,treino
29138,treino
18191,treino
14172,treino
16793,treino
30292,treino
10098,treino
28078,treino
19659,treino
16817,treino
10863,treino
28471,treino
28925,treino
17016,treino
27726,treino
14251,treino
27758,treino
1013,treino
5024,treino
16574,treino
1977,treino
15538,treino
29107,treino
22368,treino
15514,treino
26167,treino
20880,treino
29365,treino
8465,treino
25867,treino
16282,treino
9743,treino
12213,treino
2034,treino
26841,treino
17875,treino
15510,treino
10197,treino
30787,treino
23770,treino
25995,treino
19154,treino
21223,treino
27188,treino
1193,treino
2256,treino
31784,treino
13341,treino
22711,treino
2134,treino
975,treino
22182,treino
18060,treino
22085,treino
27526,treino
16805,treino
4480,treino
24600,treino
38,treino
21616,treino
5579,treino
17054,treino
2747,treino
14539,treino
7100,treino
31427,treino
16115,treino
20141,treino
2497,treino
27329,treino
20361,treino
16387,treino
4746,treino
32424,treino
23045,treino
18525,treino
17370,treino
30351,treino
11141,treino
29531,treino
8135,treino
19526,treino
8510,treino
16384,treino
10545,treino
10686,treino
2468,treino
2610,treino
7922,treino
25266,treino
7112,treino
12328,treino
1,treino
23946,treino
3293,treino
23516,treino
28564,treino
23751,treino
8475,treino
9945,treino
31721,treino
30466,treino
9454,treino
32137,treino
3950,treino
27921,treino
31865,treino
26392,treino
5399,treino
12943,treino
13383,treino
26687,treino
12531,treino
3346,treino
5982,treino
26726,treino
8679,treino
18561,treino
9488,treino
11915,treino
8617,treino
20470,treino
24021,treino
15294,treino
4672,treino
12040,treino
18790,treino
3904,treino
264,treino
32520,treino
31950,treino
4441,treino
1779,treino
19742,treino
2245,treino
1910,treino
14002,treino
3047,treino
1776,treino
20247,treino
10717,treino
2249,treino
11512,treino
10883,treino
9984,treino
26494,treino
26957,treino
3172,treino
30930,treino
13972,treino
30560,treino
26731,treino
7834,treino
27886,treino
28521,treino
6400,treino
10713,treino
1984,treino
23630,treino
24740,treino
6323,treino
1658,treino
23649,treino
8903,treino
20240,treino
9855,treino
17571,treino
7899,treino
23059,treino
257,treino
24474,treino
17507,treino
18007,treino
23177,treino
9458,treino
18265,treino
5939,treino
30627,treino
7087,treino
25095,treino
9758,treino
21353,treino
19189,treino
29381,treino
7916,treino
32386,treino
29428,treino
9878,treino
6532,treino
21809,treino
18216,treino
5971,treino
5662,treino
24330,treino
1877,treino
29635,treino
5442,treino
25009,treino
32214,treino
17577,treino
26991,treino
6758,treino
6341,treino
3580,treino
15525,treino
6091,treino
11775,treino
4003,treino
25404,treino
22201,treino
25074,treino
22935,treino
16113,treino
5382,treino
21064,treino
24663,treino
2991,treino
12745,treino
30267,treino
31710,treino
5139,treino
2311,treino
1828,treino
560,treino
21330,treino
6723,treino
3347,treino
4821,treino
8582,treino
4591,treino
23999,treino
29933,treino
29135,treino
8158,treino
12193,treino
12899,treino
11057,treino
13615,treino
12392,treino
25460,treino
26188,treino
11117,treino
32145,treino
20530,treino
12006,treino
1339,treino
9803,treino
25054,treino
14830,treino
21982,treino
10046,treino
8780,treino
7514,treino
23348,treino
19933,treino
13760,treino
11056,treino
22547,treino
5989,treino
422,treino
29448,treino
3715,treino
18183,treino
6953,treino
29757,treino
27116,treino
7396,treino
21502,treino
29521,treino
1246,treino
6,treino
31088,treino
2092,treino
10207,treino
7923,treino
12751,treino
18505,treino
21697,treino
8767,treino
4766,treino
8385,treino
26620,treino
26809,treino
20761,treino
22323,treino
2426,treino
28662,treino
16085,treino
19875,treino
24955,treino
4830,treino
9846,treino
22699,treino
25505,treino
28344,treino
10229,treino
2123,treino
24999,treino
5323,treino
2271,treino
9602,treino
29881,treino
19832,treino
17864,treino
11629,treino
29499,treino
22215,treino
16562,treino
26340,treino
7377,treino
26089,treino
7519,treino
30891,treino
22668,treino
23524,treino
5255,treino
19688,treino
7741,treino
25302,treino
4386,treino
26582,treino
7868,treino
25093,treino
22398,treino
11143,treino
13899,treino
13352,treino
6013,treino
15137,treino
21451,treino
17276,treino
20,treino
28297,treino
9825,treino
4682,treino
21401,treino
28812,treino
25260,treino
28837,treino
4362,treino
21868,treino
11391,treino
7575,treino
25488,treino
25646,treino
7948,treino
16912,treino
26111,treino
16618,treino
902,treino
31827,treino
27368,treino
4316,treino
3125,treino
5164,treino
27178,treino
950,treino
7248,treino
16776,treino
8074,treino
14962,treino
32296,treino
13415,treino
18124,treino
22701,treino
19127,treino
21670,treino
12134,treino
30554,treino
4982,treino
29583,treino
12845,treino
5576,treino
20406,treino
30816,treino
1070,treino
21154,treino
26923,treino
18542,treino
4802,treino
32527,treino
23281,treino
24467,treino
30436,treino
5632,treino
21349,treino
32561,treino
31031,treino
26165,treino
4346,treino
7800,treino
32494,treino
8283,treino
981,treino
16204,treino
13952,treino
22834,treino
30015,treino
544,treino
5312,treino
25142,treino
21633,treino
31822,treino
3332,treino
20451,treino
29387,treino
14337,treino
30616,treino
11408,treino
18209,treino
19835,treino
30941,treino
11149,treino
21666,treino
19973,treino
28284,treino
11576,treino
22011,treino
23039,treino
25830,treino
21597,treino
28981,treino
24171,treino
5459,treino
6015,treino
14217,treino
24655,treino
29404,treino
30961,treino
20505,treino
6267,treino
10283,treino
5984,treino
29089,treino
7981,treino
16802,treino
24372,treino
7793,treino
28879,treino
10244,treino
4879,treino
24669,treino
26145,treino
24486,treino
14582,treino
22646,treino
1035,treino
23774,treino
6813,treino
30590,treino
2368,treino
23938,treino
20699,treino
15210,treino
31982,treino
29972,treino
30671,treino
16409,treino
30316,treino
29127,treino
6225,treino
9809,treino
20233,treino
23162,treino
16737,treino
29827,treino
18091,treino
25906,treino
18197,treino
19144,treino
27280,treino
4822,treino
24819,treino
24862,treino
7236,treino
7797,treino
31928,treino
23734,treino
18635,treino
4984,treino
4957,treino
12644,treino
4236,treino
818,treino
14874,treino
29733,treino
27119,treino
30998,treino
17635,treino
6008,treino
5566,treino
16794,treino
6402,treino
2217,treino
16355,treino
12457,treino
5464,treino
14202,treino
13266,treino
2246,treino
23551,treino
8437,treino
4964,treino
351,treino
4483,treino
23872,treino
20337,treino
28614,treino
26765,treino
391,treino
1599,treino
20735,treino
31345,treino
11070,treino
10532,treino
1211,treino
13645,treino
18980,treino
19515,treino
27512,treino
10946,treino
7828,treino
2370,treino
19326,treino
22070,treino
17264,treino
10841,treino
3710,treino
11706,treino
9280,treino
9301,treino
466,treino
11086,treino
14259,treino
15543,treino
26982,treino
26081,treino
12554,treino
23619,treino
29985,treino
18531,treino
21869,treino
7262,treino
15285,treino
24208,treino
5151,treino
21212,treino
14298,treino
22667,treino
2496,treino
4709,treino
4589,treino
11296,treino
15974,treino
8051,treino
30542,treino
29053,treino
7238,treino
5329,treino
17654,treino
20623,treino
30836,treino
8287,treino
9788,treino
2244,treino
7330,treino
13476,treino
21824,treino
3491,treino
21294,treino
9462,treino
838,treino
13089,treino
23240,treino
11617,treino
23193,treino
3108,treino
4808,treino
18047,treino
836,treino
17770,treino
8212,treino
21450,treino
7528,treino
593,treino
25082,treino
2905,treino
11870,treino
25145,treino
28836,treino
14315,treino
6778,treino
7858,treino
2411,treino
24812,treino
5553,treino
17742,treino
8683,treino
28657,treino
31884,treino
28075,treino
22056,treino
4534,treino
16480,treino
18142,treino
6066,treino
2835,treino
24259,treino
716,treino
29955,treino
9707,treino
22760,treino
9609,treino
3199,treino
16385,treino
29392,treino
12120,treino
21689,treino
27442,treino
27988,treino
23969,treino
29594,treino
20770,treino
6248,treino
31898,treino
28179,treino
29941,treino
21973,treino
31281,treino
7594,treino
24511,treino
28743,treino
31487,treino
27599,treino
22152,treino
25949,treino
20157,treino
10076,treino
15650,treino
11781,treino
8434,treino
13779,treino
22226,treino
31462,treino
18601,treino
15174,treino
9971,treino
5484,treino
23582,treino
32206,treino
6183,treino
6020,treino
30435,treino
17585,treino
12847,treino
30668,treino
7006,treino
14745,treino
19503,treino
20386,treino
24125,treino
21391,treino
29156,treino
6960,treino
22400,treino
26281,treino
3143,treino
28630,treino
19901,treino
901,treino
11204,treino
5229,treino
3023,treino
17238,treino
17532,treino
23454,treino
7706,treino
12668,treino
13903,treino
12653,treino
5517,treino
10085,treino
10922,treino
15108,treino
12004,treino
28888,treino
29213,treino
16233,treino
30970,treino
13029,treino
31423,treino
26476,treino
4312,treino
18307,treino
7338,treino
1157,treino
22513,treino
9946,treino
6844,treino
31069,treino
26924,treino
22717,treino
26550,treino
11450,treino
9245,treino
8244,treino
22081,treino
11511,treino
3557,treino
10550,treino
30825,treino
10422,treino
2488,treino
10612,treino
29944,treino
2806,treino
9367,treino
7214,treino
18122,treino
32111,treino
6936,treino
11100,treino
13422,treino
4282,treino
17133,treino
19385,treino
25847,treino
2536,treino
17869,treino
4663,treino
14680,treino
10721,treino
23393,treino
4723,treino
20292,treino
16030,treino
11769,treino
23327,treino
2857,treino
14203,treino
26983,treino
2568,treino
21975,treino
32390,treino
9247,treino
17946,treino
1067,treino
31587,treino
14017,treino
24210,treino
3788,treino
2928,treino
16235,treino
28892,treino
9350,treino
25032,treino
3630,treino
8595,treino
27463,treino
16947,treino
18100,treino
29572,treino
4141,treino
1872,treino
10116,treino
798,treino
23605,treino
3523,treino
7259,treino
6151,treino
1706,treino
10817,treino
14870,treino
4698,treino
3310,treino
25984,treino
19299,treino
31874,treino
11315,treino
19365,treino
15936,treino
8216,treino
5235,treino
4239,treino
24541,treino
23182,treino
8734,treino
26883,treino
9629,treino
10767,treino
7094,treino
23316,treino
11937,treino
26227,treino
31860,treino
9913,treino
10327,treino
3267,treino
16388,treino
26363,treino
30340,treino
9387,treino
18822,treino
4644,treino
21318,treino
4901,treino
13936,treino
10698,treino
9299,treino
6364,treino
19605,treino
25603,treino
4010,treino
14789,treino
21751,treino
5176,treino
12059,treino
2994,treino
8445,treino
15474,treino
8408,treino
11168,treino
412,treino
20562,treino
7374,treino
29193,treino
8167,treino
4034,treino
4022,treino
11472,treino
11524,treino
10393,treino
22176,treino
24115,treino
11063,treino
8181,treino
21561,treino
25127,treino
7498,treino
32016,treino
24869,treino
2230,treino
28431,treino
15516,treino
12903,treino
28494,treino
18925,treino
4177,treino
7911,treino
3226,treino
12905,treino
30555,treino
23426,treino
14120,treino
601,treino
460,treino
29946,treino
25587,treino
19932,treino
6836,treino
23800,treino
8730,treino
3265,treino
29689,treino
9709,treino
18883,treino
31934,treino
6472,treino
2710,treino
21037,treino
25599,treino
23960,treino
24047,treino
24409,treino
26156,treino
19767,treino
10395,treino
22702,treino
7039,treino
15091,treino
17665,treino
14746,treino
24503,treino
11690,treino
25809,treino
27471,treino
4488,treino
18631,treino
2087,treino
32065,treino
30953,treino
1415,treino
14354,treino
5590,treino
17734,treino
18444,treino
10603,treino
2846,treino
2683,treino
2279,treino
17744,treino
29240,treino
111,treino
32377,treino
16783,treino
21455,treino
17891,treino
27343,treino
6756,treino
24528,treino
4309,treino
31160,treino
5415,treino
21911,treino
14726,treino
28585,treino
8226,treino
6917,treino
20695,treino
20924,treino
5300,treino
24891,treino
26255,treino
13378,treino
26304,treino
20070,treino
12187,treino
17557,treino
7157,treino
30385,treino
29262,treino
13204,treino
286,treino
28170,treino
3192,treino
23024,treino
24883,treino
16538,treino
9129,treino
29212,treino
30811,treino
31689,treino
22173,treino
10053,treino
17080,treino
12383,treino
5343,treino
1073,treino
5439,treino
23793,treino
27864,treino
13679,treino
518,treino
21541,treino
22086,treino
14392,treino
28202,treino
13898,treino
18616,treino
7091,treino
28844,treino
19358,treino
2200,treino
24132,treino
21024,treino
17194,treino
25901,treino
10917,treino
14059,treino
15883,treino
28906,treino
11171,treino
13086,treino
28048,treino
27378,treino
11676,treino
27646,treino
18565,treino
20042,treino
24362,treino
13380,treino
7403,treino
117,treino
14538,treino
30362,treino
31494,treino
5890,treino
6444,treino
3136,treino
2716,treino
22695,treino
25913,treino
7298,treino
4268,treino
9759,treino
22981,treino
29846,treino
9843,treino
20433,treino
15248,treino
15686,treino
29920,treino
21134,treino
29235,treino
13759,treino
14045,treino
24841,treino
26956,treino
11276,treino
150,treino
2190,treino
23298,treino
28139,treino
24451,treino
5861,treino
18464,treino
11319,treino
849,treino
16122,treino
29368,treino
15377,treino
5545,treino
17151,treino
12104,treino
14136,treino
8894,treino
17888,treino
31556,treino
14163,treino
20847,treino
2111,treino
15318,treino
14971,treino
9212,treino
22089,treino
2597,treino
11109,treino
28466,treino
21778,treino
28858,treino
18394,treino
7231,treino
23869,treino
4612,treino
12105,treino
32193,treino
25117,treino
5948,treino
20058,treino
8778,treino
11137,treino
290,treino
11313,treino
23199,treino
4720,treino
11347,treino
32334,treino
26456,treino
30553,treino
9949,treino
32051,treino
10361,treino
14784,treino
8664,treino
26007,treino
27652,treino
2278,treino
26319,treino
5755,treino
6291,treino
7017,treino
24919,treino
31275,treino
24592,treino
2861,treino
8043,treino
7232,treino
27370,treino
5305,treino
5092,treino
10659,treino
11733,treino
6111,treino
18583,treino
21870,treino
22823,treino
6326,treino
14673,treino
23521,treino
12374,treino
16454,treino
16691,treino
12152,treino
30286,treino
31904,treino
19145,treino
20589,treino
8195,treino
20926,treino
29713,treino
30219,treino
31629,treino
11153,treino
10119,treino
22248,treino
14358,treino
29169,treino
9177,treino
30722,treino
4129,treino
5970,treino
4523,treino
2968,treino
23342,treino
3176,treino
1858,treino
17926,treino
11634,treino
5189,treino
16667,treino
25715,treino
7790,treino
8202,treino
31396,treino
4656,treino
25161,treino
5324,treino
20112,treino
25973,treino
24716,treino
30633,treino
18080,treino
15721,treino
28591,treino
32313,treino
22468,treino
16437,treino
27336,treino
19057,treino
17584,treino
27910,treino
25467,treino
31936,treino
1674,treino
17578,treino
13116,treino
22975,treino
23881,treino
760,treino
1213,treino
18509,treino
9514,treino
30303,treino
7358,treino
28884,treino
24936,treino
32064,treino
22794,treino
24000,treino
25448,treino
3457,treino
2754,treino
26455,treino
8221,treino
13576,treino
31418,treino
28792,treino
8856,treino
11129,treino
27564,treino
20624,treino
19662,treino
22050,treino
15783,treino
8383,treino
12114,treino
13697,treino
12379,treino
13232,treino
26062,treino
6618,treino
29910,treino
30860,treino
1522,treino
14691,treino
15691,treino
26537,treino
30198,treino
3674,treino
14374,treino
12701,treino
24059,treino
7202,treino
15636,treino
29110,treino
8622,treino
13698,treino
7855,treino
15483,treino
17978,treino
8177,treino
20500,treino
13149,treino
7527,treino
10911,treino
4435,treino
28730,treino
31126,treino
20676,treino
6268,treino
266,treino
1427,treino
9460,treino
3375,treino
17554,treino
18015,treino
14593,treino
27535,treino
190,treino
101,treino
2724,treino
27929,treino
16474,treino
29294,treino
24940,treino
26118,treino
28388,treino
9064,treino
5020,treino
6979,treino
5746,treino
2205,treino
10991,treino
5513,treino
20245,treino
31682,treino
3808,treino
28671,treino
21405,treino
6862,treino
1894,treino
28618,treino
18507,treino
16742,treino
31492,treino
25703,treino
197,treino
21747,treino
23377,treino
2206,treino
17215,treino
31871,treino
31912,treino
16470,treino
979,treino
20062,treino
31208,treino
12045,treino
1112,treino
24567,treino
30841,treino
19048,treino
3653,treino
17266,treino
10426,treino
24479,treino
30716,treino
30208,treino
20380,treino
31631,treino
6358,treino
939,treino
23973,treino
32185,treino
1669,treino
23545,treino
20708,treino
3254,treino
18909,treino
9898,treino
21327,treino
28972,treino
29178,treino
17739,treino
7225,treino
10378,treino
30051,treino
24437,treino
4351,treino
27579,treino
18436,treino
13027,treino
17088,treino
9401,treino
24263,treino
26665,treino
10758,treino
10654,treino
21978,treino
2175,treino
24453,treino
16773,treino
9910,treino
2672,treino
31428,treino
14319,treino
27690,treino
24142,treino
25358,treino
29563,treino
18484,treino
29830,treino
31096,treino
26548,treino
24302,treino
8046,treino
11897,treino
17007,treino
27393,treino
23432,treino
12224,treino
24413,treino
19005,treino
32431,treino
15709,treino
30881,treino
28703,treino
32001,treino
21909,treino
27,treino
2033,treino
5772,treino
30769,treino
23084,treino
5744,treino
2011,treino
29225,treino
17334,treino
3368,treino
18401,treino
6269,treino
26873,treino
1477,treino
13725,treino
14112,treino
28826,treino
9221,treino
11846,treino
3097,treino
17148,treino
8083,treino
24389,treino
2380,treino
15759,treino
3144,treino
17332,treino
26908,treino
25138,treino
19170,treino
27905,treino
22300,treino
20750,treino
14007,treino
5926,treino
15449,treino
14725,treino
6223,treino
12135,treino
2292,treino
2718,treino
29613,treino
3991,treino
5954,treino
25263,treino
6388,treino
32239,treino
11166,treino
25678,treino
21028,treino
22062,treino
10765,treino
21591,treino
27948,treino
8467,treino
13434,treino
5585,treino
28469,treino
25823,treino
6124,treino
5180,treino
10132,treino
9702,treino
4036,treino
11335,treino
6119,treino
14571,treino
7864,treino
7752,treino
32178,treino
29566,treino
7092,treino
12629,treino
32514,treino
23933,treino
32256,treino
6041,treino
16790,treino
29564,treino
3124,treino
15365,treino
12031,treino
9827,treino
23029,treino
26955,treino
5182,treino
7550,treino
25433,treino
26206,treino
13834,treino
17701,treino
19278,treino
27225,treino
14000,treino
24031,treino
29829,treino
20496,treino
3455,treino
14468,treino
20093,treino
5582,treino
30829,treino
22986,treino
28956,treino
25878,treino
11177,treino
9223,treino
8307,treino
18024,treino
20429,treino
32573,treino
27437,treino
3539,treino
31613,treino
11708,treino
29198,treino
25179,treino
30697,treino
23889,treino
11138,treino
9501,treino
31555,treino
30117,treino
26623,treino
6870,treino
24858,treino
14229,treino
6137,treino
8346,treino
16561,treino
29712,treino
17943,treino
13329,treino
29642,treino
6648,treino
1107,treino
22313,treino
2477,treino
7383,treino
2526,treino
11263,treino
7449,treino
1862,treino
18663,treino
15220,treino
18322,treino
14455,treino
3046,treino
31424,treino
16410,treino
12039,treino
25113,treino
3765,treino
29639,treino
25844,treino
23573,treino
2987,treino
28416,treino
7086,treino
29416,treino
12922,treino
21762,treino
8044,treino
3916,treino
32151,treino
23444,treino
25885,treino
12412,treino
4561,treino
4118,treino
5,treino
6965,treino
29496,treino
8105,treino
24400,treino
6975,treino
28993,treino
24396,treino
19748,treino
10888,treino
17995,treino
26577,treino
25356,treino
19192,treino
21151,treino
11152,treino
19672,treino
9015,treino
2707,treino
27768,treino
5816,treino
30571,treino
8045,treino
20886,treino
18969,treino
25166,treino
21640,treino
28828,treino
26208,treino
5326,treino
59,treino
28370,treino
15407,treino
20082,treino
22801,treino
7807,treino
50,treino
23570,treino
29549,treino
31076,treino
20027,treino
5412,treino
8594,treino
4224,treino
13751,treino
4248,treino
11074,treino
16412,treino
19548,treino
1757,treino
3340,treino
13334,treino
18457,treino
10477,treino
16507,treino
21003,treino
22840,treino
30747,treino
19075,treino
2255,treino
26338,treino
27557,treino
13068,treino
20620,treino
13710,treino
7139,treino
4622,treino
9357,treino
31168,treino
13181,treino
16092,treino
32381,treino
22436,treino
8747,treino
17135,treino
21010,treino
11661,treino
14214,treino
15967,treino
20189,treino
30422,treino
1160,treino
8141,treino
16739,treino
18569,treino
1031,treino
15297,treino
31892,treino
18355,treino
13032,treino
22546,treino
28773,treino
4770,treino
17878,treino
17892,treino
16319,treino
31099,treino
21926,treino
5291,treino
30666,treino
11738,treino
3490,treino
23420,treino
10315,treino
16314,treino
31041,treino
3260,treino
30100,treino
14328,treino
8277,treino
19720,treino
12149,treino
3910,treino
22329,treino
642,treino
12192,treino
12839,treino
25720,treino
3274,treino
21438,treino
14931,treino
26517,treino
15736,treino
17489,treino
5222,treino
6491,treino
23445,treino
21390,treino
21009,treino
22707,treino
26425,treino
20951,treino
2340,treino
13749,treino
19921,treino
31206,treino
18193,treino
14882,treino
6972,treino
23064,treino
21291,treino
16978,treino
30400,treino
9217,treino
12609,treino
5588,treino
8119,treino
24173,treino
7977,treino
9153,treino
27909,treino
17400,treino
13121,treino
7859,treino
30923,treino
9485,treino
15240,treino
27074,treino
8909,treino
30508,treino
22145,treino
27597,treino
2005,treino
7693,treino
367,treino
10360,treino
32080,treino
22150,treino
24903,treino
3955,treino
13537,treino
22520,treino
12261,treino
6742,treino
3550,treino
20601,treino
7155,treino
27604,treino
10753,treino
14008,treino
549,treino
27250,treino
5745,treino
18038,treino
26826,treino
24490,treino
23103,treino
27260,treino
4280,treino
23617,treino
5171,treino
20218,treino
29,treino
754,treino
2906,treino
23339,treino
203,treino
591,treino
5335,treino
2450,treino
31483,treino
11115,treino
233,treino
8175,treino
6172,treino
17008,treino
8473,treino
23357,treino
29860,treino
8165,treino
2430,treino
10887,treino
6619,treino
5468,treino
21592,treino
2786,treino
2620,treino
18378,treino
30536,treino
17269,treino
13335,treino
4955,treino
7070,treino
31050,treino
12138,treino
21217,treino
20346,treino
16581,treino
31226,treino
21929,treino
19608,treino
10248,treino
18251,treino
11930,treino
17243,treino
4881,treino
2545,treino
11071,treino
23330,treino
5101,treino
28550,treino
19345,treino
27912,treino
12743,treino
23066,treino
28987,treino
5252,treino
31758,treino
18844,treino
28114,treino
9553,treino
23071,treino
16429,treino
23833,treino
27033,treino
7179,treino
28581,treino
1461,treino
21738,treino
19678,treino
8598,treino
2009,treino
15257,treino
20980,treino
32366,treino
9088,treino
3697,treino
26243,treino
19283,treino
7095,treino
3471,treino
23708,treino
18077,treino
3606,treino
6733,treino
6785,treino
13652,treino
3676,treino
32199,treino
11907,treino
28676,treino
11244,treino
21200,treino
31060,treino
4570,treino
30727,treino
25336,treino
13572,treino
2240,treino
27164,treino
7045,treino
28535,treino
12853,treino
21784,treino
4148,treino
14532,treino
30625,treino
22411,treino
5256,treino
18364,treino
16629,treino
17421,treino
387,treino
9115,treino
17186,treino
8230,treino
28666,treino
8713,treino
7051,treino
1128,treino
1475,treino
10353,treino
17083,treino
19,treino
10013,treino
606,treino
24355,treino
13926,treino
29977,treino
3030,treino
3500,treino
27060,treino
30119,treino
10127,treino
27016,treino
792,treino
2974,treino
14645,treino
5895,treino
20643,treino
25590,treino
1431,treino
16807,treino
15982,treino
11749,treino
19041,treino
26137,treino
12141,treino
16179,treino
21373,treino
23606,treino
20050,treino
20253,treino
11999,treino
23782,treino
14312,treino
20016,treino
5123,treino
23527,treino
29192,treino
30045,treino
18557,treino
2895,treino
20747,treino
16353,treino
16186,treino
260,treino
24684,treino
2519,treino
31401,treino
2412,treino
30088,treino
22209,treino
16786,treino
17065,treino
14607,treino
31594,treino
28136,treino
29578,treino
32103,treino
26747,treino
159,treino
20860,treino
32194,treino
9992,treino
12414,treino
6527,treino
20723,treino
5688,treino
27748,treino
13867,treino
17651,treino
18763,treino
24638,treino
11562,treino
19486,treino
3768,treino
28104,treino
23769,treino
18334,treino
21309,treino
22858,treino
23478,treino
19723,treino
349,treino
12159,treino
7908,treino
16771,treino
10853,treino
10868,treino
7194,treino
7490,treino
10148,treino
7874,treino
10722,treino
7313,treino
1189,treino
18599,treino
3830,treino
19219,treino
3220,treino
30872,treino
31334,treino
10889,treino
31116,treino
1686,treino
19928,treino
19745,treino
21432,treino
12451,treino
23289,treino
22763,treino
9987,treino
1292,treino
27045,treino
1137,treino
18020,treino
6324,treino
14824,treino
24805,treino
11398,treino
6536,treino
8626,treino
5973,treino
27307,treino
29010,treino
5999,treino
27500,treino
4662,treino
12385,treino
3870,treino
14381,treino
4819,treino
7373,treino
18881,treino
13618,treino
16274,treino
2759,treino
31730,treino
531,treino
7080,treino
28711,treino
12887,treino
14521,treino
13518,treino
6173,treino
7141,treino
31006,treino
13095,treino
11015,treino
60,treino
11185,treino
22239,treino
24192,treino
6394,treino
12931,treino
8342,treino
29856,treino
20104,treino
29423,treino
10915,treino
4111,treino
30653,treino
22682,treino
7327,treino
22009,treino
8372,treino
23634,treino
20472,treino
10326,treino
17160,treino
26828,treino
17204,treino
31501,treino
13542,treino
13180,treino
31761,treino
7831,treino
7602,treino
6203,treino
31779,treino
12608,treino
3639,treino
11688,treino
13623,treino
25228,treino
11922,treino
1976,treino
31195,treino
10358,treino
11012,treino
26361,treino
11528,treino
22163,treino
2210,treino
26193,treino
5870,treino
2579,treino
26466,treino
19855,treino
32106,treino
16874,treino
14164,treino
12409,treino
9359,treino
11674,treino
14523,treino
30737,treino
6514,treino
14082,treino
10807,treino
12455,treino
27457,treino
28797,treino
29648,treino
5728,treino
29205,treino
5370,treino
27685,treino
31455,treino
10541,treino
18427,treino
14912,treino
3245,treino
18744,treino
2633,treino
12505,treino
4652,treino
31519,treino
30828,treino
29714,treino
2035,treino
6206,treino
26877,treino
12386,treino
5731,treino
13546,treino
31650,treino
25842,treino
6781,treino
30974,treino
21285,treino
19562,treino
79,treino
659,treino
12851,treino
26436,treino
14813,treino
2341,treino
27931,treino
16723,treino
21852,treino
12577,treino
6138,treino
28648,treino
12683,treino
3540,treino
15329,treino
32511,treino
311,treino
21534,treino
23611,treino
31273,treino
16572,treino
11383,treino
5395,treino
10262,treino
25923,treino
25955,treino
31475,treino
12372,treino
21266,treino
13632,treino
13785,treino
1216,treino
28482,treino
5849,treino
11973,treino
2480,treino
12025,treino
19473,treino
29184,treino
6614,treino
18803,treino
29251,treino
8618,treino
9208,treino
24648,treino
16047,treino
14302,treino
17403,treino
14906,treino
3099,treino
8698,treino
26596,treino
13080,treino
17140,treino
29545,treino
1294,treino
19128,treino
6213,treino
12022,treino
23990,treino
17327,treino
25592,treino
4736,treino
4334,treino
22842,treino
4262,treino
16533,treino
4563,treino
13418,treino
6489,treino
17326,treino
1231,treino
22143,treino
9474,treino
22966,treino
3417,treino
432,treino
15,treino
7083,treino
3399,treino
12117,treino
5115,treino
12694,treino
16295,treino
241,treino
25967,treino
18221,treino
15392,treino
8597,treino
16110,treino
18314,treino
3772,treino
3404,treino
3042,treino
17012,treino
1006,treino
3850,treino
15050,treino
7551,treino
19958,treino
25347,treino
20564,treino
5344,treino
24068,treino
25629,treino
2452,treino
13397,treino
27713,treino
24404,treino
27358,treino
2973,treino
17121,treino
3468,treino
7718,treino
252,treino
30297,treino
12122,treino
28348,treino
17213,treino
2000,treino
12476,treino
13753,treino
27071,treino
6152,treino
23500,treino
15734,treino
15131,treino
19364,treino
16141,treino
27215,treino
13477,treino
22406,treino
29544,treino
30595,treino
22532,treino
15380,treino
22861,treino
13667,treino
11183,treino
9310,treino
2415,treino
31848,treino
5153,treino
20116,treino
18699,treino
8880,treino
28679,treino
15700,treino
31815,treino
26250,treino
10597,treino
13882,treino
25851,treino
21800,treino
11529,treino
16871,treino
27878,treino
6303,treino
17985,treino
1291,treino
20796,treino
16317,treino
3239,treino
28129,treino
9413,treino
23891,treino
24017,treino
2584,treino
13713,treino
25128,treino
12377,treino
7067,treino
28660,treino
17802,treino
10386,treino
19301,treino
22953,treino
11743,treino
31995,treino
20958,treino
5691,treino
12640,treino
23000,treino
21958,treino
18795,treino
24932,treino
16061,treino
13783,treino
21282,teste
26976,teste
26459,teste
24182,teste
16750,teste
28959,teste
28501,teste
8430,teste
29253,teste
30350,teste
27491,teste
31646,teste
14283,teste
16022,teste
5766,teste
30676,teste
17917,teste
17528,teste
31395,teste
17792,teste
12142,teste
28225,teste
31364,teste
31065,teste
21063,teste
9875,teste
4279,teste
28513,teste
29601,teste
28452,teste
26151,teste
28060,teste
27441,teste
32429,teste
27011,teste
31097,teste
7905,teste
29945,teste
9355,teste
2554,teste
9787,teste
26507,teste
26658,teste
7843,teste
504,teste
23670,teste
31592,teste
12671,teste
30889,teste
6903,teste
26394,teste
3127,teste
19759,teste
18827,teste
11559,teste
20561,teste
5832,teste
8440,teste
26018,teste
17153,teste
2693,teste
1273,teste
19986,teste
17569,teste
17438,teste
10862,teste
25997,teste
13127,teste
19687,teste
32037,teste
6139,teste
4708,teste
23742,teste
2473,teste
25080,teste
22319,teste
9122,teste
17587,teste
14649,teste
10312,teste
30580,teste
8499,teste
25412,teste
30255,teste
29409,teste
23722,teste
27545,teste
7705,teste
5764,teste
24373,teste
9302,teste
26448,teste
15293,teste
31659,teste
32155,teste
8114,teste
23631,teste
30177,teste
15381,teste
13131,teste
938,teste
16444,teste
23507,teste
26974,teste
28329,teste
6193,teste
21487,teste
20201,teste
7836,teste
8442,teste
26283,teste
16132,teste
2191,teste
27862,teste
14626,teste
32553,teste
10995,teste
17494,teste
24253,teste
32109,teste
32246,teste
25992,teste
22738,teste
28010,teste
17049,teste
9529,teste
11825,teste
29162,teste
13628,teste
24436,teste
11522,teste
23953,teste
8633,teste
9569,teste
7110,teste
19480,teste
27318,teste
23481,teste
16438,teste
21289,teste
15518,teste
11043,teste
17069,teste
11855,teste
12486,teste
15037,teste
8897,teste
25687,teste
4136,teste
13420,teste
23485,teste
22306,teste
1132,teste
19666,teste
13706,teste
10166,teste
5668,teste
9688,teste
20184,teste
29934,teste
16952,teste
4438,teste
94,teste
29789,teste
10845,teste
4080,teste
28259,teste
26888,teste
32362,teste
23870,teste
15500,teste
17858,teste
18376,teste
1248,teste
14104,teste
29734,teste
23467,teste
24942,teste
18629,teste
6290,teste
23279,teste
27819,teste
18256,teste
6878,teste
29949,teste
4275,teste
29935,teste
29025,teste
15399,teste
12370,teste
15052,teste
3698,teste
20588,teste
30089,teste
21268,teste
64,teste
19730,teste
5864,teste
31331,teste
15556,teste
14653,teste
3590,teste
23996,teste
28890,teste
4750,teste
37,teste
9157,teste
6885,teste
24601,teste
31887,teste
14228,teste
7623,teste
3344,teste
11602,teste
1804,teste
9695,teste
23522,teste
30186,teste
25446,teste
1435,teste
9138,teste
20474,teste
11019,teste
21505,teste
1323,teste
1928,teste
22657,teste
8282,teste
30268,teste
24459,teste
4201,teste
28157,teste
21881,teste
20280,teste
866,teste
28706,teste
19634,teste
9575,teste
15942,teste
30383,teste
10961,teste
31336,teste
25694,teste
30097,teste
14260,teste
18025,teste
15999,teste
6159,teste
20611,teste
12287,teste
16878,teste
26408,teste
32328,teste
32177,teste
27870,teste
9082,teste
6694,teste
10586,teste
14275,teste
28808,teste
4208,teste
1911,teste
9933,teste
32169,teste
3681,teste
31262,teste
8816,teste
30253,teste
3285,teste
8542,teste
6068,teste
12822,teste
6738,teste
474,teste
31123,teste
3573,teste
26041,teste
28065,teste
3886,teste
2242,teste
6186,teste
15530,teste
18320,teste
23878,teste
29560,teste
13242,teste
22084,teste
18407,teste
32344,teste
14677,teste
29278,teste
11950,teste
15337,teste
14614,teste
30545,teste
16553,teste
32220,teste
11898,teste
17048,teste
30714,teste
10905,teste
20031,teste
28685,teste
15094,teste
10446,teste
28242,teste
27467,teste
8797,teste
18543,teste
29421,teste
28832,teste
31959,teste
30944,teste
27752,teste
7586,teste
8247,teste
8016,teste
23381,teste
30806,teste
20296,teste
10374,teste
30955,teste
10530,teste
9323,teste
8801,teste
13443,teste
27575,teste
30842,teste
30445,teste
25132,teste
26330,teste
28149,teste
22627,teste
27687,teste
26545,teste
19616,teste
17134,teste
6435,teste
19347,teste
25090,teste
17435,teste
26178,teste
11159,teste
21805,teste
18432,teste
18273,teste
256,teste
13385,teste
17165,teste
17670,teste
6718,teste
19907,teste
5308,teste
29441,teste
20680,teste
4151,teste
2745,teste
4091,teste
10799,teste
16253,teste
21141,teste
30130,teste
15693,teste
12641,teste
10257,teste
22530,teste
14151,teste
31906,teste
20544,teste
29887,teste
12167,teste
19297,teste
19998,teste
26804,teste
30943,teste
11314,teste
19138,teste
2670,teste
21034,teste
28965,teste
28682,teste
17103,teste
14435,teste
1870,teste
10396,teste
14620,teste
15708,teste
16041,teste
917,teste
15029,teste
4427,teste
24886,teste
20890,teste
17455,teste
16930,teste
6158,teste
274,teste
24581,teste
272,teste
4992,teste
7818,teste
23150,teste
32392,teste
30655,teste
1389,teste
18619,teste
14230,teste
26753,teste
23147,teste
31803,teste
18188,teste
1691,teste
17258,teste
19611,teste
2894,teste
12036,teste
24834,teste
7224,teste
14803,teste
25939,teste
7861,teste
9909,teste
11475,teste
15053,teste
22454,teste
2393,teste
9595,teste
3600,teste
10455,teste
9833,teste
5075,teste
25115,teste
16954,teste
25893,teste
21854,teste
30408,teste
20570,teste
5213,teste
26942,teste
28736,teste
27671,teste
5217,teste
11257,teste
5563,teste
27363,teste
16758,teste
31946,teste
29897,teste
26349,teste
29128,teste
26736,teste
9358,teste
26274,teste
3601,teste
9291,teste
27092,teste
24753,teste
7946,teste
18942,teste
31402,teste
32011,teste
30698,teste
7084,teste
20251,teste
28305,teste
16991,teste
15797,teste
22936,teste
26075,teste
3907,teste
1450,teste
31686,teste
8852,teste
31037,teste
15238,teste
2646,teste
30276,teste
4804,teste
24108,teste
19619,teste
13040,teste
28152,teste
31301,teste
24571,teste
12846,teste
18766,teste
2557,teste
28738,teste
23662,teste
22171,teste
31194,teste
32229,teste
16339,teste
3049,teste
1635,teste
28946,teste
32195,teste
12055,teste
24135,teste
2337,teste
11403,teste
5264,teste
14334,teste
3740,teste
14893,teste
6466,teste
22154,teste
1609,teste
23846,teste
18683,teste
16382,teste
13479,teste
14683,teste
3262,teste
3058,teste
11022,teste
16854,teste
30361,teste
29093,teste
8788,teste
8685,teste
7530,teste
14404,teste
31992,teste
31454,teste
27265,teste
24185,teste
23486,teste
26532,teste
9338,teste
25763,teste
4323,teste
7288,teste
23515,teste
16519,teste
26103,teste
16150,teste
7471,teste
12697,teste
11321,teste
28062,teste
12517,teste
28115,teste
32324,teste
17212,teste
10368,teste
6509,teste
15924,teste
12942,teste
18926,teste
10850,teste
27259,teste
29686,teste
16318,teste
5129,teste
12514,teste
22906,teste
18399,teste
15850,teste
16329,teste
22754,teste
15031,teste
32576,teste
18516,teste
29700,teste
3986,teste
10100,teste
12087,teste
4531,teste
28049,teste
15246,teste
20524,teste
18146,teste
889,teste
4910,teste
20895,teste
25144,teste
14579,teste
19802,teste
22121,teste
3730,teste
9181,teste
30952,teste
32345,teste
30748,teste
8884,teste
21286,teste
13821,teste
5322,teste
9490,teste
27746,teste
19702,teste
12958,teste
22951,teste
6262,teste
7808,teste
26899,teste
6431,teste
18145,teste
443,teste
29106,teste
26242,teste
30630,teste
9522,teste
932,teste
15521,teste
9337,teste
12508,teste
11259,teste
12785,teste
29459,teste
4110,teste
6987,teste
9722,teste
30399,teste
8777,teste
11355,teste
11835,teste
6741,teste
20331,teste
8768,teste
3647,teste
10707,teste
13621,teste
8569,teste
32231,teste
32532,teste
26369,teste
20800,teste
15148,teste
11967,teste
12510,teste
20973,teste
17429,teste
11077,teste
15351,teste
26049,teste
18315,teste
15683,teste
12295,teste
27086,teste
383,teste
4799,teste
14462,teste
12175,teste
2676,teste
18710,teste
7563,teste
6954,teste
29087,teste
11584,teste
19837,teste
13863,teste
240,teste
25349,teste
25735,teste
20833,teste
21923,teste
1085,teste
16545,teste
4713,teste
32026,teste
27662,teste
1136,teste
427,teste
27788,teste
17037,teste
6371,teste
18473,teste
26699,teste
12794,teste
12700,teste
5616,teste
26309,teste
206,teste
29794,teste
5243,teste
29793,teste
23099,teste
22325,teste
23972,teste
27681,teste
25872,teste
23899,teste
16899,teste
6842,teste
7397,teste
18773,teste
15902,teste
1648,teste
10068,teste
17446,teste
26632,teste
27727,teste
19536,teste
4726,teste
2118,teste
6978,teste
2580,teste
10656,teste
10692,teste
27606,teste
14547,teste
15305,teste
9415,teste
2997,teste
23942,teste
22174,teste
6815,teste
1618,teste
2578,teste
29013,teste
20936,teste
16036,teste
24282,teste
21648,teste
25547,teste
27658,teste
17727,teste
16995,teste
4267,teste
13410,teste
15930,teste
2979,teste
3091,teste
19452,teste
18568,teste
20450,teste
13170,teste
14489,teste
21643,teste
8650,teste
401,teste
10031,teste
9439,teste
17974,teste
14895,teste
16203,teste
2570,teste
471,teste
11415,teste
30577,teste
3947,teste
25524,teste
31609,teste
12580,teste
8193,teste
16700,teste
21806,teste
12861,teste
26130,teste
372,teste
132,teste
13330,teste
7674,teste
140,teste
7413,teste
29925,teste
4414,teste
12763,teste
27881,teste
20722,teste
11650,teste
24913,teste
9328,teste
22534,teste
28365,teste
23046,teste
21987,teste
31004,teste
10343,teste
25172,teste
3531,teste
24813,teste
13332,teste
23213,teste
18266,teste
3794,teste
10546,teste
26863,teste
27204,teste
13112,teste
30126,teste
19058,teste
30778,teste
1437,teste
26099,teste
8488,teste
24134,teste
9069,teste
15234,teste
14944,teste
33,teste
28563,teste
25429,teste
29627,teste
23249,teste
16965,teste
1230,teste
4061,teste
26027,teste
30342,teste
25021,teste
13820,teste
19029,teste
14009,teste
3879,teste
23615,teste
4246,teste
24468,teste
19275,teste
21799,teste
8479,teste
22038,teste
7323,teste
29696,teste
24199,teste
93,teste
18958,teste
6670,teste
21076,teste
1962,teste
21035,teste
5168,teste
24650,teste
4500,teste
1527,teste
23451,teste
25527,teste
22059,teste
13460,teste
36,teste
9540,teste
13880,teste
23711,teste
13695,teste
29574,teste
16363,teste
10897,teste
8770,teste
24829,teste
5977,teste
4592,teste
8005,teste
16956,teste
5316,teste
6923,teste
21970,teste
10993,teste
14022,teste
5299,teste
18951,teste
5738,teste
331,teste
9505,teste
19214,teste
22130,teste
17343,teste
5531,teste
18066,teste
26452,teste
19877,teste
6252,teste
18618,teste
30086,teste
14078,teste
3796,teste
3515,teste
15765,teste
11503,teste
10909,teste
30650,teste
22224,teste
15637,teste
1010,teste
13723,teste
5353,teste
4074,teste
7442,teste
7430,teste
10658,teste
25899,teste
21614,teste
20459,teste
28542,teste
5961,teste
30523,teste
21658,teste
22584,teste
28035,teste
15448,teste
4157,teste
8863,teste
20737,teste
3837,teste
15958,teste
13564,teste
28092,teste
16167,teste
23885,teste
13156,teste
32400,teste
8822,teste
23584,teste
10424,teste
31247,teste
17336,teste
7826,teste
25969,teste
15226,teste
18878,teste
25026,teste
398,teste
12218,teste
10614,teste
4940,teste
22829,teste
20538,teste
24293,teste
5158,teste
17931,teste
25801,teste
18919,teste
15447,teste
2614,teste
8869,teste
26628,teste
6821,teste
11971,teste
10345,teste
12110,teste
7593,teste
1519,teste
29792,teste
14012,teste
1906,teste
22638,teste
28306,teste
22002,teste
24133,teste
4073,teste
2069,teste
31280,teste
29617,teste
17075,teste
18169,teste
15162,teste
30055,teste
30037,teste
9487,teste
1401,teste
17431,teste
30822,teste
31764,teste
5945,teste
16345,teste
30321,teste
19813,teste
4929,teste
2729,teste
25883,teste
25921,teste
350,teste
23762,teste
19340,teste
27710,teste
31831,teste
4491,teste
5309,teste
12557,teste
26971,teste
20969,teste
2499,teste
13742,teste
7653,teste
26709,teste
13848,teste
31855,teste
26970,teste
11992,teste
21092,teste
19883,teste
3646,teste
13336,teste
30421,teste
27940,teste
23233,teste
18132,teste
10109,teste
12576,teste
32094,teste
14671,teste
8761,teste
16914,teste
28371,teste
17208,teste
31030,teste
3345,teste
12923,teste
14047,teste
8513,teste
6190,teste
12460,teste
15247,teste
22567,teste
3544,teste
31408,teste
19842,teste
13547,teste
22528,teste
32516,teste
31843,teste
16389,teste
25662,teste
12842,teste
26179,teste
10227,teste
31600,teste
28341,teste
1657,teste
1926,teste
16630,teste
24518,teste
26599,teste
30725,teste
25288,teste
4742,teste
698,teste
31203,teste
22618,teste
24758,teste
25486,teste
24790,teste
19040,teste
27937,teste
13735,teste
24296,teste
27395,teste
2619,teste
2795,teste
23497,teste
9035,teste
17314,teste
2558,teste
32404,teste
25331,teste
19808,teste
9398,teste
7900,teste
12298,teste
27417,teste
18877,teste
4823,teste
13314,teste
23908,teste
24003,teste
14973,teste
18771,teste
29938,teste
14923,teste
4039,teste
25818,teste
11076,teste
4198,teste
27426,teste
19469,teste
12586,teste
14703,teste
1322,teste
9144,teste
29497,teste
26131,teste
9461,teste
30701,teste
16801,teste
30249,teste
3384,teste
13907,teste
14737,teste
11286,teste
28750,teste
24254,teste
11025,teste
11358,teste
32504,teste
23043,teste
26191,teste
27009,teste
4711,teste
32446,teste
31374,teste
18079,teste
1606,teste
13533,teste
8413,teste
30191,teste
4219,teste
678,teste
11714,teste
29554,teste
6478,teste
54,teste
22742,teste
21481,teste
24666,teste
6806,teste
23192,teste
7714,teste
21638,teste
1689,teste
14974,teste
16466,teste
13962,teste
30478,teste
30167,teste
8010,teste
29307,teste
28342,teste
24836,teste
15250,teste
26184,teste
2813,teste
16575,teste
2771,teste
7572,teste
12352,teste
2542,teste
25865,teste
22590,teste
31163,teste
2362,teste
28084,teste
22575,teste
21479,teste
526,teste
2944,teste
4006,teste
6377,teste
10748,teste
62,teste
1496,teste
21470,teste
32248,teste
29384,teste
12569,teste
8070,teste
20043,teste
12461,teste
30300,teste
15102,teste
25707,teste
25258,teste
16072,teste
9248,teste
11338,teste
18843,teste
32481,teste
5330,teste
20444,teste
10373,teste
27755,teste
30538,teste
7013,teste
32075,teste
1662,teste
17405,teste
8460,teste
14780,teste
18537,teste
23863,teste
19332,teste
21293,teste
6104,teste
18034,teste
22712,teste
28012,teste
23223,teste
17105,teste
10516,teste
20929,teste
20049,teste
30145,teste
9582,teste
5821,teste
6969,teste
15957,teste
32503,teste
16482,teste
10529,teste
3849,teste
22474,teste
13531,teste
26174,teste
12946,teste
31756,teste
13283,teste
7163,teste
24014,teste
27894,teste
6209,teste
20344,teste
4578,teste
21467,teste
31210,teste
18689,teste
2586,teste
13369,teste
13085,teste
10429,teste
27161,teste
7103,teste
8180,teste
21464,teste
24439,teste
31358,teste
10882,teste
14159,teste
299,teste
19065,teste
8817,teste
14389,teste
29606,teste
13764,teste
829,teste
23081,teste
10195,teste
8810,teste
15181,teste
22024,teste
21965,teste
2762,teste
9325,teste
15282,teste
26913,teste
2349,teste
31591,teste
30969,teste
31234,teste
949,teste
21434,teste
3519,teste
14064,teste
22181,teste
31269,teste
24204,teste
11875,teste
26013,teste
8607,teste
11118,teste
17164,teste
1868,teste
13812,teste
23224,teste
32269,teste
6127,teste
303,teste
18358,teste
5656,teste
825,teste
13902,teste
9599,teste
11556,teste
22527,teste
16936,teste
31147,teste
4463,teste
23186,teste
26199,teste
1306,teste
31222,teste
4517,teste
1643,teste
8457,teste
15463,teste
2700,teste
26601,teste
2885,teste
3009,teste
28640,teste
29464,teste
5283,teste
27140,teste
23921,teste
2145,teste
19990,teste
17228,teste
15754,teste
12276,teste
12237,teste
3140,teste
9763,teste
9777,teste
24086,teste
12731,teste
9532,teste
14004,teste
9661,teste
14253,teste
3019,teste
14964,teste
2629,teste
20139,teste
30510,teste
26223,teste
12289,teste
18772,teste
15881,teste
15098,teste
16201,teste
21263,teste
18468,teste
17147,teste
25441,teste
20597,teste
10099,teste
582,teste
13780,teste
28355,teste
20507,teste
26670,teste
2976,teste
4526,teste
29749,teste
22753,teste
16027,teste
29948,teste
10629,teste
2757,teste
19118,teste
18203,teste
7243,teste
11089,teste
8125,teste
3266,teste
9844,teste
22355,teste
8192,teste
16383,teste
3428,teste
11441,teste
4399,teste
23658,teste
7310,teste
4490,teste
21446,teste
31107,teste
7104,teste
25743,teste
10632,teste
7515,teste
16701,teste
28003,teste
13836,teste
12316,teste
9279,teste
4988,teste
18017,teste
29888,teste
11419,teste
24646,teste
20455,teste
17482,teste
11933,teste
4903,teste
9672,teste
19460,teste
11639,teste
1664,teste
30477,teste
25711,teste
20055,teste
16159,teste
7542,teste
7788,teste
18313,teste
8185,teste
22294,teste
7266,teste
18326,teste
8886,teste
23674,teste
14658,teste
4004,teste
11395,teste
21408,teste
19178,teste
8144,teste
6544,teste
6673,teste
31931,teste
16865,teste
23411,teste
5331,teste
9751,teste
25352,teste
29452,teste
3931,teste
27262,teste
5360,teste
5800,teste
10180,teste
31835,teste
1781,teste
27517,teste
4950,teste
24412,teste
26566,teste
21269,teste
25465,teste
30434,teste
15085,teste
30710,teste
17388,teste
3337,teste
6029,teste
4588,teste
24585,teste
26966,teste
12879,teste
29322,teste
12483,teste
12598,teste
5211,teste
27621,teste
18770,teste
5350,teste
18670,teste
17058,teste
26605,teste
25856,teste
8249,teste
12676,teste
7183,teste
23378,teste
27791,teste
5336,teste
28951,teste
5574,teste
6814,teste
1930,teste
15911,teste
5240,teste
26946,teste
28243,teste
7254,teste
23333,teste
3777,teste
30705,teste
29391,teste
7418,teste
348,teste
12999,teste
23025,teste
29019,teste
30597,teste
25443,teste
23374,teste
21552,teste
9101,teste
29801,teste
2413,teste
18319,teste
28789,teste
26332,teste
25338,teste
27629,teste
27922,teste
13298,teste
28161,teste
29108,teste
410,teste
6557,teste
28791,teste
5919,teste
30052,teste
28988,teste
17581,teste
27165,teste
10143,teste
31261,teste
8789,teste
24491,teste
10233,teste
30838,teste
26253,teste
25786,teste
6180,teste
7011,teste
4338,teste
12233,teste
385,teste
19819,teste
30851,teste
7412,teste
21928,teste
12862,teste
2494,teste
23044,teste
27440,teste
22245,teste
7380,teste
18764,teste
14907,teste
22691,teste
20126,teste
9942,teste
27954,teste
16894,teste
31812,teste
29134,teste
20654,teste
3185,teste
21478,teste
15201,teste
5863,teste
30849,teste
7012,teste
5474,teste
24976,teste
7114,teste
18235,teste
820,teste
24928,teste
17471,teste
27867,teste
9084,teste
14470,teste
797,teste
17109,teste
2228,teste
27784,teste
16178,teste
18106,teste
12428,teste
25700,teste
22279,teste
439,teste
21492,teste
29684,teste
27332,teste
18229,teste
20319,teste
20134,teste
23755,teste
32216,teste
1365,teste
26869,teste
1900,teste
25643,teste
10408,teste
12869,teste
16427,teste
26842,teste
16555,teste
3324,teste
10392,teste
2626,teste
9756,teste
25544,teste
21280,teste
19331,teste
28926,teste
31091,teste
5238,teste
30104,teste
32480,teste
4388,teste
22997,teste
22012,teste
24593,teste
23270,teste
4851,teste
5633,teste
7350,teste
13995,teste
24371,teste
28006,teste
13662,teste
16543,teste
25374,teste
19017,teste
15719,teste
9840,teste
914,teste
18622,teste
28683,teste
18515,teste
17349,teste
12302,teste
7724,teste
14396,teste
26935,teste
27999,teste
18398,teste
6609,teste
27334,teste
6148,teste
12900,teste
29898,teste
1988,teste
27326,teste
21239,teste
13619,teste
31799,teste
15077,teste
8263,teste
26067,teste
6637,teste
18439,teste
21773,teste
9861,teste
3090,teste
15938,teste
11691,teste
12049,teste
7668,teste
30324,teste
15727,teste
12228,teste
14707,teste
24972,teste
17674,teste
24568,teste
23750,teste
2758,teste
14493,teste
22119,teste
17714,teste
28895,teste
8191,teste
27850,teste
9336,teste
9972,teste
4045,teste
14371,teste
18864,teste
10387,teste
426,teste
15216,teste
454,teste
1659,teste
5110,teste
31728,teste
8183,teste
11573,teste
18377,teste
11827,teste
32284,teste
29596,teste
5251,teste
32550,teste
7253,teste
22282,teste
24146,teste
30502,teste
6090,teste
30642,teste
30002,teste
32046,teste
15155,teste
6395,teste
11050,teste
10633,teste
5407,teste
15160,teste
9720,teste
26897,teste
11126,teste
10002,teste
2105,teste
2219,teste
18154,teste
6934,teste
221,teste
6558,teste
9031,teste
11284,teste
22140,teste
17631,teste
8330,teste
13241,teste
20863,teste
14053,teste
9610,teste
19836,teste
13941,teste
21317,teste
27237,teste
25602,teste
12170,teste
416,teste
28899,teste
7782,teste
27507,teste
28862,teste
31673,teste
14966,teste
12952,teste
10311,teste
41,teste
14913,teste
25371,teste
690,teste
15149,teste
25055,teste
32369,teste
25182,teste
24181,teste
17156,teste
20214,teste
6412,teste
14480,teste
30911,teste
28289,teste
13264,teste
12661,teste
30685,teste
22402,teste
20493,teste
23457,teste
3570,teste
12215,teste
11157,teste
15303,teste
27058,teste
1745,teste
21058,teste
6627,teste
12158,teste
8194,teste
13250,teste
12260,teste
32355,teste
22664,teste
4167,teste
29704,teste
13399,teste
7345,teste
20092,teste
24848,teste
19281,teste
30515,teste
11828,teste
22308,teste
1621,teste
12417,teste
20040,teste
17582,teste
3709,teste
20741,teste
8059,teste
21731,teste
7281,teste
17876,teste
4300,teste
3322,teste
18499,teste
13777,teste
17526,teste
13640,teste
3510,teste
30211,teste
4937,teste
30063,teste
28570,teste
4155,teste
28882,teste
14810,teste
26031,teste
14472,teste
9536,teste
13417,teste
17301,teste
15828,teste
1981,teste
1433,teste
23268,teste
24896,teste
1772,teste
12450,teste
25974,teste
32034,teste
10763,teste
15782,teste
732,teste
710,teste
14757,teste
29483,teste
5496,teste
21135,teste
20145,teste
27591,teste
28850,teste
18777,teste
26083,teste
28079,teste
13843,teste
30090,teste
15382,teste
12255,teste
2328,teste
7820,teste
6311,teste
32009,teste
12960,teste
27678,teste
7477,teste
16890,teste
449,teste
30023,teste
30831,teste
6851,teste
4673,teste
6002,teste
26506,teste
23089,teste
16872,teste
26940,teste
11462,teste
30307,teste
17836,teste
3891,teste
16780,teste
31700,teste
10151,teste
15357,teste
20438,teste
20820,teste
24240,teste
32419,teste
31046,teste
18996,teste
11181,teste
15678,teste
11989,teste
28787,teste
17902,teste
31211,teste
32174,teste
1815,teste
18325,teste
1383,teste
18964,teste
23703,teste
12174,teste
17138,teste
6168,teste
26024,teste
18413,teste
24165,teste
14475,teste
8520,teste
9579,teste
12806,teste
6052,teste
923,teste
6714,teste
27614,teste
12916,teste
28063,teste
15798,teste
19272,teste
13617,teste
2812,teste
22839,teste
4649,teste
29982,teste
13665,teste
14639,teste
24764,teste
30258,teste
11048,teste
27048,teste
31576,teste
31557,teste
29295,teste
11209,teste
25197,teste
12730,teste
15849,teste
1787,teste
30443,teste
24231,teste
29802,teste
21503,teste
26384,teste
15532,teste
32196,teste
32180,teste
3835,teste
18483,teste
7629,teste
1370,teste
30801,teste
4585,teste
25413,teste
13098,teste
8991,teste
14320,teste
4636,teste
1847,teste
6638,teste
9691,teste
2312,teste
16045,teste
28821,teste
13955,teste
2854,teste
22630,teste
11113,teste
9966,teste
4869,teste
15696,teste
29762,teste
8378,teste
24644,teste
3191,teste
21801,teste
8975,teste
21216,teste
407,teste
17479,teste
30352,teste
10729,teste
22278,teste
12787,teste
5916,teste
29683,teste
793,teste
16994,teste
2493,teste
8217,teste
28735,teste
765,teste
23526,teste
32115,teste
22992,teste
25647,teste
13784,teste
25518,teste
25931,teste
17427,teste
10987,teste
19589,teste
8461,teste
14747,teste
27797,teste
10318,teste
12184,teste
30414,teste
10121,teste
20638,teste
12918,teste
13766,teste
17149,teste
2423,teste
14935,teste
8159,teste
22225,teste
13272,teste
29699,teste
9939,teste
13161,teste
20342,teste
8862,teste
3369,teste
7466,teste
18010,teste
26573,teste
10160,teste
30141,teste
29532,teste
32339,teste
2330,teste
13967,teste
11970,teste
31119,teste
6553,teste
28859,teste
4735,teste
27577,teste
28977,teste
20713,teste
18006,teste
13696,teste
22960,teste
26641,teste
10464,teste
15358,teste
2394,teste
10931,teste
26364,teste
20266,teste
29741,teste
12436,teste
21158,teste
17600,teste
23013,teste
30922,teste
1696,teste
14636,teste
29126,teste
13743,teste
17536,teste
21927,teste
6996,teste
23993,teste
7522,teste
5112,teste
20539,teste
476,teste
32491,teste
6765,teste
9649,teste
13904,teste
30473,teste
26650,teste
16216,teste
24595,teste
27184,teste
16688,teste
434,teste
25537,teste
8791,teste
7174,teste
30244,teste
21797,teste
4420,teste
22180,teste
20775,teste
15090,teste
12106,teste
29102,teste
415,teste
31452,teste
22214,teste
3309,teste
22243,teste
11541,teste
8610,teste
5544,teste
9273,teste
16307,teste
20282,teste
4905,teste
20963,teste
7041,teste
19079,teste
13327,teste
24155,teste
31214,teste
11331,teste
24657,teste
19152,teste
3701,teste
22193,teste
5857,teste
2032,teste
31564,teste
21423,teste
1531,teste
22725,teste
30073,teste
29400,teste
4748,teste
13451,teste
20402,teste
8297,teste
15440,teste
8974,teste
26144,teste
1113,teste
14633,teste
27539,teste
6522,teste
30095,teste
30782,teste
13141,teste
1245,teste
11084,teste
25930,teste
6187,teste
18162,teste
30309,teste
22110,teste
3366,teste
10264,teste
27501,teste
30189,teste
10558,teste
28454,teste
2588,teste
24385,teste
29226,teste
31460,teste
28128,teste
12221,teste
15885,teste
22340,teste
30469,teste
11963,teste
28829,teste
13175,teste
26140,teste
25998,teste
21220,teste
204,teste
25367,teste
27802,teste
2183,teste
27556,teste
18903,teste
17237,teste
17039,teste
4862,teste
622,teste
23860,teste
30416,teste
27766,teste
4264,teste
6304,teste
5530,teste
13738,teste
13077,teste
533,teste
8062,teste
14755,teste
16713,teste
17607,teste
6430,teste
30635,teste
23226,teste
5614,teste
13664,teste
18870,teste
31468,teste
29465,teste
7468,teste
15176,teste
20911,teste
4844,teste
31398,teste
23773,teste
28820,teste
10384,teste
8126,teste
24947,teste
22969,teste
1985,teste
13933,teste
16631,teste
26704,teste
235,teste
20379,teste
31978,teste
29805,teste
20681,teste
22250,teste
22653,teste
24878,teste
22658,teste
15730,teste
2023,teste
10070,teste
20081,teste
25307,teste
13994,teste
3236,teste
1549,teste
10359,teste
27069,teste
22290,teste
20656,teste
3269,teste
308,teste
5436,teste
15554,teste
16861,teste
9026,teste
1175,teste
24019,teste
32492,teste
28252,teste
15133,teste
22262,teste
22766,teste
17297,teste
27697,teste
30670,teste
9472,teste
12275,teste
887,teste
17657,teste
29917,teste
14899,teste
28483,teste
6626,teste
3634,teste
18814,teste
31105,teste
14852,teste
578,teste
12082,teste
13220,teste
6344,teste
22040,teste
2818,teste
7627,teste
26791,teste
5460,teste
3859,teste
20920,teste
3299,teste
6620,teste
13856,teste
17925,teste
1061,teste
29290,teste
26280,teste
728,teste
6981,teste
27708,teste
17719,teste
1960,teste
8631,teste
8262,teste
22854,teste
4387,teste
26998,teste
8749,teste
29706,teste
30959,teste
16512,teste
20452,teste
3027,teste
1547,teste
15955,teste
9123,teste
3831,teste
16495,teste
19936,teste
24895,teste
28927,teste
15025,teste
9822,teste
3032,teste
17632,teste
13275,teste
5518,teste
29266,teste
7258,teste
13497,teste
27356,teste
2376,teste
8305,teste
1154,teste
20914,teste
21073,teste
25566,teste
17199,teste
3774,teste
701,teste
7353,teste
23151,teste
25043,teste
22410,teste
11491,teste
29378,teste
17660,teste
23928,teste
13486,teste
28221,teste
26819,teste
14218,teste
24271,teste
27486,teste
11844,teste
14479,teste
10369,teste
9262,teste
18979,teste
5125,teste
28774,teste
1398,teste
15660,teste
30490,teste
8643,teste
1677,teste
30389,teste
24267,teste
6825,teste
24116,teste
9066,teste
27891,teste
1860,teste
3380,teste
9903,teste
21364,teste
360,teste
32182,teste
12058,teste
17488,teste
28089,teste
14568,teste
10186,teste
2117,teste
8754,teste
14076,teste
29199,teste
21463,teste
17668,teste
28667,teste
15605,teste
29002,teste
20028,teste
6576,teste
15717,teste
4745,teste
2684,teste
3398,teste
13471,teste
29292,teste
3479,teste
19584,teste
9630,teste
23198,teste
21321,teste
248,teste
24647,teste
8953,teste
27425,teste
6915,teste
22098,teste
18789,teste
3660,teste
5451,teste
27255,teste
19484,teste
24411,teste
4226,teste
21155,teste
7058,teste
25418,teste
12493,teste
5105,teste
1495,teste
22883,teste
20540,teste
23514,teste
31232,teste
11685,teste
28912,teste
9422,teste
2407,teste
3056,teste
14843,teste
30279,teste
11618,teste
6630,teste
5990,teste
9313,teste
13052,teste
19102,teste
27407,teste
20231,teste
7431,teste
3057,teste
13458,teste
14776,teste
5538,teste
1921,teste
20200,teste
30076,teste
31342,teste
15809,teste
29562,teste
6254,teste
2150,teste
7150,teste
7596,teste
5425,teste
14242,teste
13694,teste
27843,teste
3925,teste
30721,teste
26435,teste
16678,teste
14729,teste
24055,teste
13361,teste
10306,teste
28582,teste
21893,teste
29614,teste
28903,teste
27488,teste
21039,teste
12898,teste
1202,teste
10751,teste
19426,teste
12178,teste
31458,teste
14986,teste
22440,teste
28842,teste
8169,teste
14109,teste
17082,teste
2232,teste
3123,teste
22571,teste
6456,teste
30067,teste
7709,teste
812,teste
1177,teste
24489,teste
28464,teste
18434,teste
21261,teste
8523,teste
22608,teste
29326,teste
15541,teste
982,teste
11993,teste
4576,teste
14460,teste
28554,teste
1557,teste
21456,teste
2671,teste
26003,teste
17219,teste
29425,teste
31112,teste
4792,teste
10101,teste
656,teste
5302,teste
22033,teste
3296,teste
21127,teste
17938,teste
32171,teste
24892,teste
8538,teste
14488,teste
24276,teste
21811,teste
16733,teste
5117,teste
6486,teste
8441,teste
11040,teste
15682,teste
17407,teste
10711,teste
17934,teste
27386,teste
4730,teste
6346,teste
20398,teste
11496,teste
5583,teste
30920,teste
24876,teste
18475,teste
23384,teste
15778,teste
20206,teste
28302,teste
7445,teste
26602,teste
29536,teste
26142,teste
8384,teste
4443,teste
23698,teste
30083,teste
28796,teste
14554,teste
3028,teste
22265,teste
7102,teste
23158,teste
17535,teste
16536,teste
22819,teste
25341,teste
10344,teste
8764,teste
824,teste
6545,teste
8952,teste
21033,teste
19876,teste
22913,teste
18474,teste
10282,teste
28727,teste
746,teste
17841,teste
32321,teste
2447,teste
9195,teste
6389,teste
2475,teste
11364,teste
6766,teste
22274,teste
8129,teste
14032,teste
705,teste
4011,teste
4977,teste
19221,teste
18581,teste
3282,teste
13669,teste
19573,teste
25673,teste
11838,teste
1206,teste
6956,teste
10450,teste
23123,teste
17905,teste
23416,teste
5524,teste
32224,teste
6955,teste
29979,teste
450,teste
28725,teste
16415,teste
14487,teste
31748,teste
5618,teste
30038,teste
25399,teste
1793,teste
29062,teste
26279,teste
21424,teste
20508,teste
16635,teste
6056,teste
24020,teste
15733,teste
1799,teste
2955,teste
31128,teste
12532,teste
7669,teste
143,teste
23600,teste
27432,teste
703,teste
32068,teste
21894,teste
28293,teste
7018,teste
29850,teste
32579,teste
12500,teste
27214,teste
5195,teste
2673,teste
18551,teste
23087,teste
12599,teste
22116,teste
10925,teste
9633,teste
6208,teste
47,teste
25287,teste
1901,teste
5696,teste
9761,teste
31534,teste
29099,teste
19566,teste
27818,teste
10956,teste
26107,teste
31390,teste
2421,teste
29370,teste
6695,teste
12990,teste
31253,teste
15203,teste
18270,teste
2946,teste
20349,teste
3795,teste
25635,teste
2675,teste
22617,teste
12180,teste
24785,teste
31880,teste
9417,teste
13563,teste
15613,teste
18562,teste
31159,teste
22517,teste
12866,teste
15662,teste
22021,teste
7181,teste
480,teste
11065,teste
25748,teste
3095,teste
15496,teste
5202,teste
5963,teste
11572,teste
23452,teste
10577,teste
20751,teste
10439,teste
25176,teste
7229,teste
26854,teste
25222,teste
22974,teste
27781,teste
10364,teste
8276,teste
20149,teste
17360,teste
19341,teste
15411,teste
15872,teste
4021,teste
14917,teste
20083,teste
24613,teste
3244,teste
18572,teste
10485,teste
23326,teste
7401,teste
13195,teste
20996,teste
19351,teste
340,teste
31702,teste
1596,teste
27152,teste
23552,teste
15629,teste
14997,teste
1608,teste
997,teste
1709,teste
23544,teste
28747,teste
25350,teste
21606,teste
13039,teste
7019,teste
27677,teste
19122,teste
13937,teste
9304,teste
12026,teste
28086,teste
7034,teste
5787,teste
8534,teste
163,teste
4843,teste
23927,teste
14040,teste
10421,teste
3041,teste
14806,teste
8612,teste
14578,teste
30024,teste
7961,teste
31565,teste
13318,teste
8596,teste
12081,teste
6585,teste
8705,teste
15331,teste
5804,teste
11928,teste
23183,teste
23701,teste
12363,teste
22837,teste
11831,teste
18492,teste
26925,teste
628,teste
12207,teste
17380,teste
1063,teste
295,teste
25159,teste
24967,teste
23503,teste
4810,teste
25434,teste
17634,teste
2156,teste
13945,teste
11901,teste
6086,teste
20551,teste
23012,teste
8603,teste
1958,teste
2250,teste
28677,teste
27059,teste
22825,teste
27451,teste
32138,teste
30783,teste
21883,teste
19032,teste
13622,teste
6896,teste
2006,teste
3078,teste
24688,teste
10479,teste
27635,teste
24337,teste
4785,teste
24009,teste
31003,teste
23093,teste
3844,teste
13115,teste
4732,teste
21230,teste
22544,teste
12590,teste
20461,teste
11492,teste
26755,teste
15880,teste
29612,teste
12489,teste
3303,teste
8672,teste
8993,teste
26068,teste
13858,teste
1324,teste
19115,teste
9510,teste
28074,teste
22108,teste
6824,teste
3766,teste
26526,teste
29797,teste
30085,teste
24850,teste
22666,teste
5453,teste
30333,teste
1149,teste
14014,teste
1203,teste
21078,teste
3114,teste
15833,teste
24659,teste
15453,teste
24763,teste
7404,teste
8850,teste
24180,teste
16506,teste
6260,teste
6598,teste
24804,teste
4815,teste
6790,teste
2836,teste
11144,teste
8111,teste
7455,teste
17452,teste
20453,teste
24926,teste
6224,teste
23549,teste
9441,teste
2575,teste
2694,teste
20463,teste
13548,teste
16380,teste
12714,teste
20766,teste
23063,teste
31439,teste
28211,teste
13794,teste
19125,teste
17816,teste
20478,teste
19576,teste
1762,teste
15901,teste
3287,teste
30951,teste
32059,teste
23242,teste
25580,teste
11822,teste
8344,teste
22845,teste
21943,teste
5869,teste
28817,teste
15228,teste
22579,teste
16709,teste
10663,teste
19922,teste
28777,teste
6016,teste
27765,teste
268,teste
2736,teste
22104,teste
25445,teste
718,teste
20462,teste
13271,teste
23546,teste
32548,teste
30438,teste
12786,teste
9781,teste
14625,teste
15845,teste
13312,teste
24170,teste
9766,teste
31290,teste
28871,teste
32132,teste
29547,teste
3020,teste
11194,teste
13118,teste
5955,teste
24429,teste
30582,teste
26277,teste
11730,teste
28182,teste
30696,teste
19043,teste
31479,teste
19873,teste
9152,teste
14127,teste
20583,teste
9686,teste
25958,teste
14797,teste
16849,teste
13833,teste
7895,teste
22260,teste
22412,teste
5373,teste
5293,teste
31209,teste
10740,teste
764,teste
24397,teste
6823,teste
29489,teste
12955,teste
1088,teste
2083,teste
20226,teste
15617,teste
11232,teste
3263,teste
12589,teste
21006,teste
25862,teste
3620,teste
17466,teste
23328,teste
15166,teste
16645,teste
2591,teste
28318,teste
24856,teste
21813,teste
29993,teste
26497,teste
14601,teste
29911,teste
4884,teste
26549,teste
30323,teste
31661,teste
31055,teste
26080,teste
14124,teste
17537,teste
27653,teste
3673,teste
27716,teste
18360,teste
25972,teste
31403,teste
110,teste
13973,teste
25370,teste
4558,teste
19596,teste
9768,teste
22175,teste
7237,teste
32423,teste
2365,teste
14762,teste
19579,teste
14827,teste
6271,teste
10507,teste
18497,teste
2174,teste
14560,teste
5284,teste
31903,teste
7029,teste
7963,teste
6242,teste
9038,teste
28519,teste
27374,teste
9772,teste
14995,teste
13442,teste
23114,teste
32472,teste
13901,teste
17566,teste
27536,teste
16558,teste
16866,teste
18332,teste
770,teste
7328,teste
3576,teste
23248,teste
30646,teste
27546,teste
23568,teste
31598,teste
10236,teste
26769,teste
3196,teste
28917,teste
32475,teste
7918,teste
23312,teste
1695,teste
29508,teste
13490,teste
12771,teste
2209,teste
25648,teste
30936,teste
26054,teste
2540,teste
32559,teste
359,teste
10979,teste
20756,teste
7751,teste
15215,teste
8551,teste
4876,teste
29236,teste
16428,teste
19046,teste
16803,teste
25365,teste
23822,teste
4050,teste
16077,teste
31839,teste
4493,teste
9664,teste
31788,teste
8676,teste
16323,teste
22314,teste
16938,teste
7813,teste
10152,teste
3437,teste
27811,teste
31241,teste
27826,teste
31754,teste
844,teste
26766,teste
10598,teste
14006,teste
9027,teste
24789,teste
19357,teste
2803,teste
8278,teste
10666,teste
32406,teste
22877,teste
10957,teste
27504,teste
10022,teste
12959,teste
26078,teste
26042,teste
26496,teste
4416,teste
3959,teste
27856,teste
18865,teste
25085,teste
16473,teste
25444,teste
5539,teste
25359,teste
14768,teste
8199,teste
24225,teste
4005,teste
28055,teste
13001,teste
10626,teste
3228,teste
25660,teste
738,teste
17628,teste
9830,teste
1595,teste
12423,teste
26450,teste
30832,teste
1174,teste
31223,teste
25396,teste
28133,teste
16130,teste
2566,teste
20263,teste
22821,teste
1916,teste
16455,teste
4826,teste
2825,teste
29014,teste
2107,teste
30589,teste
20944,teste
4883,teste
12435,teste
2913,teste
5678,teste
1301,teste
12416,teste
12516,teste
27213,teste
24885,teste
19951,teste
28490,teste
24313,teste
14530,teste
5378,teste
14413,teste
17971,teste
17983,teste
20158,teste
24123,teste
7889,teste
14366,teste
9464,teste
23189,teste
9211,teste
22061,teste
8495,teste
30425,teste
7719,teste
9287,teste
19394,teste
1353,teste
23003,teste
28726,teste
3996,teste
9311,teste
15446,teste
31038,teste
15735,teste
17362,teste
25612,teste
32130,teste
19243,teste
29116,teste
10443,teste
31009,teste
7655,teste
23471,teste
4696,teste
24128,teste
27270,teste
7775,teste
8013,teste
9866,teste
3419,teste
11642,teste
17514,teste
31068,teste
21763,teste
28183,teste
17476,teste
24007,teste
524,teste
3271,teste
30971,teste
800,teste
3170,teste
14284,teste
6196,teste
1773,teste
12852,teste
21210,teste
19081,teste
8575,teste
22463,teste
5375,teste
29222,teste
11034,teste
1081,teste
32546,teste
29986,teste
6084,teste
23748,teste
21398,teste
31140,teste
26114,teste
16837,teste
18489,teste
19025,teste
23791,teste
27031,teste
10864,teste
9443,teste
8501,teste
2180,teste
505,teste
9089,teste
3414,teste
17745,teste
15469,teste
8627,teste
10842,teste
31224,teste
21853,teste
550,teste
30599,teste
29551,teste
27324,teste
4764,teste
7421,teste
17392,teste
23832,teste
19988,teste
21163,teste
29375,teste
7173,teste
18747,teste
23468,teste
22595,teste
3832,teste
15559,teste
354,teste
21750,teste
12264,teste
17374,teste
3119,teste
13799,teste
17320,teste
4331,teste
1785,teste
8054,teste
24502,teste
20908,teste
18453,teste
22341,teste
8726,teste
9039,teste
14219,teste
30388,teste
19305,teste
18799,teste
23304,teste
23780,teste
32571,teste
9568,teste
6877,teste
5421,teste
211,teste
15641,teste
20952,teste
20358,teste
22299,teste
5091,teste
638,teste
7881,teste
28763,teste
7735,teste
31774,teste
21892,teste
25564,teste
13946,teste
29575,teste
31655,teste
28602,teste
19822,teste
23836,teste
28900,teste
29336,teste
18882,teste
21097,teste
31085,teste
23625,teste
31929,teste
13296,teste
18559,teste
23925,teste
18370,teste
24213,teste
19713,teste
4013,teste
14336,teste
25551,teste
14569,teste
19594,teste
32131,teste
8060,teste
17288,teste
28597,teste
24625,teste
10592,teste
23466,teste
15114,teste
30147,teste
29693,teste
21112,teste
6446,teste
13613,teste
15871,teste
21235,teste
21754,teste
10092,teste
3857,teste
11169,teste
1941,teste
13489,teste
21372,teste
2680,teste
4478,teste
28397,teste
22985,teste
27151,teste
8790,teste
162,teste
10362,teste
11474,teste
19238,teste
13712,teste
16841,teste
16124,teste
11447,teste
12760,teste
27197,teste
13,teste
1399,teste
7985,teste
18893,teste
18397,teste
31797,teste
7227,teste
28692,teste
14670,teste
27554,teste
5754,teste
7832,teste
31233,teste
14255,teste
29234,teste
29577,teste
25091,teste
356,teste
23501,teste
26404,teste
30270,teste
2057,teste
19228,teste
10204,teste
30277,teste
12475,teste
19668,teste
23455,teste
5918,teste
20343,teste
17568,teste
23887,teste
10607,teste
17737,teste
2471,teste
1347,teste
3529,teste
11406,teste
1612,teste
21673,teste
10187,teste
12994,teste
32233,teste
13918,teste
12084,teste
18123,teste
13225,teste
29540,teste
4607,teste
20825,teste
3449,teste
44,teste
3642,teste
21562,teste
9606,teste
14146,teste
11845,teste
8258,teste
8176,teste
26443,teste
16569,teste
4376,teste
27808,teste
8403,teste
12323,teste
30661,teste
17210,teste
24739,teste
12704,teste
5367,teste
17262,teste
10999,teste
10668,teste
32289,teste
28435,teste
23016,teste
1446,teste
27126,teste
32124,teste
11016,teste
18447,teste
24887,teste
25935,teste
20719,teste
31412,teste
27168,teste
13839,teste
16502,teste
20641,teste
17273,teste
1963,teste
15264,teste
30712,teste
12646,teste
7036,teste
513,teste
9371,teste
19578,teste
2685,teste
26401,teste
6039,teste
15966,teste
17274,teste
24561,teste
14478,teste
20725,teste
25479,teste
11702,teste
1277,teste
6654,teste
25049,teste
19337,teste
24719,teste
1093,teste
2522,teste
11360,teste
4395,teste
18160,teste
30205,teste
15973,teste
16910,teste
13222,teste
31607,teste
7641,teste
15623,teste
24484,teste
2037,teste
18973,teste
21506,teste
4240,teste
7537,teste
28248,teste
6606,teste
10903,teste
7810,teste
15716,teste
19960,teste
9042,teste
7409,teste
26091,teste
31515,teste
23483,teste
30401,teste
25447,teste
21628,teste
7296,teste
19210,teste
7856,teste
14410,teste
3412,teste
26752,teste
28338,teste
11464,teste
32311,teste
24880,teste
12556,teste
27340,teste
2838,teste
27241,teste
28886,teste
18224,teste
10962,teste
5624,teste
18520,teste
14958,teste
12007,teste
8882,teste
8559,teste
24811,teste
21439,teste
7691,teste
30994,teste
29219,teste
25328,teste
12749,teste
13965,teste
18194,teste
19109,teste
24619,teste
11267,teste
695,teste
484,teste
4352,teste
5418,teste
31008,teste
5423,teste
6605,teste
18174,teste
30457,teste
3667,teste
32490,teste
16613,teste
32141,teste
22199,teste
5147,teste
22586,teste
4509,teste
8422,teste
21435,teste
8585,teste
13648,teste
26674,teste
26055,teste
8530,teste
9500,teste
3755,teste
26359,teste
22169,teste
3985,teste
15300,teste
30308,teste
25834,teste
24797,teste
5549,teste
25877,teste
11116,teste
21386,teste
4411,teste
19655,teste
4064,teste
28204,teste
23104,teste
18496,teste
4886,teste
21511,teste
2722,teste
23323,teste
14758,teste
7437,teste
509,teste
11924,teste
17347,teste
26767,teste
5162,teste
20410,teste
12251,teste
6477,teste
32237,teste
9828,teste
10943,teste
561,teste
619,teste
14656,teste
7001,teste
3726,teste
21369,teste
14918,teste
6631,teste
3868,teste
17996,teste
16712,teste
19628,teste
3873,teste
29386,teste
1075,teste
15688,teste
31335,teste
4946,teste
26225,teste
18970,teste
21148,teste
655,teste
16308,teste
27675,teste
8947,teste
28969,teste
32244,teste
13716,teste
26544,teste
18526,teste
28650,teste
21867,teste
24794,teste
20717,teste
24234,teste
7567,teste
23801,teste
11923,teste
408,teste
8458,teste
72,teste
6621,teste
24016,teste
3211,teste
13505,teste
28051,teste
9255,teste
3583,teste
10305,teste
22793,teste
23820,teste
30956,teste
3780,teste
26627,teste
6239,teste
3671,teste
8447,teste
5681,teste
11202,teste
4390,teste
15787,teste
5865,teste
25081,teste
23395,teste
9309,teste
28898,teste
4133,teste
22786,teste
21365,teste
5835,teste
1603,teste
13877,teste
12286,teste
13406,teste
500,teste
21657,teste
17106,teste
1375,teste
31108,teste
17520,teste
3744,teste
8846,teste
13570,teste
27889,teste
5270,teste
21187,teste
20125,teste
2235,teste
9326,teste
6012,teste
30990,teste
9377,teste
569,teste
17001,teste
17779,teste
29822,teste
19603,teste
21109,teste
13106,teste
19171,teste
16808,teste
14050,teste
13342,teste
14378,teste
18366,teste
14631,teste
20959,teste
2901,teste
24920,teste
22218,teste
24677,teste
1866,teste
11655,teste
27738,teste
108,teste
26224,teste
5431,teste
26948,teste
26772,teste
15515,teste
24828,teste
18794,teste
4621,teste
31807,teste
17786,teste
26781,teste
13608,teste
30785,teste
31971,teste
21059,teste
25131,teste
21564,teste
20749,teste
26967,teste
15505,teste
30380,teste
10822,teste
25722,teste
27873,teste
263,teste
11146,teste
14291,teste
9496,teste
19036,teste
19741,teste
6256,teste
16316,teste
11577,teste
23760,teste
5823,teste
14681,teste
6306,teste
15451,teste
18859,teste
12344,teste
26102,teste
28230,teste
20308,teste
5197,teste
16523,teste
18604,teste
27068,teste
25561,teste
4831,teste
4249,teste
25576,teste
30664,teste
12010,teste
12319,teste
19348,teste
8069,teste
28373,teste
10683,teste
17597,teste
28979,teste
8988,teste
12077,teste
19663,teste
3957,teste
31627,teste
7713,teste
8498,teste
24522,teste
2752,teste
25158,teste
5122,teste
8007,teste
12146,teste
6218,teste
19453,teste
19117,teste
30779,teste
22393,teste
12197,teste
16218,teste
26672,teste
22857,teste
13556,teste
22127,teste
9071,teste
21260,teste
10032,teste
30259,teste
25466,teste
1367,teste
9534,teste
15202,teste
42,teste
17957,teste
18071,teste
2890,teste
27759,teste
31438,teste
29542,teste
2241,teste
32512,teste
3733,teste
29522,teste
24752,teste
31916,teste
13722,teste
9199,teste
4699,teste
5177,teste
23900,teste
17806,teste
14492,teste
3329,teste
10715,teste
27087,teste
27513,teste
4797,teste
30912,teste
10780,teste
26682,teste
24450,teste
12341,teste
16809,teste
1241,teste
27357,teste
17825,teste
17627,teste
15035,teste
25633,teste
25255,teste
22202,teste
18533,teste
5620,teste
6419,teste
25975,teste
20633,teste
19874,teste
19944,teste
29155,teste
16999,teste
8047,teste
24446,teste
25057,teste
14590,teste
1964,teste
30355,teste
1412,teste
20707,teste
8887,teste
18610,teste
12884,teste
16067,teste
14088,teste
24865,teste
6787,teste
10077,teste
7250,teste
3911,teste
21547,teste
32326,teste
23697,teste
4109,teste
20262,teste
16887,teste
6952,teste
21602,teste
7673,teste
17697,teste
23474,teste
23122,teste
15915,teste
29241,teste
7167,teste
14977,teste
30914,teste
1788,teste
11748,teste
21915,teste
19838,teste
23998,teste
17222,teste
739,teste
27998,teste
6911,teste
13626,teste
18624,teste
14182,teste
27041,teste
20802,teste
22229,teste
24803,teste
8620,teste
25020,teste
9711,teste
3387,teste
18871,teste
24835,teste
13113,teste
12320,teste
8224,teste
5489,teste
27301,teste
21380,teste
3608,teste
17838,teste
16886,teste
16879,teste
16358,teste
32012,teste
2367,teste
17960,teste
7400,teste
4783,teste
12812,teste
21629,teste
20095,teste
10418,teste
2873,teste
20979,teste
13461,teste
5097,teste
3008,teste
4985,teste
393,teste
25003,teste
7000,teste
25766,teste
9363,teste
15144,teste
19575,teste
10402,teste
22928,teste
29388,teste
17882,teste
31183,teste
9869,teste
18246,teste
28312,teste
20041,teste
18655,teste
32241,teste
924,teste
23023,teste
20267,teste
13920,teste
66,teste
11245,teste
2287,teste
28799,teste
29990,teste
11158,teste
21822,teste
17063,teste
1731,teste
25293,teste
20844,teste
16764,teste
6855,teste
26542,teste
3800,teste
17766,teste
19869,teste
31101,teste
29718,teste
27156,teste
28358,teste
9831,teste
6263,teste
2195,teste
25750,teste
1308,teste
22631,teste
1945,teste
25600,teste
4124,teste
5357,teste
31404,teste
5472,teste
2274,teste
20464,teste
9092,teste
13071,teste
4796,teste
19864,teste
5297,teste
27044,teste
11638,teste
6273,teste
20710,teste
21575,teste
23094,teste
11983,teste
21732,teste
9283,teste
4731,teste
2659,teste
9410,teste
21088,teste
31683,teste
6559,teste
24260,teste
26108,teste
9108,teste
30732,teste
6573,teste
16704,teste
5822,teste
11128,teste
2875,teste
696,teste
21991,teste
3308,teste
15826,teste
21201,teste
3389,teste
13934,teste
12783,teste
15376,teste
12274,teste
15024,teste
21228,teste
17141,teste
9427,teste
13171,teste
14310,teste
22464,teste
26487,teste
20309,teste
7873,teste
30799,teste
13567,teste
16026,teste
13587,teste
103,teste
23608,teste
13014,teste
11039,teste
10163,teste
2908,teste
9567,teste
327,teste
14807,teste
16245,teste
25005,teste
17533,teste
29555,teste
12511,teste
22249,teste
29590,teste
21069,teste
7265,teste
21757,teste
11387,teste
30496,teste
12819,teste
2336,teste
17977,teste
27314,teste
24935,teste
29956,teste
28000,teste
30691,teste
11163,teste
27261,teste
14497,teste
20603,teste
3289,teste
5488,teste
18161,teste
11301,teste
7301,teste
18335,teste
16634,teste
19410,teste
30335,teste
22665,teste
19996,teste
9162,teste
18993,teste
13277,teste
6516,teste
32411,teste
30306,teste
10108,teste
18548,teste
29153,teste
18316,teste
24071,teste
18217,teste
7846,teste
26046,teste
32188,teste
21400,teste
29669,teste
2834,teste
5791,teste
24867,teste
13860,teste
4806,teste
24826,teste
10699,teste
26707,teste
7732,teste
6642,teste
4538,teste
15111,teste
378,teste
16393,teste
26321,teste
13884,teste
7277,teste
27695,teste
7273,teste
12522,teste
9623,teste
12774,teste
4125,teste
12951,teste
23049,teste
16816,teste
15923,teste
30468,teste
24107,teste
25832,teste
31980,teste
31442,teste
27286,teste
28442,teste
19139,teste
28515,teste
1026,teste
5997,teste
5032,teste
29049,teste
1568,teste
8018,teste
10258,teste
8994,teste
14023,teste
4402,teste
21587,teste
27890,teste
24726,teste
25926,teste
5639,teste
13252,teste
16199,teste
4366,teste
18538,teste
31528,teste
8319,teste
32578,teste
13270,teste
5490,teste
31977,teste
21955,teste
26169,teste
2880,teste
14992,teste
1520,teste
28409,teste
22623,teste
30892,teste
24855,teste
2935,teste
26162,teste
24382,teste
7955,teste
298,teste
6887,teste
23352,teste
27607,teste
11715,teste
31994,teste
6499,teste
23137,teste
7624,teste
31969,teste
17433,teste
6889,teste
32487,teste
24127,teste
17868,teste
19226,teste
25244,teste
22077,teste
4971,teste
2804,teste
78,teste
15135,teste
20537,teste
18138,teste
27279,teste
8360,teste
14117,teste
1806,teste
12062,teste
6546,teste
10499,teste
23657,teste
23787,teste
2089,teste
14426,teste
21795,teste
22605,teste
18854,teste
13210,teste
6448,teste
7436,teste
11432,teste
18253,teste
31882,teste
17908,teste
27397,teste
1811,teste
16730,teste
1321,teste
32455,teste
3392,teste
25238,teste
11042,teste
20548,teste
242,teste
11802,teste
6666,teste
19166,teste
10797,teste
29045,teste
7830,teste
20249,teste
24023,teste
2674,teste
22351,teste
18379,teste
31192,teste
15485,teste
30561,teste
30001,teste
23902,teste
5893,teste
30098,teste
7189,teste
12820,teste
15313,teste
24483,teste
20080,teste
17509,teste
5109,teste
9928,teste
11323,teste
516,teste
5429,teste
1628,teste
15280,teste
20809,teste
28245,teste
863,teste
8088,teste
31623,teste
26562,teste
8533,teste
22648,teste
31021,teste
29190,teste
27633,teste
14131,teste
25265,teste
208,teste
2028,teste
18425,teste
6141,teste
25181,teste
30366,teste
21942,teste
16442,teste
22791,teste
11929,teste
13756,teste
16327,teste
1655,teste
10660,teste
15375,teste
30684,teste
21053,teste
22720,teste
19286,teste
6827,teste
6121,teste
20784,teste
30044,teste
29314,teste
20018,teste
10419,teste
3973,teste
5882,teste
10653,teste
7417,teste
4695,teste
18578,teste
31881,teste
18418,teste
23111,teste
1054,teste
15756,teste
16605,teste
10445,teste
25739,teste
13310,teste
18768,teste
1413,teste
30870,teste
15349,teste
19279,teste
18049,teste
855,teste
15314,teste
29207,teste
21756,teste
352,teste
11018,teste
24678,teste
322,teste
27821,teste
19499,teste
179,teste
14420,teste
19848,teste
24798,teste
27779,teste
27080,teste
26513,teste
23190,teste
18707,teste
15159,teste
32542,teste
4221,teste
26276,teste
24822,teste
29629,teste
32371,teste
21899,teste
18656,teste
21569,teste
2823,teste
13063,teste
4320,teste
14221,teste
5377,teste
28422,teste
21466,teste
11299,teste
29315,teste
28800,teste
20685,teste
2073,teste
22731,teste
28274,teste
8589,teste
28907,teste
22222,teste
24925,teste
29763,teste
24997,teste
1730,teste
10808,teste
23303,teste
7849,teste
8246,teste
7645,teste
23682,teste
7390,teste
31771,teste
25274,teste
26742,teste
6567,teste
12989,teste
19307,teste
16767,teste
21655,teste
17176,teste
166,teste
21488,teste
30962,teste
21038,teste
30660,teste
28932,teste
119,teste
28326,teste
27139,teste
7162,teste
31651,teste
25938,teste
19250,teste
19911,teste
19719,teste
18309,teste
8407,teste
13932,teste
4014,teste
6453,teste
29621,teste
23184,teste
18011,teste
14207,teste
4173,teste
13831,teste
31020,teste
7161,teste
172,teste
18654,teste
1617,teste
32555,teste
32208,teste
11737,teste
13782,teste
18016,teste
20238,teste
9998,teste
5693,teste
27679,teste
11588,teste
8365,teste
25416,teste
32549,teste
31804,teste
3448,teste
6418,teste
6458,teste
3877,teste
22835,teste
10673,teste
32563,teste
7138,teste
1966,teste
20065,teste
14600,teste
30511,teste
32439,teste
25019,teste
14393,teste
3190,teste
20156,teste
29097,teste
4296,teste
17691,teste
2742,teste
9316,teste
25487,teste
10726,teste
14405,teste
17826,teste
7753,teste
11910,teste
281,teste
3145,teste
26122,teste
15993,teste
452,teste
1371,teste
13164,teste
21493,teste
10981,teste
25214,teste
28266,teste
28922,teste
25457,teste
15345,teste
13072,teste
17705,teste
6988,teste
4651,teste
15813,teste
18219,teste
9361,teste
4253,teste
998,teste
320,teste
12413,teste
20017,teste
6772,teste
30196,teste
25669,teste
5427,teste
12828,teste
201,teste
21015,teste
24729,teste
16158,teste
27547,teste
15434,teste
10921,teste
14264,teste
20932,teste
1044,teste
11028,teste
11815,teste
28261,teste
17095,teste
13023,teste
29020,teste
28072,teste
5053,teste
13047,teste
25281,teste
27869,teste
1162,teste
7683,teste
19312,teste
6805,teste
15758,teste
11435,teste
31416,teste
28323,teste
28087,teste
7840,teste
31572,teste
12789,teste
1235,teste
18842,teste
25843,teste
18866,teste
18082,teste
13509,teste
28391,teste
12340,teste
28033,teste
23296,teste
25583,teste
15991,teste
26696,teste
31066,teste
19277,teste
30788,teste
5795,teste
19026,teste
31738,teste
128,teste
4987,teste
14990,teste
19558,teste
23329,teste
27598,teste
2666,teste
29813,teste
23922,teste
4583,teste
18477,teste
1929,teste
8984,teste
12593,teste
29291,teste
30359,teste
28505,teste
19798,teste
28497,teste
417,teste
19091,teste
2986,teste
16450,teste
10639,teste
12242,teste
13748,teste
29519,teste
19175,teste
232,teste
14364,teste
20324,teste
11721,teste
1262,teste
26872,teste
26734,teste
5473,teste
8971,teste
7171,teste
26744,teste
26732,teste
6568,teste
32271,teste
4966,teste
991,teste
27030,teste
24602,teste
9977,teste
18609,teste
10074,teste
29310,teste
21714,teste
26749,teste
719,teste
8166,teste
22288,teste
22275,teste
23447,teste
28181,teste
11805,teste
25141,teste
6470,teste
4398,teste
31255,teste
22751,teste
13976,teste
8432,teste
4187,teste
15116,teste
27703,teste
24631,teste
1969,teste
2061,teste
27313,teste
11054,teste
20419,teste
1875,teste
20369,teste
29783,teste
17078,teste
10299,teste
5679,teste
28502,teste
20101,teste
8232,teste
24331,teste
9224,teste
13699,teste
6684,teste
18983,teste
10365,teste
29579,teste
25390,teste
9295,teste
14086,teste
10818,teste
21554,teste
20579,teste
32070,teste
18743,teste
9444,teste
21510,teste
9141,teste
3811,teste
5493,teste
26119,teste
8151,teste
23564,teste
14351,teste
13253,teste
1184,teste
31341,teste
12920,teste
31078,teste
17202,teste
29603,teste
7943,teste
28263,teste
13257,teste
13739,teste
18373,teste
10852,teste
17861,teste
27195,teste
31482,teste
13977,teste
28345,teste
22067,teste
7767,teste
6951,teste
4514,teste
23913,teste
26584,teste
15470,teste
10425,teste
14074,teste
25137,teste
22151,teste
15818,teste
14545,teste
18289,teste
3527,teste
30442,teste
18885,teste
18159,teste
19224,teste
7441,teste
9619,teste
29163,teste
26326,teste
31287,teste
14156,teste
25100,teste
10375,teste
27863,teste
1494,teste
22980,teste
865,teste
26047,teste
8731,teste
3133,teste
21705,teste
20363,teste
9696,teste
20497,teste
13598,teste
31435,teste
32116,teste
5196,teste
28708,teste
23766,teste
23148,teste
19386,teste
10211,teste
27530,teste
12021,teste
2133,teste
22933,teste
5114,teste
30874,teste
19155,teste
4353,teste
9931,teste
28928,teste
21678,teste
9571,teste
32140,teste
16660,teste
29069,teste
7816,teste
16069,teste
28601,teste
20004,teste
3511,teste
3690,teste
31039,teste
1818,teste
4108,teste
5433,teste
7682,teste
22761,teste
9227,teste
7921,teste
28399,teste
3160,teste
24196,teste
1116,teste
14604,teste
16655,teste
18627,teste
26643,teste
20953,teste
8652,teste
11761,teste
7032,teste
1133,teste
26575,teste
5225,teste
17984,teste
23294,teste
31681,teste
20592,teste
27584,teste
9547,teste
9314,teste
15308,teste
25035,teste
18115,teste
19492,teste
7415,teste
20213,teste
14474,teste
15896,teste
4634,teste
30291,teste
15421,teste
22862,teste
19969,teste
25314,teste
5348,teste
8591,teste
26071,teste
3499,teste
10671,teste
22320,teste
2469,teste
16762,teste
10865,teste
8663,teste
14463,teste
9218,teste
20607,teste
27916,teste
5144,teste
29607,teste
2319,teste
9049,teste
12850,teste
26023,teste
2911,teste
19288,teste
23794,teste
7548,teste
4643,teste
5652,teste
31450,teste
20940,teste
23737,teste
16489,teste
31847,teste
1912,teste
20591,teste
24381,teste
8056,teste
25874,teste
31305,teste
27247,teste
2314,teste
30091,teste
21903,teste
397,teste
17625,teste
24521,teste
5920,teste
20850,teste
24860,teste
13893,teste
10600,teste
7048,teste
2677,teste
26166,teste
6588,teste
3453,teste
458,teste
5036,teste
29981,teste
28733,teste
31465,teste
6729,teste
13680,teste
30165,teste
5827,teste
29849,teste
17418,teste
27542,teste
25890,teste
7794,teste
26727,teste
3908,teste
28453,teste
22403,teste
22261,teste
15083,teste
13978,teste
12811,teste
28380,teste
600,teste
2847,teste
10047,teste
17293,teste
19253,teste
30730,teste
16243,teste
14941,teste
9871,teste
23818,teste
13909,teste
19957,teste
5613,teste
27532,teste
30986,teste
21395,teste
4780,teste
26637,teste
5941,teste
23644,teste
230,teste
11306,teste
3773,teste
15000,teste
6070,teste
9543,teste
6044,teste
9673,teste
1996,teste
18282,teste
21725,teste
14437,teste
18476,teste
23982,teste
17525,teste
15354,teste
21612,teste
9414,teste
13720,teste
713,teste
7929,teste
8490,teste
28112,teste
4393,teste
30467,teste
12513,teste
8821,teste
13992,teste
23341,teste
9719,teste
22489,teste
25970,teste
1515,teste
16014,teste
17495,teste
16336,teste
1809,teste
26615,teste
5016,teste
7241,teste
28576,teste
22559,teste
1102,teste
17990,teste
31271,teste
18834,teste
11035,teste
13487,teste
22852,teste
23001,teste
2831,teste
2018,teste
7533,teste
27034,teste
19631,teste
52,teste
28296,teste
10871,teste
8615,teste
7986,teste
18563,teste
30925,teste
1299,teste
6731,teste
4943,teste
22620,teste
25226,teste
9618,teste
30374,teste
435,teste
21162,teste
24102,teste
339,teste
18003,teste
5413,teste
5311,teste
456,teste
28631,teste
11964,teste
28819,teste
16682,teste
180,teste
2939,teste
27820,teste
25793,teste
29147,teste
13140,teste
28250,teste
6698,teste
9806,teste
19181,teste
26581,teste
20322,teste
17214,teste
30873,teste
21513,teste
7892,teste
27725,teste
11946,teste
10404,teste
2686,teste
16152,teste
16757,teste
7932,teste
3004,teste
1376,teste
27458,teste
26022,teste
6413,teste
25897,teste
3383,teste
11731,teste
10963,teste
25663,teste
15408,teste
8700,teste
20907,teste
667,teste
24603,teste
11489,teste
14727,teste
29122,teste
5942,teste
18435,teste
28025,teste
31778,teste
4617,teste
6440,teste
7005,teste
2498,teste
28659,teste
6639,teste
14617,teste
13008,teste
24333,teste
5499,teste
17907,teste
27070,teste
23849,teste
6188,teste
343,teste
3728,teste
1153,teste
5435,teste
24802,teste
10181,teste
25927,teste
7215,teste
31551,teste
32122,teste
5010,teste
12304,teste
9492,teste
6818,teste
12016,teste
10649,teste
13143,teste
6014,teste
13183,teste
3897,teste
29702,teste
1119,teste
25919,teste
19162,teste
31202,teste
1374,teste
16471,teste
2419,teste
5310,teste
16298,teste
25207,teste
30876,teste
26441,teste
11213,teste
11279,teste
26860,teste
1512,teste
5193,teste
25060,teste
17698,teste
20268,teste
19630,teste
31826,teste
15666,teste
3153,teste
16518,teste
16881,teste
4115,teste
20677,teste
6977,teste
25546,teste
7375,teste
15169,teste
26570,teste
12085,teste
12038,teste
20555,teste
20691,teste
18637,teste
20937,teste
24941,teste
12143,teste
10222,teste
20008,teste
14695,teste
17752,teste
19027,teste
4729,teste
1561,teste
3278,teste
6098,teste
17010,teste
26367,teste
27352,teste
11734,teste
13811,teste
12239,teste
20298,teste
13775,teste
12549,teste
18177,teste
2541,teste
25129,teste
11473,teste
11544,teste
30617,teste
26216,teste
4247,teste
28493,teste
13822,teste
25794,teste
8433,teste
21288,teste
3180,teste
6535,teste
2802,teste
14256,teste
20698,teste
4099,teste
29690,teste
2302,teste
24907,teste
22876,teste
828,teste
11340,teste
15492,teste
26535,teste
31323,teste
31543,teste
17296,teste
15503,teste
3933,teste
16752,teste
2904,teste
16398,teste
16623,teste
18344,teste
7168,teste
27715,teste
26669,teste
15615,teste
3072,teste
5758,teste
29233,teste
7604,teste
25744,teste
29172,teste
19572,teste
31961,teste
32211,teste
10494,teste
21783,teste
19983,teste
1402,teste
804,teste
20108,teste
20431,teste
15549,teste
13953,teste
3356,teste
19860,teste
10942,teste
10205,teste
21921,teste
6201,teste
20848,teste
21061,teste
9999,teste
12041,teste
382,teste
1607,teste
5854,teste
19897,teste
25011,teste
31889,teste
18985,teste
10584,teste
26890,teste
19207,teste
20678,teste
5242,teste
23265,teste
21025,teste
31986,teste
32126,teste
6589,teste
10400,teste
3288,teste
17949,teste
14847,teste
21533,teste
12981,teste
26500,teste
25398,teste
26303,teste
32422,teste
3018,teste
23335,teste
16668,teste
26795,teste
24530,teste
27823,teste
21782,teste
7462,teste
8001,teste
20122,teste
18081,teste
24971,teste
17643,teste
27311,teste
13485,teste
9799,teste
7513,teste
15143,teste
3064,teste
14386,teste
21950,teste
22095,teste
5673,teste
29767,teste
3051,teste
29889,teste
10894,teste
11997,teste
8682,teste
29256,teste
2127,teste
14835,teste
15355,teste
2552,teste
28877,teste
18894,teste
16334,teste
8811,teste
22920,teste
14728,teste
886,teste
18274,teste
5793,teste
21491,teste
32060,teste
11543,teste
6051,teste
17465,teste
24531,teste
116,teste
6129,teste
32449,teste
451,teste
1729,teste
29890,teste
27580,teste
21214,teste
5786,teste
29595,teste
30031,teste
5446,teste
26738,teste
8566,teste
29593,teste
30174,teste
5085,teste
15677,teste
21027,teste
28536,teste
23994,teste
12225,teste
5968,teste
4629,teste
19414,teste
13853,teste
10285,teste
12656,teste
19732,teste
15927,teste
2286,teste
8540,teste
28137,teste
25659,teste
29722,teste
15557,teste
12538,teste
13792,teste
15862,teste
6317,teste
9754,teste
15978,teste
19607,teste
8454,teste
14377,teste
3469,teste
3377,teste
23948,teste
23728,teste
28778,teste
13217,teste
29258,teste
8923,teste
14566,teste
25094,teste
24048,teste
19103,teste
22307,teste
884,teste
25216,teste
353,teste
20091,teste
21444,teste
4042,teste
27829,teste
20902,teste
29760,teste
971,teste
683,teste
22470,teste
26671,teste
19120,teste
28544,teste
8962,teste
9970,teste
11438,teste
10755,teste
29774,teste
6957,teste
15847,teste
5781,teste
29403,teste
18139,teste
7420,teste
21193,teste
26307,teste
16685,teste
25309,teste
28132,teste
10179,teste
21306,teste
24554,teste
4212,teste
11918,teste
23677,teste
20084,teste
8654,teste
8509,teste
18910,teste
26121,teste
19542,teste
6848,teste
9200,teste
20721,teste
27935,teste
26692,teste
5046,teste
21362,teste
32263,teste
26723,teste
22330,teste
30899,teste
16496,teste
23688,teste
22616,teste
19867,teste
2663,teste
23716,teste
13770,teste
30137,teste
23344,teste
6147,teste
8355,teste
27091,teste
25508,teste
21048,teste
18259,teste
15245,teste
1201,teste
24025,teste
14477,teste
6529,teste
6890,teste
28322,teste
4112,teste
7962,teste
22051,teste
16564,teste
25950,teste
30229,teste
10950,teste
26630,teste
30299,teste
8429,teste
20196,teste
3723,teste
24042,teste
24917,teste
26050,teste
13348,teste
25426,teste
31268,teste
14651,teste
13890,teste
27569,teste
11876,teste
14514,teste
23602,teste
3949,teste
29238,teste
29529,teste
20883,teste
5113,teste
9807,teste
4759,teste
2781,teste
3209,teste
22115,teste
25285,teste
6976,teste
16611,teste
8692,teste
22662,teste
334,teste
25689,teste
10927,teste
26676,teste
8223,teste
23155,teste
9340,teste
32552,teste
10986,teste
14880,teste
17777,teste
7749,teste
4829,teste
25139,teste
22511,teste
7480,teste
1428,teste
12583,teste
20783,teste
3524,teste
18757,teste
19739,teste
8395,teste
10114,teste
29259,teste
2599,teste
10923,teste
13147,teste
25481,teste
30369,teste
4251,teste
22671,teste
16683,teste
978,teste
11903,teste
16876,teste
32212,teste
29059,teste
21133,teste
24973,teste
22408,teste
18649,teste
11609,teste
13499,teste
31156,teste
25106,teste
6839,teste
6863,teste
1328,teste
3210,teste
6484,teste
27558,teste
29064,teste
2739,teste
15656,teste
18673,teste
16548,teste
7771,teste
26072,teste
18648,teste
31599,teste
17311,teste
1443,teste
14900,teste
29557,teste
8390,teste
31656,teste
19894,teste
25769,teste
1066,teste
5424,teste
5522,teste
28484,teste
9892,teste
26576,teste
29317,teste
30036,teste
27520,teste
9491,teste
11585,teste
7949,teste
4604,teste
12463,teste
11859,teste
22912,teste
6910,teste
12100,teste
6017,teste
30280,teste
14335,teste
11308,teste
4455,teste
25621,teste
6088,teste
24359,teste
18691,teste
6628,teste
29960,teste
11962,teste
4867,teste
16719,teste
30880,teste
16989,teste
11756,teste
51,teste
29130,teste
16585,teste
9009,teste
20350,teste
9344,teste
21441,teste
9362,teste
17981,teste
19700,teste
4189,teste
189,teste
11662,teste
19785,teste
30995,teste
18190,teste
16981,teste
24735,teste
31763,teste
29618,teste
19676,teste
1250,teste
4959,teste
13911,teste
15211,teste
19925,teste
17551,teste
13975,teste
13818,teste
7791,teste
11121,teste
31500,teste
13474,teste
31727,teste
7875,teste
24369,teste
18412,teste
9030,teste
7333,teste
15316,teste
26258,teste
8235,teste
10061,teste
18406,teste
15588,teste
3719,teste
15820,teste
25849,teste
22713,teste
30161,teste
25430,teste
26231,teste
11502,teste
7558,teste
1656,teste
8657,teste
23002,teste
16086,teste
6424,teste
17062,teste
18345,teste
14261,teste
30138,teste
27533,teste
26551,teste
1078,teste
5659,teste
13961,teste
15015,teste
1970,teste
26901,teste
8800,teste
3581,teste
18172,teste
12924,teste
21819,teste
26202,teste
22721,teste
5364,teste
16146,teste
15889,teste
5463,teste
17776,teste
31220,teste
28187,teste
3036,teste
31413,teste
23576,teste
14641,teste
13969,teste
26702,teste
31668,teste
30021,teste
24597,teste
30895,teste
9988,teste
5207,teste
20234,teste
31048,teste
26963,teste
24900,teste
26136,teste
15081,teste
21789,teste
16856,teste
9481,teste
2345,teste
25299,teste
15870,teste
2514,teste
15919,teste
23645,teste
23886,teste
24524,teste
4295,teste
29781,teste
1810,teste
2389,teste
12371,teste
23331,teste
11486,teste
29929,teste
22188,teste
32533,teste
10682,teste
25626,teste
15753,teste
14157,teste
1499,teste
25932,teste
1993,teste
24428,teste
6482,teste
8399,teste
29071,teste
2444,teste
13337,teste
16563,teste
21836,teste
13120,teste
22128,teste
31833,teste
18986,teste
6355,teste
8573,teste
24145,teste
14512,teste
17408,teste
29132,teste
10657,teste
23488,teste
16792,teste
26088,teste
17893,teste
16341,teste
23360,teste
21660,teste
18189,teste
3068,teste
8027,teste
15745,teste
30612,teste
21664,teste
7428,teste
5686,teste
20085,teste
24560,teste
8762,teste
27581,teste
22573,teste
13491,teste
20636,teste
17447,teste
25504,teste
11935,teste
28315,teste
31314,teste
17231,teste
15507,teste
564,teste
10563,teste
18690,teste
1221,teste
25770,teste
25381,teste
25907,teste
14239,teste
15574,teste
15123,teste
30734,teste
28333,teste
6474,teste
18868,teste
19384,teste
17463,teste
28816,teste
26246,teste
25422,teste
8131,teste
31443,teste
6307,teste
19204,teste
3112,teste
32252,teste
7945,teste
27740,teste
28024,teste
26838,teste
31409,teste
10646,teste
11231,teste
27824,teste
1577,teste
22881,teste
4951,teste
7191,teste
501,teste
18669,teste
11309,teste
5247,teste
1170,teste
14029,teste
22593,teste
26001,teste
4528,teste
28654,teste
18590,teste
22604,teste
31312,teste
18860,teste
24847,teste
21275,teste
28013,teste
31639,teste
24776,teste
30647,teste
27424,teste
2333,teste
3118,teste
899,teste
22539,teste
1282,teste
15445,teste
6697,teste
14960,teste
11744,teste
27967,teste
9232,teste
15416,teste
6105,teste
5069,teste
25804,teste
3934,teste
16212,teste
15435,teste
9442,teste
10693,teste
1629,teste
18761,teste
9080,teste
27729,teste
30128,teste
30875,teste
737,teste
15710,teste
3758,teste
9983,teste
2268,teste
4096,teste
20275,teste
4132,teste
19201,teste
29407,teste
31498,teste
22429,teste
16964,teste
65,teste
23979,teste
1570,teste
17545,teste
15699,teste
24539,teste
21532,teste
4781,teste
14739,teste
635,teste
3623,teste
14742,teste
30240,teste
23055,teste
15058,teste
21490,teste
7784,teste
24708,teste
4477,teste
5279,teste
28162,teste
11327,teste
11411,teste
19236,teste
24422,teste
21250,teste
7387,teste
15011,teste
25835,teste
6283,teste
14821,teste
10451,teste
19784,teste
15495,teste
857,teste
13654,teste
29725,teste
6348,teste
9858,teste
8298,teste
20354,teste
15764,teste
14759,teste
28710,teste
17017,teste
17586,teste
22611,teste
17761,teste
5947,teste
22391,teste
28684,teste
8814,teste
29978,teste
7569,teste
24772,teste
30447,teste
24034,teste
27767,teste
492,teste
30203,teste
24402,teste
21140,teste
26540,teste
24778,teste
15396,teste
12327,teste
16193,teste
10761,teste
32089,teste
5818,teste
5546,teste
28427,teste
6181,teste
31522,teste
29909,teste
21680,teste
30864,teste
23275,teste
6800,teste
30033,teste
23653,teste
23624,teste
8269,teste
24366,teste
1942,teste
31888,teste
1980,teste
20977,teste
32486,teste
14372,teste
6678,teste
7208,teste
32517,teste
24960,teste
3251,teste
17690,teste
12961,teste
2251,teste
7454,teste
27005,teste
23254,teste
22317,teste
10007,teste
28693,teste
17763,teste
749,teste
4272,teste
13841,teste
14057,teste
17119,teste
17958,teste
2849,teste
10110,teste
28689,teste
11497,teste
27422,teste
8303,teste
26061,teste
15744,teste
8196,teste
31643,teste
27089,teste
31162,teste
19890,teste
27801,teste
24091,teste
2221,teste
26700,teste
27032,teste
2403,teste
12901,teste
4685,teste
15433,teste
29592,teste
19935,teste
31768,teste
4751,teste
19407,teste
17337,teste
14883,teste
5303,teste
25237,teste
10932,teste
12321,teste
1839,teste
8363,teste
8393,teste
26143,teste
25337,teste
13686,teste
21267,teste
6726,teste
20552,teste
5173,teste
31216,teste
19187,teste
3205,teste
11955,teste
15171,teste
9096,teste
1886,teste
10989,teste
10475,teste
29232,teste
2827,teste
4897,teste
31149,teste
20687,teste
9400,teste
11596,teste
27816,teste
17574,teste
12191,teste
29697,teste
278,teste
19067,teste
15373,teste
16705,teste
14878,teste
23415,teste
16606,teste
26616,teste
10026,teste
30964,teste
1567,teste
22293,teste
3162,teste
31711,teste
7495,teste
31770,teste
24787,teste
14884,teste
5214,teste
11298,teste
402,teste
25535,teste
28470,teste
17413,teste
26015,teste
15028,teste
11389,teste
32432,teste
21583,teste
7053,teste
31526,teste
173,teste
9637,teste
22210,teste
25788,teste
23991,teste
31715,teste
2837,teste
28291,teste
7160,teste
21283,teste
24859,teste
21922,teste
28549,teste
2548,teste
10813,teste
16208,teste
5666,teste
22651,teste
12604,teste
26382,teste
28873,teste
31495,teste
25776,teste
24693,teste
26673,teste
3166,teste
7506,teste
31098,teste
21070,teste
5569,teste
29620,teste
30797,teste
813,teste
23932,teste
26186,teste
394,teste
6199,teste
14961,teste
3481,teste
8284,teste
1754,teste
19180,teste
5449,teste
24589,teste
3737,teste
9667,teste
5848,teste
10867,teste
24985,teste
1898,teste
26846,teste
14296,teste
6258,teste
24356,teste
22564,teste
12655,teste
19833,teste
31896,teste
9386,teste
9969,teste
27088,teste
29641,teste
14696,teste
18141,teste
10405,teste
27465,teste
1615,teste
19654,teste
2708,teste
2967,teste
4185,teste
22736,teste
27036,teste
11368,teste
26919,teste
25397,teste
8969,teste
24596,teste
17224,teste
21818,teste
5257,teste
28863,teste
14294,teste
9597,teste
31380,teste
30645,teste
11167,teste
14987,teste
26547,teste
7372,teste
4044,teste
24846,teste
21578,teste
20594,teste
19731,teste
13209,teste
10690,teste
19930,teste
7555,teste
1867,teste
9784,teste
11858,teste
31638,teste
21462,teste
22660,teste
5687,teste
16300,teste
23459,teste
2335,teste
25555,teste
4302,teste
24534,teste
7591,teste
18573,teste
7702,teste
6931,teste
3784,teste
14145,teste
22525,teste
23729,teste
21397,teste
29455,teste
2352,teste
3148,teste
23635,teste
7642,teste
399,teste
14635,teste
1123,teste
11536,teste
8737,teste
20891,teste
15729,teste
1396,teste
10839,teste
22758,teste
6327,teste
16677,teste
21313,teste
11941,teste
2164,teste
26892,teste
23234,teste
25719,teste
25961,teste
8604,teste
3670,teste
6112,teste
12911,teste
26876,teste
29868,teste
6082,teste
22244,teste
7764,teste
9103,teste
27302,teste
25752,teste
29179,teste
6200,teste
18651,teste
25778,teste
14262,teste
7332,teste
15462,teste
795,teste
27717,teste
13462,teste
8855,teste
29111,teste
12119,teste
20426,teste
24575,teste
6804,teste
28185,teste
3130,teste
16445,teste
16513,teste
9118,teste
14901,teste
22365,teste
7631,teste
8901,teste
202,teste
26609,teste
10480,teste
28984,teste
25069,teste
2649,teste
16160,teste
13923,teste
32093,teste
6459,teste
31304,teste
28438,teste
24066,teste
28874,teste
9652,teste
9239,teste
25256,teste
30626,teste
31246,teste
8382,teste
12756,teste
30148,teste
27720,teste
6253,teste
18796,teste
17166,teste
31300,teste
17458,teste
23686,teste
14042,teste
9277,teste
27446,teste
13376,teste
30329,teste
30973,teste
31045,teste
12035,teste
7285,teste
30984,teste
28881,teste
17474,teste
19895,teste
8888,teste
2897,teste
17623,teste
25368,teste
1614,teste
11920,teste
26462,teste
30197,teste
32425,teste
4893,teste
20051,teste
967,teste
2106,teste
10025,teste
22223,teste
16394,teste
30907,teste
6230,teste
24633,teste
29246,teste
22663,teste
32149,teste
31052,teste
8453,teste
27472,teste
15766,teste
29478,teste
1364,teste
10043,teste
13273,teste
28756,teste
15821,teste
2735,teste
15627,teste
3248,teste
28367,teste
6693,teste
7133,teste
4235,teste
22311,teste
147,teste
6808,teste
11334,teste
23923,teste
14905,teste
24909,teste
8415,teste
11779,teste
16020,teste
3787,teste
28651,teste
23490,teste
31974,teste
18058,teste
2020,teste
25859,teste
9353,teste
27067,teste
4168,teste
3246,teste
14457,teste
20595,teste
10188,teste
2961,teste
30439,teste
4965,teste
26622,teste
29775,teste
24118,teste
25372,teste
21052,teste
5573,teste
30485,teste
24314,teste
23520,teste
2790,teste
32040,teste
4904,teste
27840,teste
21841,teste
24851,teste
1703,teste
26296,teste
26036,teste
21308,teste
24857,teste
25764,teste
29406,teste
15523,teste
15252,teste
30638,teste
13791,teste
928,teste
2502,teste
22208,teste
23919,teste
3060,teste
14790,teste
5836,teste
3636,teste
17814,teste
24096,teste
29624,teste
23149,teste
2832,teste
11428,teste
13636,teste
26813,teste
11959,teste
32299,teste
23540,teste
22027,teste
15468,teste
23319,teste
13931,teste
28801,teste
2730,teste
15793,teste
23140,teste
1147,teste
4439,teste
23874,teste
14743,teste
4970,teste
21665,teste
17822,teste
31743,teste
22613,teste
17850,teste
4130,teste
17137,teste
27360,teste
9215,teste
9475,teste
16117,teste
1326,teste
31056,teste
12259,teste
25908,teste
18440,teste
1514,teste
15224,teste
29832,teste
24309,teste
21831,teste
3482,teste
2900,teste
21477,teste
19955,teste
11606,teste
14886,teste
8645,teste
15795,teste
10142,teste
28110,teste
5372,teste
19527,teste
15423,teste
21457,teste
8234,teste
24336,teste
25377,teste
2400,teste
8459,teste
26536,teste
8514,teste
5055,teste
26714,teste
18732,teste
6216,teste
17919,teste
6322,teste
30976,teste
3725,teste
29817,teste
8389,teste
13392,teste
30695,teste
29329,teste
30987,teste
2929,teste
15550,teste
8097,teste
20241,teste
18105,teste
22642,teste
20097,teste
17460,teste
3142,teste
9818,teste
21016,teste
12910,teste
32074,teste
20372,teste
15644,teste
28600,teste
26980,teste
1573,teste
32160,teste
7587,teste
1726,teste
27798,teste
2074,teste
27709,teste
25297,teste
19418,teste
31230,teste
16125,teste
6556,teste
18828,teste
4548,teste
12279,teste
15598,teste
18966,teste
15968,teste
21495,teste
12893,teste
22253,teste
11230,teste
30774,teste
28366,teste
7634,teste
1951,teste
24968,teste
22,teste
1883,teste
6779,teste
30149,teste
20647,teste
18353,teste
24698,teste
10669,teste
24249,teste
8956,teste
7774,teste
9733,teste
31772,teste
8678,teste
26284,teste
19906,teste
20815,teste
30112,teste
28731,teste
2942,teste
28896,teste
24844,teste
32567,teste
17155,teste
24292,teste
14342,teste
14839,teste
23194,teste
18294,teste
15724,teste
1048,teste
19994,teste
24311,teste
29892,teste
16732,teste
17556,teste
3924,teste
31516,teste
20190,teste
22207,teste
10819,teste
18811,teste
31853,teste
5319,teste
18057,teste
5023,teste
20114,teste
7359,teste
21726,teste
6297,teste
16401,teste
11262,teste
2300,teste
8397,teste
13591,teste
17563,teste
563,teste
18018,teste
5601,teste
5909,teste
19362,teste
23667,teste
31830,teste
23359,teste
5346,teste
22310,teste
7494,teste
21385,teste
5494,teste
23875,teste
8889,teste
4071,teste
9563,teste
15333,teste
22184,teste
21363,teste
32232,teste
27523,teste
7852,teste
21251,teste
31759,teste
6329,teste
30594,teste
